$comment
	File created using the following command:
		vcd file week14.msim.vcd -direction
$end
$date
	Tue May 20 16:04:19 2025
$end
$version
	ModelSim Version 2020.1
$end
$timescale
	1ps
$end

$scope module test5_vlg_vec_tst $end
$var reg 1 ! CLK $end
$var reg 1 " CLR $end
$var reg 1 # i $end
$var reg 1 $ PRS $end
$var wire 1 % Q [9] $end
$var wire 1 & Q [8] $end
$var wire 1 ' Q [7] $end
$var wire 1 ( Q [6] $end
$var wire 1 ) Q [5] $end
$var wire 1 * Q [4] $end
$var wire 1 + Q [3] $end
$var wire 1 , Q [2] $end
$var wire 1 - Q [1] $end
$var wire 1 . Q [0] $end
$var wire 1 / RE $end

$scope module i1 $end
$var wire 1 0 gnd $end
$var wire 1 1 vcc $end
$var wire 1 2 unknown $end
$var tri1 1 3 devclrn $end
$var tri1 1 4 devpor $end
$var tri1 1 5 devoe $end
$var wire 1 6 RE~output_o $end
$var wire 1 7 Q[9]~output_o $end
$var wire 1 8 Q[8]~output_o $end
$var wire 1 9 Q[7]~output_o $end
$var wire 1 : Q[6]~output_o $end
$var wire 1 ; Q[5]~output_o $end
$var wire 1 < Q[4]~output_o $end
$var wire 1 = Q[3]~output_o $end
$var wire 1 > Q[2]~output_o $end
$var wire 1 ? Q[1]~output_o $end
$var wire 1 @ Q[0]~output_o $end
$var wire 1 A CLK~input_o $end
$var wire 1 B PRS~input_o $end
$var wire 1 C CLR~input_o $end
$var wire 1 D inst|inst2|inst1|inst|inst~1_combout $end
$var wire 1 E i~input_o $end
$var wire 1 F inst|inst|inst|inst|inst|inst~3_combout $end
$var wire 1 G inst|inst|inst|inst|inst|inst~1_combout $end
$var wire 1 H inst|inst2|inst1|inst|inst~0_combout $end
$var wire 1 I inst|inst|inst|inst|inst|inst~_emulated_q $end
$var wire 1 J inst|inst|inst|inst|inst|inst~0_combout $end
$var wire 1 K inst|inst|inst|inst1|inst|inst~1_combout $end
$var wire 1 L inst|inst|inst|inst1|inst|inst~_emulated_q $end
$var wire 1 M inst|inst|inst|inst1|inst|inst~0_combout $end
$var wire 1 N inst|inst|inst|inst2~0_combout $end
$var wire 1 O inst|inst|inst1|inst|inst|inst~1_combout $end
$var wire 1 P inst|inst|inst1|inst|inst|inst~_emulated_q $end
$var wire 1 Q inst|inst|inst1|inst|inst|inst~0_combout $end
$var wire 1 R inst|inst|inst2~1_combout $end
$var wire 1 S inst|inst|inst1|inst1|inst|inst~1_combout $end
$var wire 1 T inst|inst|inst1|inst1|inst|inst~_emulated_q $end
$var wire 1 U inst|inst|inst1|inst1|inst|inst~0_combout $end
$var wire 1 V inst|inst1|inst|inst|inst|inst~3_combout $end
$var wire 1 W inst|inst1|inst|inst|inst|inst~1_combout $end
$var wire 1 X inst|inst1|inst|inst|inst|inst~_emulated_q $end
$var wire 1 Y inst|inst1|inst|inst|inst|inst~0_combout $end
$var wire 1 Z inst|inst|inst2~0_combout $end
$var wire 1 [ inst|inst1|inst|inst1|inst|inst~1_combout $end
$var wire 1 \ inst|inst1|inst|inst1|inst|inst~_emulated_q $end
$var wire 1 ] inst|inst1|inst|inst1|inst|inst~0_combout $end
$var wire 1 ^ inst|inst1|inst2~0_combout $end
$var wire 1 _ inst|inst1|inst1|inst|inst|inst~1_combout $end
$var wire 1 ` inst|inst1|inst1|inst|inst|inst~_emulated_q $end
$var wire 1 a inst|inst1|inst1|inst|inst|inst~0_combout $end
$var wire 1 b inst|inst1|inst1|inst1|inst|inst~1_combout $end
$var wire 1 c inst|inst1|inst1|inst1|inst|inst~_emulated_q $end
$var wire 1 d inst|inst1|inst1|inst1|inst|inst~0_combout $end
$var wire 1 e inst|inst2|inst|inst|inst~1_combout $end
$var wire 1 f inst|inst2|inst|inst|inst~_emulated_q $end
$var wire 1 g inst|inst2|inst|inst|inst~0_combout $end
$var wire 1 h inst|inst2|inst1|inst|inst~5_combout $end
$var wire 1 i inst|inst2|inst1|inst|inst~3_combout $end
$var wire 1 j inst|inst2|inst1|inst|inst~_emulated_q $end
$var wire 1 k inst|inst2|inst1|inst|inst~2_combout $end
$var wire 1 l inst|inst2|inst3~0_combout $end
$upscope $end
$upscope $end
$enddefinitions $end
#0
$dumpvars
0!
1"
1#
1$
x.
x-
x,
x+
x*
x)
x(
x'
x&
x%
x/
00
11
x2
13
14
15
x6
x7
x8
x9
x:
x;
x<
x=
x>
x?
x@
0A
1B
1C
xD
1E
xF
xG
0H
0I
xJ
xK
0L
xM
xN
xO
0P
xQ
xR
xS
0T
xU
xV
xW
0X
xY
xZ
x[
0\
x]
x^
x_
0`
xa
xb
0c
xd
xe
0f
xg
xh
xi
0j
xk
xl
$end
#10000
1!
1A
xj
xf
xc
x`
x\
xX
xT
xP
xL
xI
#20000
0!
0A
#30000
1!
1A
#40000
0"
0$
0!
0C
0B
0A
1H
0D
0k
0g
0d
0a
0]
0Y
0U
0Q
0M
0J
0@
0?
0>
0=
0<
0;
0:
09
08
07
0^
0Z
0V
0R
0N
1F
0h
0%
0&
0'
0(
0)
0*
0+
0,
0-
0.
0i
0e
0b
0_
0[
0S
0O
0K
0l
06
0/
1G
0W
0I
0L
0P
0T
0X
0\
0`
0c
0f
0j
#50000
1!
1A
#60000
0!
0A
#70000
1!
1A
#80000
0!
0A
#90000
1!
1A
#100000
1$
0!
1B
0A
#110000
1!
1A
#120000
0!
0A
#130000
1!
1A
#140000
0!
0A
#150000
1!
1A
#160000
1"
0!
1C
0A
0H
#170000
1!
1A
1I
1J
1@
1N
0F
1.
1K
0G
#180000
0!
0A
#190000
1!
1A
1L
0I
0J
1M
1?
0@
0N
1F
0.
1-
1O
1G
0O
#200000
0!
0A
#210000
1!
1A
1I
1J
1@
1R
1N
0F
1.
0K
0G
1O
#220000
0!
0A
#230000
1!
1A
1P
0L
0I
0J
0M
1Q
1>
0?
0@
0R
0N
1F
0.
0-
1,
1S
1G
0S
#240000
0!
0A
#250000
1!
1A
1I
1J
1@
1N
0F
1.
1K
0G
#260000
0!
0A
#270000
1!
1A
1L
0I
0J
1M
1?
0@
0N
1F
0.
1-
0O
1G
1O
#280000
0!
0A
#290000
1!
1A
1I
1J
1@
1R
1N
0F
1.
0K
0G
0O
1S
#300000
0!
0A
#310000
1!
1A
1T
0P
0L
0I
0J
0M
0Q
1U
1=
0>
0?
0@
0R
0N
1F
0.
0-
0,
1+
1G
#320000
0!
0A
#330000
1!
1A
1I
1J
1@
1N
0F
1.
1K
0G
#340000
0!
0A
#350000
1!
1A
1L
0I
0J
1M
1?
0@
0N
1F
0.
1-
1O
1G
0O
#360000
0!
0A
#370000
1!
1A
1I
1J
1@
1R
1N
0F
1.
0K
0G
1O
#380000
0!
0A
#390000
1!
1A
1P
0L
0I
0J
0M
1Q
1>
0?
0@
0R
0N
1F
0.
0-
1,
0S
1G
1S
#400000
0!
0A
#410000
1!
1A
1I
1J
1@
1N
0F
1.
1K
0G
#420000
0!
0A
#430000
1!
1A
1L
0I
0J
1M
1?
0@
0N
1F
0.
1-
0O
1G
1O
#440000
0!
0A
#450000
1!
1A
1I
1J
1@
1Z
1V
1R
1N
0F
1.
0K
0G
0O
0S
1W
#460000
0!
0A
#470000
1!
1A
1X
0T
0P
0L
0I
0J
0M
0Q
0U
1Y
1<
0=
0>
0?
0@
0Z
0R
0N
1F
0.
0-
0,
0+
1*
1[
1G
0[
#480000
0!
0A
#490000
1!
1A
1I
1J
1@
1N
0F
1.
1K
0G
#500000
0!
0A
#510000
1!
1A
1L
0I
0J
1M
1?
0@
0N
1F
0.
1-
1O
1G
0O
#520000
0!
0A
#530000
1!
1A
1I
1J
1@
1R
1N
0F
1.
0K
0G
1O
#540000
0!
0A
#550000
1!
1A
1P
0L
0I
0J
0M
1Q
1>
0?
0@
0R
0N
1F
0.
0-
1,
1S
1G
0S
#560000
0!
0A
#570000
1!
1A
1I
1J
1@
1N
0F
1.
1K
0G
#580000
0!
0A
#590000
1!
1A
1L
0I
0J
1M
1?
0@
0N
1F
0.
1-
0O
1G
1O
#600000
0!
0A
#610000
1!
1A
1I
1J
1@
1R
1N
0F
1.
0K
0G
0O
1S
#620000
0!
0A
#630000
1!
1A
1T
0P
0L
0I
0J
0M
0Q
1U
1=
0>
0?
0@
0R
0N
1F
0.
0-
0,
1+
1G
#640000
0!
0A
#650000
1!
1A
1I
1J
1@
1N
0F
1.
1K
0G
#660000
0!
0A
#670000
1!
1A
1L
0I
0J
1M
1?
0@
0N
1F
0.
1-
1O
1G
0O
#680000
0!
0A
#690000
1!
1A
1I
1J
1@
1R
1N
0F
1.
0K
0G
1O
#700000
0!
0A
#710000
1!
1A
1P
0L
0I
0J
0M
1Q
1>
0?
0@
0R
0N
1F
0.
0-
1,
0S
1G
1S
#720000
0!
0A
#730000
1!
1A
1I
1J
1@
1N
0F
1.
1K
0G
#740000
0!
0A
#750000
1!
1A
1L
0I
0J
1M
1?
0@
0N
1F
0.
1-
0O
1G
1O
#760000
0!
0A
#770000
1!
1A
1I
1J
1@
1^
1Z
0V
1R
1N
0F
1.
0K
0G
0O
0S
0W
1[
#780000
0!
0A
#790000
1!
1A
1\
0X
0T
0P
0L
0I
0J
0M
0Q
0U
0Y
1]
1;
0<
0=
0>
0?
0@
0^
0Z
0R
0N
1F
0.
0-
0,
0+
0*
1)
1_
1G
0_
#800000
0!
0A
#810000
1!
1A
1I
1J
1@
1N
0F
1.
1K
0G
#820000
0!
0A
#830000
1!
1A
1L
0I
0J
1M
1?
0@
0N
1F
0.
1-
1O
1G
0O
#840000
0!
0A
#850000
1!
1A
1I
1J
1@
1R
1N
0F
1.
0K
0G
1O
#860000
0!
0A
#870000
1!
1A
1P
0L
0I
0J
0M
1Q
1>
0?
0@
0R
0N
1F
0.
0-
1,
1S
1G
0S
#880000
0!
0A
#890000
1!
1A
1I
1J
1@
1N
0F
1.
1K
0G
#900000
0!
0A
#910000
1!
1A
1L
0I
0J
1M
1?
0@
0N
1F
0.
1-
0O
1G
1O
#920000
0!
0A
#930000
1!
1A
1I
1J
1@
1R
1N
0F
1.
0K
0G
0O
1S
#940000
0!
0A
#950000
1!
1A
1T
0P
0L
0I
0J
0M
0Q
1U
1=
0>
0?
0@
0R
0N
1F
0.
0-
0,
1+
1G
#960000
0!
0A
#970000
1!
1A
1I
1J
1@
1N
0F
1.
1K
0G
#980000
0!
0A
#990000
1!
1A
1L
0I
0J
1M
1?
0@
0N
1F
0.
1-
1O
1G
0O
#1000000
0!
0A
#1010000
1!
1A
1I
1J
1@
1R
1N
0F
1.
0K
0G
1O
#1020000
0!
0A
#1030000
1!
1A
1P
0L
0I
0J
0M
1Q
1>
0?
0@
0R
0N
1F
0.
0-
1,
0S
1G
1S
#1040000
0!
0A
#1050000
1!
1A
1I
1J
1@
1N
0F
1.
1K
0G
#1060000
0!
0A
#1070000
1!
1A
1L
0I
0J
1M
1?
0@
0N
1F
0.
1-
0O
1G
1O
#1080000
0!
0A
#1090000
1!
1A
1I
1J
1@
1Z
1V
1R
1N
0F
1.
0K
0G
0O
0S
1W
#1100000
0!
0A
#1110000
1!
1A
1X
0T
0P
0L
0I
0J
0M
0Q
0U
1Y
1<
0=
0>
0?
0@
0Z
0R
0N
1F
0.
0-
0,
0+
1*
0[
1G
1[
#1120000
0!
0A
#1130000
1!
1A
1I
1J
1@
1N
0F
1.
1K
0G
#1140000
0!
0A
#1150000
1!
1A
1L
0I
0J
1M
1?
0@
0N
1F
0.
1-
1O
1G
0O
#1160000
0!
0A
#1170000
1!
1A
1I
1J
1@
1R
1N
0F
1.
0K
0G
1O
#1180000
0!
0A
#1190000
1!
1A
1P
0L
0I
0J
0M
1Q
1>
0?
0@
0R
0N
1F
0.
0-
1,
1S
1G
0S
#1200000
0!
0A
#1210000
1!
1A
1I
1J
1@
1N
0F
1.
1K
0G
#1220000
0!
0A
#1230000
1!
1A
1L
0I
0J
1M
1?
0@
0N
1F
0.
1-
0O
1G
1O
#1240000
0!
0A
#1250000
1!
1A
1I
1J
1@
1R
1N
0F
1.
0K
0G
0O
1S
#1260000
0!
0A
#1270000
1!
1A
1T
0P
0L
0I
0J
0M
0Q
1U
1=
0>
0?
0@
0R
0N
1F
0.
0-
0,
1+
1G
#1280000
0!
0A
#1290000
1!
1A
1I
1J
1@
1N
0F
1.
1K
0G
#1300000
0!
0A
#1310000
1!
1A
1L
0I
0J
1M
1?
0@
0N
1F
0.
1-
1O
1G
0O
#1320000
0!
0A
#1330000
1!
1A
1I
1J
1@
1R
1N
0F
1.
0K
0G
1O
#1340000
0!
0A
#1350000
1!
1A
1P
0L
0I
0J
0M
1Q
1>
0?
0@
0R
0N
1F
0.
0-
1,
0S
1G
1S
#1360000
0!
0A
#1370000
1!
1A
1I
1J
1@
1N
0F
1.
1K
0G
#1380000
0!
0A
#1390000
1!
1A
1L
0I
0J
1M
1?
0@
0N
1F
0.
1-
0O
1G
1O
#1400000
0!
0A
#1410000
1!
1A
1I
1J
1@
1^
1Z
0V
1R
1N
0F
1.
0K
0G
0O
0S
0W
0[
1_
#1420000
0!
0A
#1430000
1!
1A
1`
0\
0X
0T
0P
0L
0I
0J
0M
0Q
0U
0Y
0]
1a
1:
0;
0<
0=
0>
0?
0@
0^
0Z
0R
0N
1F
0.
0-
0,
0+
0*
0)
1(
1G
#1440000
0!
0A
#1450000
1!
1A
1I
1J
1@
1N
0F
1.
1K
0G
#1460000
0!
0A
#1470000
1!
1A
1L
0I
0J
1M
1?
0@
0N
1F
0.
1-
1O
1G
0O
#1480000
0!
0A
#1490000
1!
1A
1I
1J
1@
1R
1N
0F
1.
0K
0G
1O
#1500000
0!
0A
#1510000
1!
1A
1P
0L
0I
0J
0M
1Q
1>
0?
0@
0R
0N
1F
0.
0-
1,
1S
1G
0S
#1520000
0!
0A
#1530000
1!
1A
1I
1J
1@
1N
0F
1.
1K
0G
#1540000
0!
0A
#1550000
1!
1A
1L
0I
0J
1M
1?
0@
0N
1F
0.
1-
0O
1G
1O
#1560000
0!
0A
#1570000
1!
1A
1I
1J
1@
1R
1N
0F
1.
0K
0G
0O
1S
#1580000
0!
0A
#1590000
1!
1A
1T
0P
0L
0I
0J
0M
0Q
1U
1=
0>
0?
0@
0R
0N
1F
0.
0-
0,
1+
1G
#1600000
0!
0A
#1610000
1!
1A
1I
1J
1@
1N
0F
1.
1K
0G
#1620000
0!
0A
#1630000
1!
1A
1L
0I
0J
1M
1?
0@
0N
1F
0.
1-
1O
1G
0O
#1640000
0!
0A
#1650000
1!
1A
1I
1J
1@
1R
1N
0F
1.
0K
0G
1O
#1660000
0!
0A
#1670000
1!
1A
1P
0L
0I
0J
0M
1Q
1>
0?
0@
0R
0N
1F
0.
0-
1,
0S
1G
1S
#1680000
0!
0A
#1690000
1!
1A
1I
1J
1@
1N
0F
1.
1K
0G
#1700000
0!
0A
#1710000
1!
1A
1L
0I
0J
1M
1?
0@
0N
1F
0.
1-
0O
1G
1O
#1720000
0!
0A
#1730000
1!
1A
1I
1J
1@
1Z
1V
1R
1N
0F
1.
0K
0G
0O
0S
1W
#1740000
0!
0A
#1750000
1!
1A
1X
0T
0P
0L
0I
0J
0M
0Q
0U
1Y
1<
0=
0>
0?
0@
0Z
0R
0N
1F
0.
0-
0,
0+
1*
1[
1G
0[
#1760000
0!
0A
#1770000
1!
1A
1I
1J
1@
1N
0F
1.
1K
0G
#1780000
0!
0A
#1790000
1!
1A
1L
0I
0J
1M
1?
0@
0N
1F
0.
1-
1O
1G
0O
#1800000
0!
0A
#1810000
1!
1A
1I
1J
1@
1R
1N
0F
1.
0K
0G
1O
#1820000
0!
0A
#1830000
1!
1A
1P
0L
0I
0J
0M
1Q
1>
0?
0@
0R
0N
1F
0.
0-
1,
1S
1G
0S
#1840000
0!
0A
#1850000
1!
1A
1I
1J
1@
1N
0F
1.
1K
0G
#1860000
0!
0A
#1870000
1!
1A
1L
0I
0J
1M
1?
0@
0N
1F
0.
1-
0O
1G
1O
#1880000
0!
0A
#1890000
1!
1A
1I
1J
1@
1R
1N
0F
1.
0K
0G
0O
1S
#1900000
0!
0A
#1910000
1!
1A
1T
0P
0L
0I
0J
0M
0Q
1U
1=
0>
0?
0@
0R
0N
1F
0.
0-
0,
1+
1G
#1920000
0!
0A
#1930000
1!
1A
1I
1J
1@
1N
0F
1.
1K
0G
#1940000
0!
0A
#1950000
1!
1A
1L
0I
0J
1M
1?
0@
0N
1F
0.
1-
1O
1G
0O
#1960000
0!
0A
#1970000
1!
1A
1I
1J
1@
1R
1N
0F
1.
0K
0G
1O
#1980000
0!
0A
#1990000
1!
1A
1P
0L
0I
0J
0M
1Q
1>
0?
0@
0R
0N
1F
0.
0-
1,
0S
1G
1S
#2000000
0!
0A
#2010000
1!
1A
1I
1J
1@
1N
0F
1.
1K
0G
#2020000
0!
0A
#2030000
1!
1A
1L
0I
0J
1M
1?
0@
0N
1F
0.
1-
0O
1G
1O
#2040000
0!
0A
#2050000
1!
1A
1I
1J
1@
1^
1Z
0V
1R
1N
0F
1.
0K
0G
0O
0S
0W
1[
#2060000
0!
0A
#2070000
1!
1A
1\
0X
0T
0P
0L
0I
0J
0M
0Q
0U
0Y
1]
1;
0<
0=
0>
0?
0@
0^
0Z
0R
0N
1F
0.
0-
0,
0+
0*
1)
1b
0_
1G
0b
1_
#2080000
0!
0A
#2090000
1!
1A
1I
1J
1@
1N
0F
1.
1K
0G
#2100000
0!
0A
#2110000
1!
1A
1L
0I
0J
1M
1?
0@
0N
1F
0.
1-
1O
1G
0O
#2120000
0!
0A
#2130000
1!
1A
1I
1J
1@
1R
1N
0F
1.
0K
0G
1O
#2140000
0!
0A
#2150000
1!
1A
1P
0L
0I
0J
0M
1Q
1>
0?
0@
0R
0N
1F
0.
0-
1,
1S
1G
0S
#2160000
0!
0A
#2170000
1!
1A
1I
1J
1@
1N
0F
1.
1K
0G
#2180000
0!
0A
#2190000
1!
1A
1L
0I
0J
1M
1?
0@
0N
1F
0.
1-
0O
1G
1O
#2200000
0!
0A
#2210000
1!
1A
1I
1J
1@
1R
1N
0F
1.
0K
0G
0O
1S
#2220000
0!
0A
#2230000
1!
1A
1T
0P
0L
0I
0J
0M
0Q
1U
1=
0>
0?
0@
0R
0N
1F
0.
0-
0,
1+
1G
#2240000
0!
0A
#2250000
1!
1A
1I
1J
1@
1N
0F
1.
1K
0G
#2260000
0!
0A
#2270000
1!
1A
1L
0I
0J
1M
1?
0@
0N
1F
0.
1-
1O
1G
0O
#2280000
0!
0A
#2290000
1!
1A
1I
1J
1@
1R
1N
0F
1.
0K
0G
1O
#2300000
0!
0A
#2310000
1!
1A
1P
0L
0I
0J
0M
1Q
1>
0?
0@
0R
0N
1F
0.
0-
1,
0S
1G
1S
#2320000
0!
0A
#2330000
1!
1A
1I
1J
1@
1N
0F
1.
1K
0G
#2340000
0!
0A
#2350000
1!
1A
1L
0I
0J
1M
1?
0@
0N
1F
0.
1-
0O
1G
1O
#2360000
0!
0A
#2370000
1!
1A
1I
1J
1@
1Z
1V
1R
1N
0F
1.
0K
0G
0O
0S
1W
#2380000
0!
0A
#2390000
1!
1A
1X
0T
0P
0L
0I
0J
0M
0Q
0U
1Y
1<
0=
0>
0?
0@
0Z
0R
0N
1F
0.
0-
0,
0+
1*
0[
1G
1[
#2400000
0!
0A
#2410000
1!
1A
1I
1J
1@
1N
0F
1.
1K
0G
#2420000
0!
0A
#2430000
1!
1A
1L
0I
0J
1M
1?
0@
0N
1F
0.
1-
1O
1G
0O
#2440000
0!
0A
#2450000
1!
1A
1I
1J
1@
1R
1N
0F
1.
0K
0G
1O
#2460000
0!
0A
#2470000
1!
1A
1P
0L
0I
0J
0M
1Q
1>
0?
0@
0R
0N
1F
0.
0-
1,
1S
1G
0S
#2480000
0!
0A
#2490000
1!
1A
1I
1J
1@
1N
0F
1.
1K
0G
#2500000
0!
0A
#2510000
1!
1A
1L
0I
0J
1M
1?
0@
0N
1F
0.
1-
0O
1G
1O
#2520000
0!
0A
#2530000
1!
1A
1I
1J
1@
1R
1N
0F
1.
0K
0G
0O
1S
#2540000
0!
0A
#2550000
1!
1A
1T
0P
0L
0I
0J
0M
0Q
1U
1=
0>
0?
0@
0R
0N
1F
0.
0-
0,
1+
1G
#2560000
0!
0A
#2570000
1!
1A
1I
1J
1@
1N
0F
1.
1K
0G
#2580000
0!
0A
#2590000
1!
1A
1L
0I
0J
1M
1?
0@
0N
1F
0.
1-
1O
1G
0O
#2600000
0!
0A
#2610000
1!
1A
1I
1J
1@
1R
1N
0F
1.
0K
0G
1O
#2620000
0!
0A
#2630000
1!
1A
1P
0L
0I
0J
0M
1Q
1>
0?
0@
0R
0N
1F
0.
0-
1,
0S
1G
1S
#2640000
0!
0A
#2650000
1!
1A
1I
1J
1@
1N
0F
1.
1K
0G
#2660000
0!
0A
#2670000
1!
1A
1L
0I
0J
1M
1?
0@
0N
1F
0.
1-
0O
1G
1O
#2680000
0!
0A
#2690000
1!
1A
1I
1J
1@
1^
1Z
0V
1R
1N
0F
1.
0K
0G
0O
0S
0W
0[
1b
0_
#2700000
0!
0A
#2710000
1!
1A
1c
0`
0\
0X
0T
0P
0L
0I
0J
0M
0Q
0U
0Y
0]
0a
1d
19
0:
0;
0<
0=
0>
0?
0@
0^
0Z
0R
0N
1F
0.
0-
0,
0+
0*
0)
0(
1'
1G
#2720000
0!
0A
#2730000
1!
1A
1I
1J
1@
1N
0F
1.
1K
0G
#2740000
0!
0A
#2750000
1!
1A
1L
0I
0J
1M
1?
0@
0N
1F
0.
1-
1O
1G
0O
#2760000
0!
0A
#2770000
1!
1A
1I
1J
1@
1R
1N
0F
1.
0K
0G
1O
#2780000
0!
0A
#2790000
1!
1A
1P
0L
0I
0J
0M
1Q
1>
0?
0@
0R
0N
1F
0.
0-
1,
1S
1G
0S
#2800000
0!
0A
#2810000
1!
1A
1I
1J
1@
1N
0F
1.
1K
0G
#2820000
0!
0A
#2830000
1!
1A
1L
0I
0J
1M
1?
0@
0N
1F
0.
1-
0O
1G
1O
#2840000
0!
0A
#2850000
1!
1A
1I
1J
1@
1R
1N
0F
1.
0K
0G
0O
1S
#2860000
0!
0A
#2870000
1!
1A
1T
0P
0L
0I
0J
0M
0Q
1U
1=
0>
0?
0@
0R
0N
1F
0.
0-
0,
1+
1G
#2880000
0!
0A
#2890000
1!
1A
1I
1J
1@
1N
0F
1.
1K
0G
#2900000
0!
0A
#2910000
1!
1A
1L
0I
0J
1M
1?
0@
0N
1F
0.
1-
1O
1G
0O
#2920000
0!
0A
#2930000
1!
1A
1I
1J
1@
1R
1N
0F
1.
0K
0G
1O
#2940000
0!
0A
#2950000
1!
1A
1P
0L
0I
0J
0M
1Q
1>
0?
0@
0R
0N
1F
0.
0-
1,
0S
1G
1S
#2960000
0!
0A
#2970000
1!
1A
1I
1J
1@
1N
0F
1.
1K
0G
#2980000
0!
0A
#2990000
1!
1A
1L
0I
0J
1M
1?
0@
0N
1F
0.
1-
0O
1G
1O
#3000000
0!
0A
#3010000
1!
1A
1I
1J
1@
1Z
1V
1R
1N
0F
1.
0K
0G
0O
0S
1W
#3020000
0!
0A
#3030000
1!
1A
1X
0T
0P
0L
0I
0J
0M
0Q
0U
1Y
1<
0=
0>
0?
0@
0Z
0R
0N
1F
0.
0-
0,
0+
1*
1[
1G
0[
#3040000
0!
0A
#3050000
1!
1A
1I
1J
1@
1N
0F
1.
1K
0G
#3060000
0!
0A
#3070000
1!
1A
1L
0I
0J
1M
1?
0@
0N
1F
0.
1-
1O
1G
0O
#3080000
0!
0A
#3090000
1!
1A
1I
1J
1@
1R
1N
0F
1.
0K
0G
1O
#3100000
0!
0A
#3110000
1!
1A
1P
0L
0I
0J
0M
1Q
1>
0?
0@
0R
0N
1F
0.
0-
1,
1S
1G
0S
#3120000
0!
0A
#3130000
1!
1A
1I
1J
1@
1N
0F
1.
1K
0G
#3140000
0!
0A
#3150000
1!
1A
1L
0I
0J
1M
1?
0@
0N
1F
0.
1-
0O
1G
1O
#3160000
0!
0A
#3170000
1!
1A
1I
1J
1@
1R
1N
0F
1.
0K
0G
0O
1S
#3180000
0!
0A
#3190000
1!
1A
1T
0P
0L
0I
0J
0M
0Q
1U
1=
0>
0?
0@
0R
0N
1F
0.
0-
0,
1+
1G
#3200000
0!
0A
#3210000
1!
1A
1I
1J
1@
1N
0F
1.
1K
0G
#3220000
0!
0A
#3230000
1!
1A
1L
0I
0J
1M
1?
0@
0N
1F
0.
1-
1O
1G
0O
#3240000
0!
0A
#3250000
1!
1A
1I
1J
1@
1R
1N
0F
1.
0K
0G
1O
#3260000
0!
0A
#3270000
1!
1A
1P
0L
0I
0J
0M
1Q
1>
0?
0@
0R
0N
1F
0.
0-
1,
0S
1G
1S
#3280000
0!
0A
#3290000
1!
1A
1I
1J
1@
1N
0F
1.
1K
0G
#3300000
0!
0A
#3310000
1!
1A
1L
0I
0J
1M
1?
0@
0N
1F
0.
1-
0O
1G
1O
#3320000
0!
0A
#3330000
1!
1A
1I
1J
1@
1^
1Z
0V
1R
1N
0F
1.
0K
0G
0O
0S
0W
1[
#3340000
0!
0A
#3350000
1!
1A
1\
0X
0T
0P
0L
0I
0J
0M
0Q
0U
0Y
1]
1;
0<
0=
0>
0?
0@
0^
0Z
0R
0N
1F
0.
0-
0,
0+
0*
1)
1_
1G
0_
#3360000
0!
0A
#3370000
1!
1A
1I
1J
1@
1N
0F
1.
1K
0G
#3380000
0!
0A
#3390000
1!
1A
1L
0I
0J
1M
1?
0@
0N
1F
0.
1-
1O
1G
0O
#3400000
0!
0A
#3410000
1!
1A
1I
1J
1@
1R
1N
0F
1.
0K
0G
1O
#3420000
0!
0A
#3430000
1!
1A
1P
0L
0I
0J
0M
1Q
1>
0?
0@
0R
0N
1F
0.
0-
1,
1S
1G
0S
#3440000
0!
0A
#3450000
1!
1A
1I
1J
1@
1N
0F
1.
1K
0G
#3460000
0!
0A
#3470000
1!
1A
1L
0I
0J
1M
1?
0@
0N
1F
0.
1-
0O
1G
1O
#3480000
0!
0A
#3490000
1!
1A
1I
1J
1@
1R
1N
0F
1.
0K
0G
0O
1S
#3500000
0!
0A
#3510000
1!
1A
1T
0P
0L
0I
0J
0M
0Q
1U
1=
0>
0?
0@
0R
0N
1F
0.
0-
0,
1+
1G
#3520000
0!
0A
#3530000
1!
1A
1I
1J
1@
1N
0F
1.
1K
0G
#3540000
0!
0A
#3550000
1!
1A
1L
0I
0J
1M
1?
0@
0N
1F
0.
1-
1O
1G
0O
#3560000
0!
0A
#3570000
1!
1A
1I
1J
1@
1R
1N
0F
1.
0K
0G
1O
#3580000
0!
0A
#3590000
1!
1A
1P
0L
0I
0J
0M
1Q
1>
0?
0@
0R
0N
1F
0.
0-
1,
0S
1G
1S
#3600000
0!
0A
#3610000
1!
1A
1I
1J
1@
1N
0F
1.
1K
0G
#3620000
0!
0A
#3630000
1!
1A
1L
0I
0J
1M
1?
0@
0N
1F
0.
1-
0O
1G
1O
#3640000
0!
0A
#3650000
1!
1A
1I
1J
1@
1Z
1V
1R
1N
0F
1.
0K
0G
0O
0S
1W
#3660000
0!
0A
#3670000
1!
1A
1X
0T
0P
0L
0I
0J
0M
0Q
0U
1Y
1<
0=
0>
0?
0@
0Z
0R
0N
1F
0.
0-
0,
0+
1*
0[
1G
1[
#3680000
0!
0A
#3690000
1!
1A
1I
1J
1@
1N
0F
1.
1K
0G
#3700000
0!
0A
#3710000
1!
1A
1L
0I
0J
1M
1?
0@
0N
1F
0.
1-
1O
1G
0O
#3720000
0!
0A
#3730000
1!
1A
1I
1J
1@
1R
1N
0F
1.
0K
0G
1O
#3740000
0!
0A
#3750000
1!
1A
1P
0L
0I
0J
0M
1Q
1>
0?
0@
0R
0N
1F
0.
0-
1,
1S
1G
0S
#3760000
0!
0A
#3770000
1!
1A
1I
1J
1@
1N
0F
1.
1K
0G
#3780000
0!
0A
#3790000
1!
1A
1L
0I
0J
1M
1?
0@
0N
1F
0.
1-
0O
1G
1O
#3800000
0!
0A
#3810000
1!
1A
1I
1J
1@
1R
1N
0F
1.
0K
0G
0O
1S
#3820000
0!
0A
#3830000
1!
1A
1T
0P
0L
0I
0J
0M
0Q
1U
1=
0>
0?
0@
0R
0N
1F
0.
0-
0,
1+
1G
#3840000
0!
0A
#3850000
1!
1A
1I
1J
1@
1N
0F
1.
1K
0G
#3860000
0!
0A
#3870000
1!
1A
1L
0I
0J
1M
1?
0@
0N
1F
0.
1-
1O
1G
0O
#3880000
0!
0A
#3890000
1!
1A
1I
1J
1@
1R
1N
0F
1.
0K
0G
1O
#3900000
0!
0A
#3910000
1!
1A
1P
0L
0I
0J
0M
1Q
1>
0?
0@
0R
0N
1F
0.
0-
1,
0S
1G
1S
#3920000
0!
0A
#3930000
1!
1A
1I
1J
1@
1N
0F
1.
1K
0G
#3940000
0!
0A
#3950000
1!
1A
1L
0I
0J
1M
1?
0@
0N
1F
0.
1-
0O
1G
1O
#3960000
0!
0A
#3970000
1!
1A
1I
1J
1@
1^
1Z
0V
1R
1N
0F
1.
0K
0G
0O
0S
0W
0[
1_
#3980000
0!
0A
#3990000
1!
1A
1`
0\
0X
0T
0P
0L
0I
0J
0M
0Q
0U
0Y
0]
1a
1:
0;
0<
0=
0>
0?
0@
0^
0Z
0R
0N
1F
0.
0-
0,
0+
0*
0)
1(
1G
#4000000
0!
0A
#4010000
1!
1A
1I
1J
1@
1N
0F
1.
1K
0G
#4020000
0!
0A
#4030000
1!
1A
1L
0I
0J
1M
1?
0@
0N
1F
0.
1-
1O
1G
0O
#4040000
0!
0A
#4050000
1!
1A
1I
1J
1@
1R
1N
0F
1.
0K
0G
1O
#4060000
0!
0A
#4070000
1!
1A
1P
0L
0I
0J
0M
1Q
1>
0?
0@
0R
0N
1F
0.
0-
1,
1S
1G
0S
#4080000
0!
0A
#4090000
1!
1A
1I
1J
1@
1N
0F
1.
1K
0G
#4100000
0!
0A
#4110000
1!
1A
1L
0I
0J
1M
1?
0@
0N
1F
0.
1-
0O
1G
1O
#4120000
0!
0A
#4130000
1!
1A
1I
1J
1@
1R
1N
0F
1.
0K
0G
0O
1S
#4140000
0!
0A
#4150000
1!
1A
1T
0P
0L
0I
0J
0M
0Q
1U
1=
0>
0?
0@
0R
0N
1F
0.
0-
0,
1+
1G
#4160000
0!
0A
#4170000
1!
1A
1I
1J
1@
1N
0F
1.
1K
0G
#4180000
0!
0A
#4190000
1!
1A
1L
0I
0J
1M
1?
0@
0N
1F
0.
1-
1O
1G
0O
#4200000
0!
0A
#4210000
1!
1A
1I
1J
1@
1R
1N
0F
1.
0K
0G
1O
#4220000
0!
0A
#4230000
1!
1A
1P
0L
0I
0J
0M
1Q
1>
0?
0@
0R
0N
1F
0.
0-
1,
0S
1G
1S
#4240000
0!
0A
#4250000
1!
1A
1I
1J
1@
1N
0F
1.
1K
0G
#4260000
0!
0A
#4270000
1!
1A
1L
0I
0J
1M
1?
0@
0N
1F
0.
1-
0O
1G
1O
#4280000
0!
0A
#4290000
1!
1A
1I
1J
1@
1Z
1V
1R
1N
0F
1.
0K
0G
0O
0S
1W
#4300000
0!
0A
#4310000
1!
1A
1X
0T
0P
0L
0I
0J
0M
0Q
0U
1Y
1<
0=
0>
0?
0@
0Z
0R
0N
1F
0.
0-
0,
0+
1*
1[
1G
0[
#4320000
0!
0A
#4330000
1!
1A
1I
1J
1@
1N
0F
1.
1K
0G
#4340000
0!
0A
#4350000
1!
1A
1L
0I
0J
1M
1?
0@
0N
1F
0.
1-
1O
1G
0O
#4360000
0!
0A
#4370000
1!
1A
1I
1J
1@
1R
1N
0F
1.
0K
0G
1O
#4380000
0!
0A
#4390000
1!
1A
1P
0L
0I
0J
0M
1Q
1>
0?
0@
0R
0N
1F
0.
0-
1,
1S
1G
0S
#4400000
0!
0A
#4410000
1!
1A
1I
1J
1@
1N
0F
1.
1K
0G
#4420000
0!
0A
#4430000
1!
1A
1L
0I
0J
1M
1?
0@
0N
1F
0.
1-
0O
1G
1O
#4440000
0!
0A
#4450000
1!
1A
1I
1J
1@
1R
1N
0F
1.
0K
0G
0O
1S
#4460000
0!
0A
#4470000
1!
1A
1T
0P
0L
0I
0J
0M
0Q
1U
1=
0>
0?
0@
0R
0N
1F
0.
0-
0,
1+
1G
#4480000
0!
0A
#4490000
1!
1A
1I
1J
1@
1N
0F
1.
1K
0G
#4500000
0!
0A
#4510000
1!
1A
1L
0I
0J
1M
1?
0@
0N
1F
0.
1-
1O
1G
0O
#4520000
0!
0A
#4530000
1!
1A
1I
1J
1@
1R
1N
0F
1.
0K
0G
1O
#4540000
0!
0A
#4550000
1!
1A
1P
0L
0I
0J
0M
1Q
1>
0?
0@
0R
0N
1F
0.
0-
1,
0S
1G
1S
#4560000
0!
0A
#4570000
1!
1A
1I
1J
1@
1N
0F
1.
1K
0G
#4580000
0!
0A
#4590000
1!
1A
1L
0I
0J
1M
1?
0@
0N
1F
0.
1-
0O
1G
1O
#4600000
0!
0A
#4610000
1!
1A
1I
1J
1@
1^
1Z
0V
1R
1N
0F
1.
0K
0G
0O
0S
0W
1[
#4620000
0!
0A
#4630000
1!
1A
1\
0X
0T
0P
0L
0I
0J
0M
0Q
0U
0Y
1]
1;
0<
0=
0>
0?
0@
0^
0Z
0R
0N
1F
0.
0-
0,
0+
0*
1)
1e
0b
0_
1G
0e
1b
1_
#4640000
0!
0A
#4650000
1!
1A
1I
1J
1@
1N
0F
1.
1K
0G
#4660000
0!
0A
#4670000
1!
1A
1L
0I
0J
1M
1?
0@
0N
1F
0.
1-
1O
1G
0O
#4680000
0!
0A
#4690000
1!
1A
1I
1J
1@
1R
1N
0F
1.
0K
0G
1O
#4700000
0!
0A
#4710000
1!
1A
1P
0L
0I
0J
0M
1Q
1>
0?
0@
0R
0N
1F
0.
0-
1,
1S
1G
0S
#4720000
0!
0A
#4730000
1!
1A
1I
1J
1@
1N
0F
1.
1K
0G
#4740000
0!
0A
#4750000
1!
1A
1L
0I
0J
1M
1?
0@
0N
1F
0.
1-
0O
1G
1O
#4760000
0!
0A
#4770000
1!
1A
1I
1J
1@
1R
1N
0F
1.
0K
0G
0O
1S
#4780000
0!
0A
#4790000
1!
1A
1T
0P
0L
0I
0J
0M
0Q
1U
1=
0>
0?
0@
0R
0N
1F
0.
0-
0,
1+
1G
#4800000
0!
0A
#4810000
1!
1A
1I
1J
1@
1N
0F
1.
1K
0G
#4820000
0!
0A
#4830000
1!
1A
1L
0I
0J
1M
1?
0@
0N
1F
0.
1-
1O
1G
0O
#4840000
0!
0A
#4850000
1!
1A
1I
1J
1@
1R
1N
0F
1.
0K
0G
1O
#4860000
0!
0A
#4870000
1!
1A
1P
0L
0I
0J
0M
1Q
1>
0?
0@
0R
0N
1F
0.
0-
1,
0S
1G
1S
#4880000
0!
0A
#4890000
1!
1A
1I
1J
1@
1N
0F
1.
1K
0G
#4900000
0!
0A
#4910000
1!
1A
1L
0I
0J
1M
1?
0@
0N
1F
0.
1-
0O
1G
1O
#4920000
0!
0A
#4930000
1!
1A
1I
1J
1@
1Z
1V
1R
1N
0F
1.
0K
0G
0O
0S
1W
#4940000
0!
0A
#4950000
1!
1A
1X
0T
0P
0L
0I
0J
0M
0Q
0U
1Y
1<
0=
0>
0?
0@
0Z
0R
0N
1F
0.
0-
0,
0+
1*
0[
1G
1[
#4960000
0!
0A
#4970000
1!
1A
1I
1J
1@
1N
0F
1.
1K
0G
#4980000
0!
0A
#4990000
1!
1A
1L
0I
0J
1M
1?
0@
0N
1F
0.
1-
1O
1G
0O
#5000000
0!
0A
#5010000
1!
1A
1I
1J
1@
1R
1N
0F
1.
0K
0G
1O
#5020000
0!
0A
#5030000
1!
1A
1P
0L
0I
0J
0M
1Q
1>
0?
0@
0R
0N
1F
0.
0-
1,
1S
1G
0S
#5040000
0!
0A
#5050000
1!
1A
1I
1J
1@
1N
0F
1.
1K
0G
#5060000
0!
0A
#5070000
1!
1A
1L
0I
0J
1M
1?
0@
0N
1F
0.
1-
0O
1G
1O
#5080000
0!
0A
#5090000
1!
1A
1I
1J
1@
1R
1N
0F
1.
0K
0G
0O
1S
#5100000
0!
0A
#5110000
1!
1A
1T
0P
0L
0I
0J
0M
0Q
1U
1=
0>
0?
0@
0R
0N
1F
0.
0-
0,
1+
1G
#5120000
0!
0A
#5130000
1!
1A
1I
1J
1@
1N
0F
1.
1K
0G
#5140000
0!
0A
#5150000
1!
1A
1L
0I
0J
1M
1?
0@
0N
1F
0.
1-
1O
1G
0O
#5160000
0!
0A
#5170000
1!
1A
1I
1J
1@
1R
1N
0F
1.
0K
0G
1O
#5180000
0!
0A
#5190000
1!
1A
1P
0L
0I
0J
0M
1Q
1>
0?
0@
0R
0N
1F
0.
0-
1,
0S
1G
1S
#5200000
0!
0A
#5210000
1!
1A
1I
1J
1@
1N
0F
1.
1K
0G
#5220000
0!
0A
#5230000
1!
1A
1L
0I
0J
1M
1?
0@
0N
1F
0.
1-
0O
1G
1O
#5240000
0!
0A
#5250000
1!
1A
1I
1J
1@
1^
1Z
0V
1R
1N
0F
1.
0K
0G
0O
0S
0W
0[
1e
0b
0_
#5260000
0!
0A
#5270000
1!
1A
1f
0c
0`
0\
0X
0T
0P
0L
0I
0J
0M
0Q
0U
0Y
0]
0a
0d
1g
18
09
0:
0;
0<
0=
0>
0?
0@
0^
0Z
0R
0N
1F
0.
0-
0,
0+
0*
0)
0(
0'
1&
1G
#5280000
0!
0A
#5290000
1!
1A
1I
1J
1@
1N
0F
1.
1K
0G
#5300000
0!
0A
#5310000
1!
1A
1L
0I
0J
1M
1?
0@
0N
1F
0.
1-
1O
1G
0O
#5320000
0!
0A
#5330000
1!
1A
1I
1J
1@
1R
1N
0F
1.
0K
0G
1O
#5340000
0!
0A
#5350000
1!
1A
1P
0L
0I
0J
0M
1Q
1>
0?
0@
0R
0N
1F
0.
0-
1,
1S
1G
0S
#5360000
0!
0A
#5370000
1!
1A
1I
1J
1@
1N
0F
1.
1K
0G
#5380000
0!
0A
#5390000
1!
1A
1L
0I
0J
1M
1?
0@
0N
1F
0.
1-
0O
1G
1O
#5400000
0!
0A
#5410000
1!
1A
1I
1J
1@
1R
1N
0F
1.
0K
0G
0O
1S
#5420000
0!
0A
#5430000
1!
1A
1T
0P
0L
0I
0J
0M
0Q
1U
1=
0>
0?
0@
0R
0N
1F
0.
0-
0,
1+
1G
#5440000
0!
0A
#5450000
1!
1A
1I
1J
1@
1N
0F
1.
1K
0G
#5460000
0!
0A
#5470000
1!
1A
1L
0I
0J
1M
1?
0@
0N
1F
0.
1-
1O
1G
0O
#5480000
0!
0A
#5490000
1!
1A
1I
1J
1@
1R
1N
0F
1.
0K
0G
1O
#5500000
0!
0A
#5510000
1!
1A
1P
0L
0I
0J
0M
1Q
1>
0?
0@
0R
0N
1F
0.
0-
1,
0S
1G
1S
#5520000
0!
0A
#5530000
1!
1A
1I
1J
1@
1N
0F
1.
1K
0G
#5540000
0!
0A
#5550000
1!
1A
1L
0I
0J
1M
1?
0@
0N
1F
0.
1-
0O
1G
1O
#5560000
0!
0A
#5570000
1!
1A
1I
1J
1@
1Z
1V
1R
1N
0F
1.
0K
0G
0O
0S
1W
#5580000
0!
0A
#5590000
1!
1A
1X
0T
0P
0L
0I
0J
0M
0Q
0U
1Y
1<
0=
0>
0?
0@
0Z
0R
0N
1F
0.
0-
0,
0+
1*
1[
1G
0[
#5600000
0!
0A
#5610000
1!
1A
1I
1J
1@
1N
0F
1.
1K
0G
#5620000
0!
0A
#5630000
1!
1A
1L
0I
0J
1M
1?
0@
0N
1F
0.
1-
1O
1G
0O
#5640000
0!
0A
#5650000
1!
1A
1I
1J
1@
1R
1N
0F
1.
0K
0G
1O
#5660000
0!
0A
#5670000
1!
1A
1P
0L
0I
0J
0M
1Q
1>
0?
0@
0R
0N
1F
0.
0-
1,
1S
1G
0S
#5680000
0!
0A
#5690000
1!
1A
1I
1J
1@
1N
0F
1.
1K
0G
#5700000
0!
0A
#5710000
1!
1A
1L
0I
0J
1M
1?
0@
0N
1F
0.
1-
0O
1G
1O
#5720000
0!
0A
#5730000
1!
1A
1I
1J
1@
1R
1N
0F
1.
0K
0G
0O
1S
#5740000
0!
0A
#5750000
1!
1A
1T
0P
0L
0I
0J
0M
0Q
1U
1=
0>
0?
0@
0R
0N
1F
0.
0-
0,
1+
1G
#5760000
0!
0A
#5770000
1!
1A
1I
1J
1@
1N
0F
1.
1K
0G
#5780000
0!
0A
#5790000
1!
1A
1L
0I
0J
1M
1?
0@
0N
1F
0.
1-
1O
1G
0O
#5800000
0!
0A
#5810000
1!
1A
1I
1J
1@
1R
1N
0F
1.
0K
0G
1O
#5820000
0!
0A
#5830000
1!
1A
1P
0L
0I
0J
0M
1Q
1>
0?
0@
0R
0N
1F
0.
0-
1,
0S
1G
1S
#5840000
0!
0A
#5850000
1!
1A
1I
1J
1@
1N
0F
1.
1K
0G
#5860000
0!
0A
#5870000
1!
1A
1L
0I
0J
1M
1?
0@
0N
1F
0.
1-
0O
1G
1O
#5880000
0!
0A
#5890000
1!
1A
1I
1J
1@
1^
1Z
0V
1R
1N
0F
1.
0K
0G
0O
0S
0W
1[
#5900000
0!
0A
#5910000
1!
1A
1\
0X
0T
0P
0L
0I
0J
0M
0Q
0U
0Y
1]
1;
0<
0=
0>
0?
0@
1h
0^
0Z
0R
0N
1F
0.
0-
0,
0+
0*
1)
1_
1G
0_
#5920000
0!
0A
#5930000
1!
1A
1I
1J
1@
1N
0F
1.
1K
0G
#5940000
0!
0A
#5950000
1!
1A
1L
0I
0J
1M
1?
0@
0N
1F
0.
1-
1O
1G
0O
#5960000
0!
0A
#5970000
1!
1A
1I
1J
1@
1R
1N
0F
1.
0K
0G
1O
#5980000
0!
0A
#5990000
1!
1A
1P
0L
0I
0J
0M
1Q
1>
0?
0@
0R
0N
1F
0.
0-
1,
1S
1G
0S
#6000000
0!
0A
#6010000
1!
1A
1I
1J
1@
1N
0F
1.
1K
0G
#6020000
0!
0A
#6030000
1!
1A
1L
0I
0J
1M
1?
0@
0N
1F
0.
1-
0O
1G
1O
#6040000
0!
0A
#6050000
1!
1A
1I
1J
1@
1R
1N
0F
1.
0K
0G
0O
1S
#6060000
0!
0A
#6070000
1!
1A
1T
0P
0L
0I
0J
0M
0Q
1U
1=
0>
0?
0@
0R
0N
1F
0.
0-
0,
1+
1G
#6080000
0!
0A
#6090000
1!
1A
1I
1J
1@
1N
0F
1.
1K
0G
#6100000
0!
0A
#6110000
1!
1A
1L
0I
0J
1M
1?
0@
0N
1F
0.
1-
1O
1G
0O
#6120000
0!
0A
#6130000
1!
1A
1I
1J
1@
1R
1N
0F
1.
0K
0G
1O
#6140000
0!
0A
#6150000
1!
1A
1P
0L
0I
0J
0M
1Q
1>
0?
0@
0R
0N
1F
0.
0-
1,
0S
1G
1S
#6160000
0!
0A
#6170000
1!
1A
1I
1J
1@
1N
0F
1.
1K
0G
#6180000
0!
0A
#6190000
1!
1A
1L
0I
0J
1M
1?
0@
0N
1F
0.
1-
0O
1G
1O
#6200000
0!
0A
#6210000
1!
1A
1I
1J
1@
1Z
1V
1R
1N
0F
1.
0K
0G
0O
0S
1W
#6220000
0!
0A
#6230000
1!
1A
1X
0T
0P
0L
0I
0J
0M
0Q
0U
1Y
1<
0=
0>
0?
0@
0Z
0R
0N
1F
0.
0-
0,
0+
1*
0[
1G
1[
#6240000
0!
0A
#6250000
1!
1A
1I
1J
1@
1N
0F
1.
1K
0G
#6260000
0!
0A
#6270000
1!
1A
1L
0I
0J
1M
1?
0@
0N
1F
0.
1-
1O
1G
0O
#6280000
0!
0A
#6290000
1!
1A
1I
1J
1@
1R
1N
0F
1.
0K
0G
1O
#6300000
0!
0A
#6310000
1!
1A
1P
0L
0I
0J
0M
1Q
1>
0?
0@
0R
0N
1F
0.
0-
1,
1S
1G
0S
#6320000
0!
0A
#6330000
1!
1A
1I
1J
1@
1N
0F
1.
1K
0G
#6340000
0!
0A
#6350000
1!
1A
1L
0I
0J
1M
1?
0@
0N
1F
0.
1-
0O
1G
1O
#6360000
0!
0A
#6370000
1!
1A
1I
1J
1@
1R
1N
0F
1.
0K
0G
0O
1S
#6380000
0!
0A
#6390000
1!
1A
1T
0P
0L
0I
0J
0M
0Q
1U
1=
0>
0?
0@
0R
0N
1F
0.
0-
0,
1+
1G
#6400000
0!
0A
#6410000
1!
1A
1I
1J
1@
1N
0F
1.
1K
0G
#6420000
0!
0A
#6430000
1!
1A
1L
0I
0J
1M
1?
0@
0N
1F
0.
1-
1O
1G
0O
#6440000
0!
0A
#6450000
1!
1A
1I
1J
1@
1R
1N
0F
1.
0K
0G
1O
#6460000
0!
0A
#6470000
1!
1A
1P
0L
0I
0J
0M
1Q
1>
0?
0@
0R
0N
1F
0.
0-
1,
0S
1G
1S
#6480000
0!
0A
#6490000
1!
1A
1I
1J
1@
1N
0F
1.
1K
0G
#6500000
0!
0A
#6510000
1!
1A
1L
0I
0J
1M
1?
0@
0N
1F
0.
1-
0O
1G
1O
#6520000
0!
0A
#6530000
1!
1A
1I
1J
1@
1^
1Z
0V
1R
1N
0F
1.
0K
0G
0O
0S
0W
0[
1_
#6540000
0!
0A
#6550000
1!
1A
1`
0\
0X
0T
0P
0L
0I
0J
0M
0Q
0U
0Y
0]
1a
1:
0;
0<
0=
0>
0?
0@
0h
0^
0Z
0R
0N
1F
0.
0-
0,
0+
0*
0)
1(
1G
#6560000
0!
0A
#6570000
1!
1A
1I
1J
1@
1N
0F
1.
1K
0G
#6580000
0!
0A
#6590000
1!
1A
1L
0I
0J
1M
1?
0@
0N
1F
0.
1-
1O
1G
0O
#6600000
0!
0A
#6610000
1!
1A
1I
1J
1@
1R
1N
0F
1.
0K
0G
1O
#6620000
0!
0A
#6630000
1!
1A
1P
0L
0I
0J
0M
1Q
1>
0?
0@
0R
0N
1F
0.
0-
1,
1S
1G
0S
#6640000
0!
0A
#6650000
1!
1A
1I
1J
1@
1N
0F
1.
1K
0G
#6660000
0!
0A
#6670000
1!
1A
1L
0I
0J
1M
1?
0@
0N
1F
0.
1-
0O
1G
1O
#6680000
0!
0A
#6690000
1!
1A
1I
1J
1@
1R
1N
0F
1.
0K
0G
0O
1S
#6700000
0!
0A
#6710000
1!
1A
1T
0P
0L
0I
0J
0M
0Q
1U
1=
0>
0?
0@
0R
0N
1F
0.
0-
0,
1+
1G
#6720000
0!
0A
#6730000
1!
1A
1I
1J
1@
1N
0F
1.
1K
0G
#6740000
0!
0A
#6750000
1!
1A
1L
0I
0J
1M
1?
0@
0N
1F
0.
1-
1O
1G
0O
#6760000
0!
0A
#6770000
1!
1A
1I
1J
1@
1R
1N
0F
1.
0K
0G
1O
#6780000
0!
0A
#6790000
1!
1A
1P
0L
0I
0J
0M
1Q
1>
0?
0@
0R
0N
1F
0.
0-
1,
0S
1G
1S
#6800000
0!
0A
#6810000
1!
1A
1I
1J
1@
1N
0F
1.
1K
0G
#6820000
0!
0A
#6830000
1!
1A
1L
0I
0J
1M
1?
0@
0N
1F
0.
1-
0O
1G
1O
#6840000
0!
0A
#6850000
1!
1A
1I
1J
1@
1Z
1V
1R
1N
0F
1.
0K
0G
0O
0S
1W
#6860000
0!
0A
#6870000
1!
1A
1X
0T
0P
0L
0I
0J
0M
0Q
0U
1Y
1<
0=
0>
0?
0@
0Z
0R
0N
1F
0.
0-
0,
0+
1*
1[
1G
0[
#6880000
0!
0A
#6890000
1!
1A
1I
1J
1@
1N
0F
1.
1K
0G
#6900000
0!
0A
#6910000
1!
1A
1L
0I
0J
1M
1?
0@
0N
1F
0.
1-
1O
1G
0O
#6920000
0!
0A
#6930000
1!
1A
1I
1J
1@
1R
1N
0F
1.
0K
0G
1O
#6940000
0!
0A
#6950000
1!
1A
1P
0L
0I
0J
0M
1Q
1>
0?
0@
0R
0N
1F
0.
0-
1,
1S
1G
0S
#6960000
0!
0A
#6970000
1!
1A
1I
1J
1@
1N
0F
1.
1K
0G
#6980000
0!
0A
#6990000
1!
1A
1L
0I
0J
1M
1?
0@
0N
1F
0.
1-
0O
1G
1O
#7000000
0!
0A
#7010000
1!
1A
1I
1J
1@
1R
1N
0F
1.
0K
0G
0O
1S
#7020000
0!
0A
#7030000
1!
1A
1T
0P
0L
0I
0J
0M
0Q
1U
1=
0>
0?
0@
0R
0N
1F
0.
0-
0,
1+
1G
#7040000
0!
0A
#7050000
1!
1A
1I
1J
1@
1N
0F
1.
1K
0G
#7060000
0!
0A
#7070000
1!
1A
1L
0I
0J
1M
1?
0@
0N
1F
0.
1-
1O
1G
0O
#7080000
0!
0A
#7090000
1!
1A
1I
1J
1@
1R
1N
0F
1.
0K
0G
1O
#7100000
0!
0A
#7110000
1!
1A
1P
0L
0I
0J
0M
1Q
1>
0?
0@
0R
0N
1F
0.
0-
1,
0S
1G
1S
#7120000
0!
0A
#7130000
1!
1A
1I
1J
1@
1N
0F
1.
1K
0G
#7140000
0!
0A
#7150000
1!
1A
1L
0I
0J
1M
1?
0@
0N
1F
0.
1-
0O
1G
1O
#7160000
0!
0A
#7170000
1!
1A
1I
1J
1@
1^
1Z
0V
1R
1N
0F
1.
0K
0G
0O
0S
0W
1[
#7180000
0!
0A
#7190000
1!
1A
1\
0X
0T
0P
0L
0I
0J
0M
0Q
0U
0Y
1]
1;
0<
0=
0>
0?
0@
1h
0^
0Z
0R
0N
1F
0.
0-
0,
0+
0*
1)
1b
0_
1G
0b
1_
#7200000
0!
0A
#7210000
1!
1A
1I
1J
1@
1N
0F
1.
1K
0G
#7220000
0!
0A
#7230000
1!
1A
1L
0I
0J
1M
1?
0@
0N
1F
0.
1-
1O
1G
0O
#7240000
0!
0A
#7250000
1!
1A
1I
1J
1@
1R
1N
0F
1.
0K
0G
1O
#7260000
0!
0A
#7270000
1!
1A
1P
0L
0I
0J
0M
1Q
1>
0?
0@
0R
0N
1F
0.
0-
1,
1S
1G
0S
#7280000
0!
0A
#7290000
1!
1A
1I
1J
1@
1N
0F
1.
1K
0G
#7300000
0!
0A
#7310000
1!
1A
1L
0I
0J
1M
1?
0@
0N
1F
0.
1-
0O
1G
1O
#7320000
0!
0A
#7330000
1!
1A
1I
1J
1@
1R
1N
0F
1.
0K
0G
0O
1S
#7340000
0!
0A
#7350000
1!
1A
1T
0P
0L
0I
0J
0M
0Q
1U
1=
0>
0?
0@
0R
0N
1F
0.
0-
0,
1+
1G
#7360000
0!
0A
#7370000
1!
1A
1I
1J
1@
1N
0F
1.
1K
0G
#7380000
0!
0A
#7390000
1!
1A
1L
0I
0J
1M
1?
0@
0N
1F
0.
1-
1O
1G
0O
#7400000
0!
0A
#7410000
1!
1A
1I
1J
1@
1R
1N
0F
1.
0K
0G
1O
#7420000
0!
0A
#7430000
1!
1A
1P
0L
0I
0J
0M
1Q
1>
0?
0@
0R
0N
1F
0.
0-
1,
0S
1G
1S
#7440000
0!
0A
#7450000
1!
1A
1I
1J
1@
1N
0F
1.
1K
0G
#7460000
0!
0A
#7470000
1!
1A
1L
0I
0J
1M
1?
0@
0N
1F
0.
1-
0O
1G
1O
#7480000
0!
0A
#7490000
1!
1A
1I
1J
1@
1Z
1V
1R
1N
0F
1.
0K
0G
0O
0S
1W
#7500000
0!
0A
#7510000
1!
1A
1X
0T
0P
0L
0I
0J
0M
0Q
0U
1Y
1<
0=
0>
0?
0@
0Z
0R
0N
1F
0.
0-
0,
0+
1*
0[
1G
1[
#7520000
0!
0A
#7530000
1!
1A
1I
1J
1@
1N
0F
1.
1K
0G
#7540000
0!
0A
#7550000
1!
1A
1L
0I
0J
1M
1?
0@
0N
1F
0.
1-
1O
1G
0O
#7560000
0!
0A
#7570000
1!
1A
1I
1J
1@
1R
1N
0F
1.
0K
0G
1O
#7580000
0!
0A
#7590000
1!
1A
1P
0L
0I
0J
0M
1Q
1>
0?
0@
0R
0N
1F
0.
0-
1,
1S
1G
0S
#7600000
0!
0A
#7610000
1!
1A
1I
1J
1@
1N
0F
1.
1K
0G
#7620000
0!
0A
#7630000
1!
1A
1L
0I
0J
1M
1?
0@
0N
1F
0.
1-
0O
1G
1O
#7640000
0!
0A
#7650000
1!
1A
1I
1J
1@
1R
1N
0F
1.
0K
0G
0O
1S
#7660000
0!
0A
#7670000
1!
1A
1T
0P
0L
0I
0J
0M
0Q
1U
1=
0>
0?
0@
0R
0N
1F
0.
0-
0,
1+
1G
#7680000
0!
0A
#7690000
1!
1A
1I
1J
1@
1N
0F
1.
1K
0G
#7700000
0!
0A
#7710000
1!
1A
1L
0I
0J
1M
1?
0@
0N
1F
0.
1-
1O
1G
0O
#7720000
0!
0A
#7730000
1!
1A
1I
1J
1@
1R
1N
0F
1.
0K
0G
1O
#7740000
0!
0A
#7750000
1!
1A
1P
0L
0I
0J
0M
1Q
1>
0?
0@
0R
0N
1F
0.
0-
1,
0S
1G
1S
#7760000
0!
0A
#7770000
1!
1A
1I
1J
1@
1N
0F
1.
1K
0G
#7780000
0!
0A
#7790000
1!
1A
1L
0I
0J
1M
1?
0@
0N
1F
0.
1-
0O
1G
1O
#7800000
0!
0A
#7810000
1!
1A
1I
1J
1@
1^
1Z
0V
1R
1N
0F
1.
0K
0G
0O
0S
0W
0[
1b
0_
#7820000
0!
0A
#7830000
1!
1A
1c
0`
0\
0X
0T
0P
0L
0I
0J
0M
0Q
0U
0Y
0]
0a
1d
19
0:
0;
0<
0=
0>
0?
0@
0h
0^
0Z
0R
0N
1F
0.
0-
0,
0+
0*
0)
0(
1'
1G
#7840000
0!
0A
#7850000
1!
1A
1I
1J
1@
1N
0F
1.
1K
0G
#7860000
0!
0A
#7870000
1!
1A
1L
0I
0J
1M
1?
0@
0N
1F
0.
1-
1O
1G
0O
#7880000
0!
0A
#7890000
1!
1A
1I
1J
1@
1R
1N
0F
1.
0K
0G
1O
#7900000
0!
0A
#7910000
1!
1A
1P
0L
0I
0J
0M
1Q
1>
0?
0@
0R
0N
1F
0.
0-
1,
1S
1G
0S
#7920000
0!
0A
#7930000
1!
1A
1I
1J
1@
1N
0F
1.
1K
0G
#7940000
0!
0A
#7950000
1!
1A
1L
0I
0J
1M
1?
0@
0N
1F
0.
1-
0O
1G
1O
#7960000
0!
0A
#7970000
1!
1A
1I
1J
1@
1R
1N
0F
1.
0K
0G
0O
1S
#7980000
0!
0A
#7990000
1!
1A
1T
0P
0L
0I
0J
0M
0Q
1U
1=
0>
0?
0@
0R
0N
1F
0.
0-
0,
1+
1G
#8000000
0!
0A
#8010000
1!
1A
1I
1J
1@
1N
0F
1.
1K
0G
#8020000
0!
0A
#8030000
1!
1A
1L
0I
0J
1M
1?
0@
0N
1F
0.
1-
1O
1G
0O
#8040000
0!
0A
#8050000
1!
1A
1I
1J
1@
1R
1N
0F
1.
0K
0G
1O
#8060000
0!
0A
#8070000
1!
1A
1P
0L
0I
0J
0M
1Q
1>
0?
0@
0R
0N
1F
0.
0-
1,
0S
1G
1S
#8080000
0!
0A
#8090000
1!
1A
1I
1J
1@
1N
0F
1.
1K
0G
#8100000
0!
0A
#8110000
1!
1A
1L
0I
0J
1M
1?
0@
0N
1F
0.
1-
0O
1G
1O
#8120000
0!
0A
#8130000
1!
1A
1I
1J
1@
1Z
1V
1R
1N
0F
1.
0K
0G
0O
0S
1W
#8140000
0!
0A
#8150000
1!
1A
1X
0T
0P
0L
0I
0J
0M
0Q
0U
1Y
1<
0=
0>
0?
0@
0Z
0R
0N
1F
0.
0-
0,
0+
1*
1[
1G
0[
#8160000
0!
0A
#8170000
1!
1A
1I
1J
1@
1N
0F
1.
1K
0G
#8180000
0!
0A
#8190000
1!
1A
1L
0I
0J
1M
1?
0@
0N
1F
0.
1-
1O
1G
0O
#8200000
0!
0A
#8210000
1!
1A
1I
1J
1@
1R
1N
0F
1.
0K
0G
1O
#8220000
0!
0A
#8230000
1!
1A
1P
0L
0I
0J
0M
1Q
1>
0?
0@
0R
0N
1F
0.
0-
1,
1S
1G
0S
#8240000
0!
0A
#8250000
1!
1A
1I
1J
1@
1N
0F
1.
1K
0G
#8260000
0!
0A
#8270000
1!
1A
1L
0I
0J
1M
1?
0@
0N
1F
0.
1-
0O
1G
1O
#8280000
0!
0A
#8290000
1!
1A
1I
1J
1@
1R
1N
0F
1.
0K
0G
0O
1S
#8300000
0!
0A
#8310000
1!
1A
1T
0P
0L
0I
0J
0M
0Q
1U
1=
0>
0?
0@
0R
0N
1F
0.
0-
0,
1+
1G
#8320000
0!
0A
#8330000
1!
1A
1I
1J
1@
1N
0F
1.
1K
0G
#8340000
0!
0A
#8350000
1!
1A
1L
0I
0J
1M
1?
0@
0N
1F
0.
1-
1O
1G
0O
#8360000
0!
0A
#8370000
1!
1A
1I
1J
1@
1R
1N
0F
1.
0K
0G
1O
#8380000
0!
0A
#8390000
1!
1A
1P
0L
0I
0J
0M
1Q
1>
0?
0@
0R
0N
1F
0.
0-
1,
0S
1G
1S
#8400000
0!
0A
#8410000
1!
1A
1I
1J
1@
1N
0F
1.
1K
0G
#8420000
0!
0A
#8430000
1!
1A
1L
0I
0J
1M
1?
0@
0N
1F
0.
1-
0O
1G
1O
#8440000
0!
0A
#8450000
1!
1A
1I
1J
1@
1^
1Z
0V
1R
1N
0F
1.
0K
0G
0O
0S
0W
1[
#8460000
0!
0A
#8470000
1!
1A
1\
0X
0T
0P
0L
0I
0J
0M
0Q
0U
0Y
1]
1;
0<
0=
0>
0?
0@
1h
0^
0Z
0R
0N
1F
0.
0-
0,
0+
0*
1)
1_
1G
0_
#8480000
0!
0A
#8490000
1!
1A
1I
1J
1@
1N
0F
1.
1K
0G
#8500000
0!
0A
#8510000
1!
1A
1L
0I
0J
1M
1?
0@
0N
1F
0.
1-
1O
1G
0O
#8520000
0!
0A
#8530000
1!
1A
1I
1J
1@
1R
1N
0F
1.
0K
0G
1O
#8540000
0!
0A
#8550000
1!
1A
1P
0L
0I
0J
0M
1Q
1>
0?
0@
0R
0N
1F
0.
0-
1,
1S
1G
0S
#8560000
0!
0A
#8570000
1!
1A
1I
1J
1@
1N
0F
1.
1K
0G
#8580000
0!
0A
#8590000
1!
1A
1L
0I
0J
1M
1?
0@
0N
1F
0.
1-
0O
1G
1O
#8600000
0!
0A
#8610000
1!
1A
1I
1J
1@
1R
1N
0F
1.
0K
0G
0O
1S
#8620000
0!
0A
#8630000
1!
1A
1T
0P
0L
0I
0J
0M
0Q
1U
1=
0>
0?
0@
0R
0N
1F
0.
0-
0,
1+
1G
#8640000
0!
0A
#8650000
1!
1A
1I
1J
1@
1N
0F
1.
1K
0G
#8660000
0!
0A
#8670000
1!
1A
1L
0I
0J
1M
1?
0@
0N
1F
0.
1-
1O
1G
0O
#8680000
0!
0A
#8690000
1!
1A
1I
1J
1@
1R
1N
0F
1.
0K
0G
1O
#8700000
0!
0A
#8710000
1!
1A
1P
0L
0I
0J
0M
1Q
1>
0?
0@
0R
0N
1F
0.
0-
1,
0S
1G
1S
#8720000
0!
0A
#8730000
1!
1A
1I
1J
1@
1N
0F
1.
1K
0G
#8740000
0!
0A
#8750000
1!
1A
1L
0I
0J
1M
1?
0@
0N
1F
0.
1-
0O
1G
1O
#8760000
0!
0A
#8770000
1!
1A
1I
1J
1@
1Z
1V
1R
1N
0F
1.
0K
0G
0O
0S
1W
#8780000
0!
0A
#8790000
1!
1A
1X
0T
0P
0L
0I
0J
0M
0Q
0U
1Y
1<
0=
0>
0?
0@
0Z
0R
0N
1F
0.
0-
0,
0+
1*
0[
1G
1[
#8800000
0!
0A
#8810000
1!
1A
1I
1J
1@
1N
0F
1.
1K
0G
#8820000
0!
0A
#8830000
1!
1A
1L
0I
0J
1M
1?
0@
0N
1F
0.
1-
1O
1G
0O
#8840000
0!
0A
#8850000
1!
1A
1I
1J
1@
1R
1N
0F
1.
0K
0G
1O
#8860000
0!
0A
#8870000
1!
1A
1P
0L
0I
0J
0M
1Q
1>
0?
0@
0R
0N
1F
0.
0-
1,
1S
1G
0S
#8880000
0!
0A
#8890000
1!
1A
1I
1J
1@
1N
0F
1.
1K
0G
#8900000
0!
0A
#8910000
1!
1A
1L
0I
0J
1M
1?
0@
0N
1F
0.
1-
0O
1G
1O
#8920000
0!
0A
#8930000
1!
1A
1I
1J
1@
1R
1N
0F
1.
0K
0G
0O
1S
#8940000
0!
0A
#8950000
1!
1A
1T
0P
0L
0I
0J
0M
0Q
1U
1=
0>
0?
0@
0R
0N
1F
0.
0-
0,
1+
1G
#8960000
0!
0A
#8970000
1!
1A
1I
1J
1@
1N
0F
1.
1K
0G
#8980000
0!
0A
#8990000
1!
1A
1L
0I
0J
1M
1?
0@
0N
1F
0.
1-
1O
1G
0O
#9000000
0!
0A
#9010000
1!
1A
1I
1J
1@
1R
1N
0F
1.
0K
0G
1O
#9020000
0!
0A
#9030000
1!
1A
1P
0L
0I
0J
0M
1Q
1>
0?
0@
0R
0N
1F
0.
0-
1,
0S
1G
1S
#9040000
0!
0A
#9050000
1!
1A
1I
1J
1@
1N
0F
1.
1K
0G
#9060000
0!
0A
#9070000
1!
1A
1L
0I
0J
1M
1?
0@
0N
1F
0.
1-
0O
1G
1O
#9080000
0!
0A
#9090000
1!
1A
1I
1J
1@
1^
1Z
0V
1R
1N
0F
1.
0K
0G
0O
0S
0W
0[
1_
#9100000
0!
0A
#9110000
1!
1A
1`
0\
0X
0T
0P
0L
0I
0J
0M
0Q
0U
0Y
0]
1a
1:
0;
0<
0=
0>
0?
0@
0h
0^
0Z
0R
0N
1F
0.
0-
0,
0+
0*
0)
1(
1i
1G
0i
#9120000
0!
0A
#9130000
1!
1A
1I
1J
1@
1N
0F
1.
1K
0G
#9140000
0!
0A
#9150000
1!
1A
1L
0I
0J
1M
1?
0@
0N
1F
0.
1-
1O
1G
0O
#9160000
0!
0A
#9170000
1!
1A
1I
1J
1@
1R
1N
0F
1.
0K
0G
1O
#9180000
0!
0A
#9190000
1!
1A
1P
0L
0I
0J
0M
1Q
1>
0?
0@
0R
0N
1F
0.
0-
1,
1S
1G
0S
#9200000
0!
0A
#9210000
1!
1A
1I
1J
1@
1N
0F
1.
1K
0G
#9220000
0!
0A
#9230000
1!
1A
1L
0I
0J
1M
1?
0@
0N
1F
0.
1-
0O
1G
1O
#9240000
0!
0A
#9250000
1!
1A
1I
1J
1@
1R
1N
0F
1.
0K
0G
0O
1S
#9260000
0!
0A
#9270000
1!
1A
1T
0P
0L
0I
0J
0M
0Q
1U
1=
0>
0?
0@
0R
0N
1F
0.
0-
0,
1+
1G
#9280000
0!
0A
#9290000
1!
1A
1I
1J
1@
1N
0F
1.
1K
0G
#9300000
0!
0A
#9310000
1!
1A
1L
0I
0J
1M
1?
0@
0N
1F
0.
1-
1O
1G
0O
#9320000
0!
0A
#9330000
1!
1A
1I
1J
1@
1R
1N
0F
1.
0K
0G
1O
#9340000
0!
0A
#9350000
1!
1A
1P
0L
0I
0J
0M
1Q
1>
0?
0@
0R
0N
1F
0.
0-
1,
0S
1G
1S
#9360000
0!
0A
#9370000
1!
1A
1I
1J
1@
1N
0F
1.
1K
0G
#9380000
0!
0A
#9390000
1!
1A
1L
0I
0J
1M
1?
0@
0N
1F
0.
1-
0O
1G
1O
#9400000
0!
0A
#9410000
1!
1A
1I
1J
1@
1Z
1V
1R
1N
0F
1.
0K
0G
0O
0S
1W
#9420000
0!
0A
#9430000
1!
1A
1X
0T
0P
0L
0I
0J
0M
0Q
0U
1Y
1<
0=
0>
0?
0@
0Z
0R
0N
1F
0.
0-
0,
0+
1*
1[
1G
0[
#9440000
0!
0A
#9450000
1!
1A
1I
1J
1@
1N
0F
1.
1K
0G
#9460000
0!
0A
#9470000
1!
1A
1L
0I
0J
1M
1?
0@
0N
1F
0.
1-
1O
1G
0O
#9480000
0!
0A
#9490000
1!
1A
1I
1J
1@
1R
1N
0F
1.
0K
0G
1O
#9500000
0!
0A
#9510000
1!
1A
1P
0L
0I
0J
0M
1Q
1>
0?
0@
0R
0N
1F
0.
0-
1,
1S
1G
0S
#9520000
0!
0A
#9530000
1!
1A
1I
1J
1@
1N
0F
1.
1K
0G
#9540000
0!
0A
#9550000
1!
1A
1L
0I
0J
1M
1?
0@
0N
1F
0.
1-
0O
1G
1O
#9560000
0!
0A
#9570000
1!
1A
1I
1J
1@
1R
1N
0F
1.
0K
0G
0O
1S
#9580000
0!
0A
#9590000
1!
1A
1T
0P
0L
0I
0J
0M
0Q
1U
1=
0>
0?
0@
0R
0N
1F
0.
0-
0,
1+
1G
#9600000
0!
0A
#9610000
1!
1A
1I
1J
1@
1N
0F
1.
1K
0G
#9620000
0!
0A
#9630000
1!
1A
1L
0I
0J
1M
1?
0@
0N
1F
0.
1-
1O
1G
0O
#9640000
0!
0A
#9650000
1!
1A
1I
1J
1@
1R
1N
0F
1.
0K
0G
1O
#9660000
0!
0A
#9670000
1!
1A
1P
0L
0I
0J
0M
1Q
1>
0?
0@
0R
0N
1F
0.
0-
1,
0S
1G
1S
#9680000
0!
0A
#9690000
1!
1A
1I
1J
1@
1N
0F
1.
1K
0G
#9700000
0!
0A
#9710000
1!
1A
1L
0I
0J
1M
1?
0@
0N
1F
0.
1-
0O
1G
1O
#9720000
0!
0A
#9730000
1!
1A
1I
1J
1@
1^
1Z
0V
1R
1N
0F
1.
0K
0G
0O
0S
0W
1[
#9740000
0!
0A
#9750000
1!
1A
1\
0X
0T
0P
0L
0I
0J
0M
0Q
0U
0Y
1]
1;
0<
0=
0>
0?
0@
1h
0^
0Z
0R
0N
1F
0.
0-
0,
0+
0*
1)
0e
0b
0_
1G
1e
1b
1_
#9760000
0!
0A
#9770000
1!
1A
1I
1J
1@
1N
0F
1.
1K
0G
#9780000
0!
0A
#9790000
1!
1A
1L
0I
0J
1M
1?
0@
0N
1F
0.
1-
1O
1G
0O
#9800000
0!
0A
#9810000
1!
1A
1I
1J
1@
1R
1N
0F
1.
0K
0G
1O
#9820000
0!
0A
#9830000
1!
1A
1P
0L
0I
0J
0M
1Q
1>
0?
0@
0R
0N
1F
0.
0-
1,
1S
1G
0S
#9840000
0!
0A
#9850000
1!
1A
1I
1J
1@
1N
0F
1.
1K
0G
#9860000
0!
0A
#9870000
1!
1A
1L
0I
0J
1M
1?
0@
0N
1F
0.
1-
0O
1G
1O
#9880000
0!
0A
#9890000
1!
1A
1I
1J
1@
1R
1N
0F
1.
0K
0G
0O
1S
#9900000
0!
0A
#9910000
1!
1A
1T
0P
0L
0I
0J
0M
0Q
1U
1=
0>
0?
0@
0R
0N
1F
0.
0-
0,
1+
1G
#9920000
0!
0A
#9930000
1!
1A
1I
1J
1@
1N
0F
1.
1K
0G
#9940000
0!
0A
#9950000
1!
1A
1L
0I
0J
1M
1?
0@
0N
1F
0.
1-
1O
1G
0O
#9960000
0!
0A
#9970000
1!
1A
1I
1J
1@
1R
1N
0F
1.
0K
0G
1O
#9980000
0!
0A
#9990000
1!
1A
1P
0L
0I
0J
0M
1Q
1>
0?
0@
0R
0N
1F
0.
0-
1,
0S
1G
1S
#10000000
0!
0A
#10010000
1!
1A
1I
1J
1@
1N
0F
1.
1K
0G
#10020000
0!
0A
#10030000
1!
1A
1L
0I
0J
1M
1?
0@
0N
1F
0.
1-
0O
1G
1O
#10040000
0!
0A
#10050000
1!
1A
1I
1J
1@
1Z
1V
1R
1N
0F
1.
0K
0G
0O
0S
1W
#10060000
0!
0A
#10070000
1!
1A
1X
0T
0P
0L
0I
0J
0M
0Q
0U
1Y
1<
0=
0>
0?
0@
0Z
0R
0N
1F
0.
0-
0,
0+
1*
0[
1G
1[
#10080000
0!
0A
#10090000
1!
1A
1I
1J
1@
1N
0F
1.
1K
0G
#10100000
0!
0A
#10110000
1!
1A
1L
0I
0J
1M
1?
0@
0N
1F
0.
1-
1O
1G
0O
#10120000
0!
0A
#10130000
1!
1A
1I
1J
1@
1R
1N
0F
1.
0K
0G
1O
#10140000
0!
0A
#10150000
1!
1A
1P
0L
0I
0J
0M
1Q
1>
0?
0@
0R
0N
1F
0.
0-
1,
1S
1G
0S
#10160000
0!
0A
#10170000
1!
1A
1I
1J
1@
1N
0F
1.
1K
0G
#10180000
0!
0A
#10190000
1!
1A
1L
0I
0J
1M
1?
0@
0N
1F
0.
1-
0O
1G
1O
#10200000
0!
0A
#10210000
1!
1A
1I
1J
1@
1R
1N
0F
1.
0K
0G
0O
1S
#10220000
0!
0A
#10230000
1!
1A
1T
0P
0L
0I
0J
0M
0Q
1U
1=
0>
0?
0@
0R
0N
1F
0.
0-
0,
1+
1G
#10240000
0!
0A
#10250000
1!
1A
1I
1J
1@
1N
0F
1.
1K
0G
#10260000
0!
0A
#10270000
1!
1A
1L
0I
0J
1M
1?
0@
0N
1F
0.
1-
1O
1G
0O
#10280000
0!
0A
#10290000
1!
1A
1I
1J
1@
1R
1N
0F
1.
0K
0G
1O
#10300000
0!
0A
#10310000
1!
1A
1P
0L
0I
0J
0M
1Q
1>
0?
0@
0R
0N
1F
0.
0-
1,
0S
1G
1S
#10320000
0!
0A
#10330000
1!
1A
1I
1J
1@
1N
0F
1.
1K
0G
#10340000
0!
0A
#10350000
1!
1A
1L
0I
0J
1M
1?
0@
0N
1F
0.
1-
0O
1G
1O
#10360000
0!
0A
#10370000
1!
1A
1I
1J
1@
1^
1Z
0V
1R
1N
0F
1.
0K
0G
0O
0S
0W
0[
1i
0e
0b
0_
#10380000
0!
0A
#10390000
1!
1A
1j
0f
0c
0`
0\
0X
0T
0P
0L
0I
0J
0M
0Q
0U
0Y
0]
0a
0d
0g
1k
17
08
09
0:
0;
0<
0=
0>
0?
0@
0h
0^
0Z
0R
0N
1F
0.
0-
0,
0+
0*
0)
0(
0'
0&
1%
1G
#10400000
0!
0A
#10410000
1!
1A
1I
1J
1@
1N
0F
1.
1K
0G
#10420000
0!
0A
#10430000
1!
1A
1L
0I
0J
1M
1?
0@
0N
1F
0.
1-
1O
1G
0O
#10440000
0!
0A
#10450000
1!
1A
1I
1J
1@
1R
1N
0F
1.
0K
0G
1O
#10460000
0!
0A
#10470000
1!
1A
1P
0L
0I
0J
0M
1Q
1>
0?
0@
0R
0N
1F
0.
0-
1,
1S
1G
0S
#10480000
0!
0A
#10490000
1!
1A
1I
1J
1@
1N
0F
1.
1K
0G
#10500000
0!
0A
#10510000
1!
1A
1L
0I
0J
1M
1?
0@
0N
1F
0.
1-
0O
1G
1O
#10520000
0!
0A
#10530000
1!
1A
1I
1J
1@
1R
1N
0F
1.
0K
0G
0O
1S
#10540000
0!
0A
#10550000
1!
1A
1T
0P
0L
0I
0J
0M
0Q
1U
1=
0>
0?
0@
0R
0N
1F
0.
0-
0,
1+
1G
#10560000
0!
0A
#10570000
1!
1A
1I
1J
1@
1N
0F
1.
1K
0G
#10580000
0!
0A
#10590000
1!
1A
1L
0I
0J
1M
1?
0@
0N
1F
0.
1-
1O
1G
0O
#10600000
0!
0A
#10610000
1!
1A
1I
1J
1@
1R
1N
0F
1.
0K
0G
1O
#10620000
0!
0A
#10630000
1!
1A
1P
0L
0I
0J
0M
1Q
1>
0?
0@
0R
0N
1F
0.
0-
1,
0S
1G
1S
#10640000
0!
0A
#10650000
1!
1A
1I
1J
1@
1N
0F
1.
1K
0G
#10660000
0!
0A
#10670000
1!
1A
1L
0I
0J
1M
1?
0@
0N
1F
0.
1-
0O
1G
1O
#10680000
0!
0A
#10690000
1!
1A
1I
1J
1@
1Z
1V
1R
1N
0F
1.
0K
0G
0O
0S
1W
#10700000
0!
0A
#10710000
1!
1A
1X
0T
0P
0L
0I
0J
0M
0Q
0U
1Y
1<
0=
0>
0?
0@
0Z
0R
0N
1F
0.
0-
0,
0+
1*
1[
1G
0[
#10720000
0!
0A
#10730000
1!
1A
1I
1J
1@
1N
0F
1.
1K
0G
#10740000
0!
0A
#10750000
1!
1A
1L
0I
0J
1M
1?
0@
0N
1F
0.
1-
1O
1G
0O
#10760000
0!
0A
#10770000
1!
1A
1I
1J
1@
1R
1N
0F
1.
0K
0G
1O
#10780000
0!
0A
#10790000
1!
1A
1P
0L
0I
0J
0M
1Q
1>
0?
0@
0R
0N
1F
0.
0-
1,
1S
1G
0S
#10800000
0!
0A
#10810000
1!
1A
1I
1J
1@
1N
0F
1.
1K
0G
#10820000
0!
0A
#10830000
1!
1A
1L
0I
0J
1M
1?
0@
0N
1F
0.
1-
0O
1G
1O
#10840000
0!
0A
#10850000
1!
1A
1I
1J
1@
1R
1N
0F
1.
0K
0G
0O
1S
#10860000
0!
0A
#10870000
1!
1A
1T
0P
0L
0I
0J
0M
0Q
1U
1=
0>
0?
0@
0R
0N
1F
0.
0-
0,
1+
1G
#10880000
0!
0A
#10890000
1!
1A
1I
1J
1@
1N
0F
1.
1K
0G
#10900000
0!
0A
#10910000
1!
1A
1L
0I
0J
1M
1?
0@
0N
1F
0.
1-
1O
1G
0O
#10920000
0!
0A
#10930000
1!
1A
1I
1J
1@
1R
1N
0F
1.
0K
0G
1O
#10940000
0!
0A
#10950000
1!
1A
1P
0L
0I
0J
0M
1Q
1>
0?
0@
0R
0N
1F
0.
0-
1,
0S
1G
1S
#10960000
0!
0A
#10970000
1!
1A
1I
1J
1@
1N
0F
1.
1K
0G
#10980000
0!
0A
#10990000
1!
1A
1L
0I
0J
1M
1?
0@
0N
1F
0.
1-
0O
1G
1O
#11000000
0!
0A
#11010000
1!
1A
1I
1J
1@
1^
1Z
0V
1R
1N
0F
1.
0K
0G
0O
0S
0W
1[
#11020000
0!
0A
#11030000
1!
1A
1\
0X
0T
0P
0L
0I
0J
0M
0Q
0U
0Y
1]
1;
0<
0=
0>
0?
0@
0^
0Z
0R
0N
1F
0.
0-
0,
0+
0*
1)
1_
1G
0_
#11040000
0!
0A
#11050000
1!
1A
1I
1J
1@
1N
0F
1.
1K
0G
#11060000
0!
0A
#11070000
1!
1A
1L
0I
0J
1M
1?
0@
0N
1F
0.
1-
1O
1G
0O
#11080000
0!
0A
#11090000
1!
1A
1I
1J
1@
1R
1N
0F
1.
0K
0G
1O
#11100000
0!
0A
#11110000
1!
1A
1P
0L
0I
0J
0M
1Q
1>
0?
0@
0R
0N
1F
0.
0-
1,
1S
1G
0S
#11120000
0!
0A
#11130000
1!
1A
1I
1J
1@
1N
0F
1.
1K
0G
#11140000
0!
0A
#11150000
1!
1A
1L
0I
0J
1M
1?
0@
0N
1F
0.
1-
0O
1G
1O
#11160000
0!
0A
#11170000
1!
1A
1I
1J
1@
1R
1N
0F
1.
0K
0G
0O
1S
#11180000
0!
0A
#11190000
1!
1A
1T
0P
0L
0I
0J
0M
0Q
1U
1=
0>
0?
0@
0R
0N
1F
0.
0-
0,
1+
1G
#11200000
0!
0A
#11210000
1!
1A
1I
1J
1@
1N
0F
1.
1K
0G
#11220000
0!
0A
#11230000
1!
1A
1L
0I
0J
1M
1?
0@
0N
1F
0.
1-
1O
1G
0O
#11240000
0!
0A
#11250000
1!
1A
1I
1J
1@
1R
1N
0F
1.
0K
0G
1O
#11260000
0!
0A
#11270000
1!
1A
1P
0L
0I
0J
0M
1Q
1>
0?
0@
0R
0N
1F
0.
0-
1,
0S
1G
1S
#11280000
0!
0A
#11290000
1!
1A
1I
1J
1@
1N
0F
1.
1K
0G
#11300000
0!
0A
#11310000
1!
1A
1L
0I
0J
1M
1?
0@
0N
1F
0.
1-
0O
1G
1O
#11320000
0!
0A
#11330000
1!
1A
1I
1J
1@
1Z
1V
1R
1N
0F
1.
0K
0G
0O
0S
1W
#11340000
0!
0A
#11350000
1!
1A
1X
0T
0P
0L
0I
0J
0M
0Q
0U
1Y
1<
0=
0>
0?
0@
0Z
0R
0N
1F
0.
0-
0,
0+
1*
0[
1G
1[
#11360000
0!
0A
#11370000
1!
1A
1I
1J
1@
1N
0F
1.
1K
0G
#11380000
0!
0A
#11390000
1!
1A
1L
0I
0J
1M
1?
0@
0N
1F
0.
1-
1O
1G
0O
#11400000
0!
0A
#11410000
1!
1A
1I
1J
1@
1R
1N
0F
1.
0K
0G
1O
#11420000
0!
0A
#11430000
1!
1A
1P
0L
0I
0J
0M
1Q
1>
0?
0@
0R
0N
1F
0.
0-
1,
1S
1G
0S
#11440000
0!
0A
#11450000
1!
1A
1I
1J
1@
1N
0F
1.
1K
0G
#11460000
0!
0A
#11470000
1!
1A
1L
0I
0J
1M
1?
0@
0N
1F
0.
1-
0O
1G
1O
#11480000
0!
0A
#11490000
1!
1A
1I
1J
1@
1R
1N
0F
1.
0K
0G
0O
1S
#11500000
0!
0A
#11510000
1!
1A
1T
0P
0L
0I
0J
0M
0Q
1U
1=
0>
0?
0@
0R
0N
1F
0.
0-
0,
1+
1G
#11520000
0!
0A
#11530000
1!
1A
1I
1J
1@
1N
0F
1.
1K
0G
#11540000
0!
0A
#11550000
1!
1A
1L
0I
0J
1M
1?
0@
0N
1F
0.
1-
1O
1G
0O
#11560000
0!
0A
#11570000
1!
1A
1I
1J
1@
1R
1N
0F
1.
0K
0G
1O
#11580000
0!
0A
#11590000
1!
1A
1P
0L
0I
0J
0M
1Q
1>
0?
0@
0R
0N
1F
0.
0-
1,
0S
1G
1S
#11600000
0!
0A
#11610000
1!
1A
1I
1J
1@
1N
0F
1.
1K
0G
#11620000
0!
0A
#11630000
1!
1A
1L
0I
0J
1M
1?
0@
0N
1F
0.
1-
0O
1G
1O
#11640000
0!
0A
#11650000
1!
1A
1I
1J
1@
1^
1Z
0V
1R
1N
0F
1.
0K
0G
0O
0S
0W
0[
1_
#11660000
0!
0A
#11670000
1!
1A
1`
0\
0X
0T
0P
0L
0I
0J
0M
0Q
0U
0Y
0]
1a
1:
0;
0<
0=
0>
0?
0@
0^
0Z
0R
0N
1F
0.
0-
0,
0+
0*
0)
1(
1G
#11680000
0!
0A
#11690000
1!
1A
1I
1J
1@
1N
0F
1.
1K
0G
#11700000
0!
0A
#11710000
1!
1A
1L
0I
0J
1M
1?
0@
0N
1F
0.
1-
1O
1G
0O
#11720000
0!
0A
#11730000
1!
1A
1I
1J
1@
1R
1N
0F
1.
0K
0G
1O
#11740000
0!
0A
#11750000
1!
1A
1P
0L
0I
0J
0M
1Q
1>
0?
0@
0R
0N
1F
0.
0-
1,
1S
1G
0S
#11760000
0!
0A
#11770000
1!
1A
1I
1J
1@
1N
0F
1.
1K
0G
#11780000
0!
0A
#11790000
1!
1A
1L
0I
0J
1M
1?
0@
0N
1F
0.
1-
0O
1G
1O
#11800000
0!
0A
#11810000
1!
1A
1I
1J
1@
1R
1N
0F
1.
0K
0G
0O
1S
#11820000
0!
0A
#11830000
1!
1A
1T
0P
0L
0I
0J
0M
0Q
1U
1=
0>
0?
0@
0R
0N
1F
0.
0-
0,
1+
1G
#11840000
0!
0A
#11850000
1!
1A
1I
1J
1@
1N
0F
1.
1K
0G
#11860000
0!
0A
#11870000
1!
1A
1L
0I
0J
1M
1?
0@
0N
1F
0.
1-
1O
1G
0O
#11880000
0!
0A
#11890000
1!
1A
1I
1J
1@
1R
1N
0F
1.
0K
0G
1O
#11900000
0!
0A
#11910000
1!
1A
1P
0L
0I
0J
0M
1Q
1>
0?
0@
0R
0N
1F
0.
0-
1,
0S
1G
1S
#11920000
0!
0A
#11930000
1!
1A
1I
1J
1@
1N
0F
1.
1K
0G
#11940000
0!
0A
#11950000
1!
1A
1L
0I
0J
1M
1?
0@
0N
1F
0.
1-
0O
1G
1O
#11960000
0!
0A
#11970000
1!
1A
1I
1J
1@
1Z
1V
1R
1N
0F
1.
0K
0G
0O
0S
1W
#11980000
0!
0A
#11990000
1!
1A
1X
0T
0P
0L
0I
0J
0M
0Q
0U
1Y
1<
0=
0>
0?
0@
0Z
0R
0N
1F
0.
0-
0,
0+
1*
1[
1G
0[
#12000000
0!
0A
#12010000
1!
1A
1I
1J
1@
1N
0F
1.
1K
0G
#12020000
0!
0A
#12030000
1!
1A
1L
0I
0J
1M
1?
0@
0N
1F
0.
1-
1O
1G
0O
#12040000
0!
0A
#12050000
1!
1A
1I
1J
1@
1R
1N
0F
1.
0K
0G
1O
#12060000
0!
0A
#12070000
1!
1A
1P
0L
0I
0J
0M
1Q
1>
0?
0@
0R
0N
1F
0.
0-
1,
1S
1G
0S
#12080000
0!
0A
#12090000
1!
1A
1I
1J
1@
1N
0F
1.
1K
0G
#12100000
0!
0A
#12110000
1!
1A
1L
0I
0J
1M
1?
0@
0N
1F
0.
1-
0O
1G
1O
#12120000
0!
0A
#12130000
1!
1A
1I
1J
1@
1R
1N
0F
1.
0K
0G
0O
1S
#12140000
0!
0A
#12150000
1!
1A
1T
0P
0L
0I
0J
0M
0Q
1U
1=
0>
0?
0@
0R
0N
1F
0.
0-
0,
1+
1G
#12160000
0!
0A
#12170000
1!
1A
1I
1J
1@
1N
0F
1.
1K
0G
#12180000
0!
0A
#12190000
1!
1A
1L
0I
0J
1M
1?
0@
0N
1F
0.
1-
1O
1G
0O
#12200000
0!
0A
#12210000
1!
1A
1I
1J
1@
1R
1N
0F
1.
0K
0G
1O
#12220000
0!
0A
#12230000
1!
1A
1P
0L
0I
0J
0M
1Q
1>
0?
0@
0R
0N
1F
0.
0-
1,
0S
1G
1S
#12240000
0!
0A
#12250000
1!
1A
1I
1J
1@
1N
0F
1.
1K
0G
#12260000
0!
0A
#12270000
1!
1A
1L
0I
0J
1M
1?
0@
0N
1F
0.
1-
0O
1G
1O
#12280000
0!
0A
#12290000
1!
1A
1I
1J
1@
1^
1Z
0V
1R
1N
0F
1.
0K
0G
0O
0S
0W
1[
#12300000
0!
0A
#12310000
1!
1A
1\
0X
0T
0P
0L
0I
0J
0M
0Q
0U
0Y
1]
1;
0<
0=
0>
0?
0@
0^
0Z
0R
0N
1F
0.
0-
0,
0+
0*
1)
1b
0_
1G
0b
1_
#12320000
0!
0A
#12330000
1!
1A
1I
1J
1@
1N
0F
1.
1K
0G
#12340000
0!
0A
#12350000
1!
1A
1L
0I
0J
1M
1?
0@
0N
1F
0.
1-
1O
1G
0O
#12360000
0!
0A
#12370000
1!
1A
1I
1J
1@
1R
1N
0F
1.
0K
0G
1O
#12380000
0!
0A
#12390000
1!
1A
1P
0L
0I
0J
0M
1Q
1>
0?
0@
0R
0N
1F
0.
0-
1,
1S
1G
0S
#12400000
0!
0A
#12410000
1!
1A
1I
1J
1@
1N
0F
1.
1K
0G
#12420000
0!
0A
#12430000
1!
1A
1L
0I
0J
1M
1?
0@
0N
1F
0.
1-
0O
1G
1O
#12440000
0!
0A
#12450000
1!
1A
1I
1J
1@
1R
1N
0F
1.
0K
0G
0O
1S
#12460000
0!
0A
#12470000
1!
1A
1T
0P
0L
0I
0J
0M
0Q
1U
1=
0>
0?
0@
0R
0N
1F
0.
0-
0,
1+
1G
#12480000
0!
0A
#12490000
1!
1A
1I
1J
1@
1N
0F
1.
1K
0G
#12500000
0!
0A
#12510000
1!
1A
1L
0I
0J
1M
1?
0@
0N
1F
0.
1-
1O
1G
0O
#12520000
0!
0A
#12530000
1!
1A
1I
1J
1@
1R
1N
0F
1.
0K
0G
1O
#12540000
0!
0A
#12550000
1!
1A
1P
0L
0I
0J
0M
1Q
1>
0?
0@
0R
0N
1F
0.
0-
1,
0S
1G
1S
#12560000
0!
0A
#12570000
1!
1A
1I
1J
1@
1N
0F
1.
1K
0G
#12580000
0!
0A
#12590000
1!
1A
1L
0I
0J
1M
1?
0@
0N
1F
0.
1-
0O
1G
1O
#12600000
0!
0A
#12610000
1!
1A
1I
1J
1@
1Z
1V
1R
1N
0F
1.
0K
0G
0O
0S
1W
#12620000
0!
0A
#12630000
1!
1A
1X
0T
0P
0L
0I
0J
0M
0Q
0U
1Y
1<
0=
0>
0?
0@
0Z
0R
0N
1F
0.
0-
0,
0+
1*
0[
1G
1[
#12640000
0!
0A
#12650000
1!
1A
1I
1J
1@
1N
0F
1.
1K
0G
#12660000
0!
0A
#12670000
1!
1A
1L
0I
0J
1M
1?
0@
0N
1F
0.
1-
1O
1G
0O
#12680000
0!
0A
#12690000
1!
1A
1I
1J
1@
1R
1N
0F
1.
0K
0G
1O
#12700000
0!
0A
#12710000
1!
1A
1P
0L
0I
0J
0M
1Q
1>
0?
0@
0R
0N
1F
0.
0-
1,
1S
1G
0S
#12720000
0!
0A
#12730000
1!
1A
1I
1J
1@
1N
0F
1.
1K
0G
#12740000
0!
0A
#12750000
1!
1A
1L
0I
0J
1M
1?
0@
0N
1F
0.
1-
0O
1G
1O
#12760000
0!
0A
#12770000
1!
1A
1I
1J
1@
1R
1N
0F
1.
0K
0G
0O
1S
#12780000
0!
0A
#12790000
1!
1A
1T
0P
0L
0I
0J
0M
0Q
1U
1=
0>
0?
0@
0R
0N
1F
0.
0-
0,
1+
1G
#12800000
0!
0A
#12810000
1!
1A
1I
1J
1@
1N
0F
1.
1K
0G
#12820000
0!
0A
#12830000
1!
1A
1L
0I
0J
1M
1?
0@
0N
1F
0.
1-
1O
1G
0O
#12840000
0!
0A
#12850000
1!
1A
1I
1J
1@
1R
1N
0F
1.
0K
0G
1O
#12860000
0!
0A
#12870000
1!
1A
1P
0L
0I
0J
0M
1Q
1>
0?
0@
0R
0N
1F
0.
0-
1,
0S
1G
1S
#12880000
0!
0A
#12890000
1!
1A
1I
1J
1@
1N
0F
1.
1K
0G
#12900000
0!
0A
#12910000
1!
1A
1L
0I
0J
1M
1?
0@
0N
1F
0.
1-
0O
1G
1O
#12920000
0!
0A
#12930000
1!
1A
1I
1J
1@
1^
1Z
0V
1R
1N
0F
1.
0K
0G
0O
0S
0W
0[
1b
0_
#12940000
0!
0A
#12950000
1!
1A
1c
0`
0\
0X
0T
0P
0L
0I
0J
0M
0Q
0U
0Y
0]
0a
1d
19
0:
0;
0<
0=
0>
0?
0@
0^
0Z
0R
0N
1F
0.
0-
0,
0+
0*
0)
0(
1'
1G
#12960000
0!
0A
#12970000
1!
1A
1I
1J
1@
1N
0F
1.
1K
0G
#12980000
0!
0A
#12990000
1!
1A
1L
0I
0J
1M
1?
0@
0N
1F
0.
1-
1O
1G
0O
#13000000
0!
0A
#13010000
1!
1A
1I
1J
1@
1R
1N
0F
1.
0K
0G
1O
#13020000
0!
0A
#13030000
1!
1A
1P
0L
0I
0J
0M
1Q
1>
0?
0@
0R
0N
1F
0.
0-
1,
1S
1G
0S
#13040000
0!
0A
#13050000
1!
1A
1I
1J
1@
1N
0F
1.
1K
0G
#13060000
0!
0A
#13070000
1!
1A
1L
0I
0J
1M
1?
0@
0N
1F
0.
1-
0O
1G
1O
#13080000
0!
0A
#13090000
1!
1A
1I
1J
1@
1R
1N
0F
1.
0K
0G
0O
1S
#13100000
0!
0A
#13110000
1!
1A
1T
0P
0L
0I
0J
0M
0Q
1U
1=
0>
0?
0@
0R
0N
1F
0.
0-
0,
1+
1G
#13120000
0!
0A
#13130000
1!
1A
1I
1J
1@
1N
0F
1.
1K
0G
#13140000
0!
0A
#13150000
1!
1A
1L
0I
0J
1M
1?
0@
0N
1F
0.
1-
1O
1G
0O
#13160000
0!
0A
#13170000
1!
1A
1I
1J
1@
1R
1N
0F
1.
0K
0G
1O
#13180000
0!
0A
#13190000
1!
1A
1P
0L
0I
0J
0M
1Q
1>
0?
0@
0R
0N
1F
0.
0-
1,
0S
1G
1S
#13200000
0!
0A
#13210000
1!
1A
1I
1J
1@
1N
0F
1.
1K
0G
#13220000
0!
0A
#13230000
1!
1A
1L
0I
0J
1M
1?
0@
0N
1F
0.
1-
0O
1G
1O
#13240000
0!
0A
#13250000
1!
1A
1I
1J
1@
1Z
1V
1R
1N
0F
1.
0K
0G
0O
0S
1W
#13260000
0!
0A
#13270000
1!
1A
1X
0T
0P
0L
0I
0J
0M
0Q
0U
1Y
1<
0=
0>
0?
0@
0Z
0R
0N
1F
0.
0-
0,
0+
1*
1[
1G
0[
#13280000
0!
0A
#13290000
1!
1A
1I
1J
1@
1N
0F
1.
1K
0G
#13300000
0!
0A
#13310000
1!
1A
1L
0I
0J
1M
1?
0@
0N
1F
0.
1-
1O
1G
0O
#13320000
0!
0A
#13330000
1!
1A
1I
1J
1@
1R
1N
0F
1.
0K
0G
1O
#13340000
0!
0A
#13350000
1!
1A
1P
0L
0I
0J
0M
1Q
1>
0?
0@
0R
0N
1F
0.
0-
1,
1S
1G
0S
#13360000
0!
0A
#13370000
1!
1A
1I
1J
1@
1N
0F
1.
1K
0G
#13380000
0!
0A
#13390000
1!
1A
1L
0I
0J
1M
1?
0@
0N
1F
0.
1-
0O
1G
1O
#13400000
0!
0A
#13410000
1!
1A
1I
1J
1@
1R
1N
0F
1.
0K
0G
0O
1S
#13420000
0!
0A
#13430000
1!
1A
1T
0P
0L
0I
0J
0M
0Q
1U
1=
0>
0?
0@
0R
0N
1F
0.
0-
0,
1+
1G
#13440000
0!
0A
#13450000
1!
1A
1I
1J
1@
1N
0F
1.
1K
0G
#13460000
0!
0A
#13470000
1!
1A
1L
0I
0J
1M
1?
0@
0N
1F
0.
1-
1O
1G
0O
#13480000
0!
0A
#13490000
1!
1A
1I
1J
1@
1R
1N
0F
1.
0K
0G
1O
#13500000
0!
0A
#13510000
1!
1A
1P
0L
0I
0J
0M
1Q
1>
0?
0@
0R
0N
1F
0.
0-
1,
0S
1G
1S
#13520000
0!
0A
#13530000
1!
1A
1I
1J
1@
1N
0F
1.
1K
0G
#13540000
0!
0A
#13550000
1!
1A
1L
0I
0J
1M
1?
0@
0N
1F
0.
1-
0O
1G
1O
#13560000
0!
0A
#13570000
1!
1A
1I
1J
1@
1^
1Z
0V
1R
1N
0F
1.
0K
0G
0O
0S
0W
1[
#13580000
0!
0A
#13590000
1!
1A
1\
0X
0T
0P
0L
0I
0J
0M
0Q
0U
0Y
1]
1;
0<
0=
0>
0?
0@
0^
0Z
0R
0N
1F
0.
0-
0,
0+
0*
1)
1_
1G
0_
#13600000
0!
0A
#13610000
1!
1A
1I
1J
1@
1N
0F
1.
1K
0G
#13620000
0!
0A
#13630000
1!
1A
1L
0I
0J
1M
1?
0@
0N
1F
0.
1-
1O
1G
0O
#13640000
0!
0A
#13650000
1!
1A
1I
1J
1@
1R
1N
0F
1.
0K
0G
1O
#13660000
0!
0A
#13670000
1!
1A
1P
0L
0I
0J
0M
1Q
1>
0?
0@
0R
0N
1F
0.
0-
1,
1S
1G
0S
#13680000
0!
0A
#13690000
1!
1A
1I
1J
1@
1N
0F
1.
1K
0G
#13700000
0!
0A
#13710000
1!
1A
1L
0I
0J
1M
1?
0@
0N
1F
0.
1-
0O
1G
1O
#13720000
0!
0A
#13730000
1!
1A
1I
1J
1@
1R
1N
0F
1.
0K
0G
0O
1S
#13740000
0!
0A
#13750000
1!
1A
1T
0P
0L
0I
0J
0M
0Q
1U
1=
0>
0?
0@
0R
0N
1F
0.
0-
0,
1+
1G
#13760000
0!
0A
#13770000
1!
1A
1I
1J
1@
1N
0F
1.
1K
0G
#13780000
0!
0A
#13790000
1!
1A
1L
0I
0J
1M
1?
0@
0N
1F
0.
1-
1O
1G
0O
#13800000
0!
0A
#13810000
1!
1A
1I
1J
1@
1R
1N
0F
1.
0K
0G
1O
#13820000
0!
0A
#13830000
1!
1A
1P
0L
0I
0J
0M
1Q
1>
0?
0@
0R
0N
1F
0.
0-
1,
0S
1G
1S
#13840000
0!
0A
#13850000
1!
1A
1I
1J
1@
1N
0F
1.
1K
0G
#13860000
0!
0A
#13870000
1!
1A
1L
0I
0J
1M
1?
0@
0N
1F
0.
1-
0O
1G
1O
#13880000
0!
0A
#13890000
1!
1A
1I
1J
1@
1Z
1V
1R
1N
0F
1.
0K
0G
0O
0S
1W
#13900000
0!
0A
#13910000
1!
1A
1X
0T
0P
0L
0I
0J
0M
0Q
0U
1Y
1<
0=
0>
0?
0@
0Z
0R
0N
1F
0.
0-
0,
0+
1*
0[
1G
1[
#13920000
0!
0A
#13930000
1!
1A
1I
1J
1@
1N
0F
1.
1K
0G
#13940000
0!
0A
#13950000
1!
1A
1L
0I
0J
1M
1?
0@
0N
1F
0.
1-
1O
1G
0O
#13960000
0!
0A
#13970000
1!
1A
1I
1J
1@
1R
1N
0F
1.
0K
0G
1O
#13980000
0!
0A
#13990000
1!
1A
1P
0L
0I
0J
0M
1Q
1>
0?
0@
0R
0N
1F
0.
0-
1,
1S
1G
0S
#14000000
0!
0A
#14010000
1!
1A
1I
1J
1@
1N
0F
1.
1K
0G
#14020000
0!
0A
#14030000
1!
1A
1L
0I
0J
1M
1?
0@
0N
1F
0.
1-
0O
1G
1O
#14040000
0!
0A
#14050000
1!
1A
1I
1J
1@
1R
1N
0F
1.
0K
0G
0O
1S
#14060000
0!
0A
#14070000
1!
1A
1T
0P
0L
0I
0J
0M
0Q
1U
1=
0>
0?
0@
0R
0N
1F
0.
0-
0,
1+
1G
#14080000
0!
0A
#14090000
1!
1A
1I
1J
1@
1N
0F
1.
1K
0G
#14100000
0!
0A
#14110000
1!
1A
1L
0I
0J
1M
1?
0@
0N
1F
0.
1-
1O
1G
0O
#14120000
0!
0A
#14130000
1!
1A
1I
1J
1@
1R
1N
0F
1.
0K
0G
1O
#14140000
0!
0A
#14150000
1!
1A
1P
0L
0I
0J
0M
1Q
1>
0?
0@
0R
0N
1F
0.
0-
1,
0S
1G
1S
#14160000
0!
0A
#14170000
1!
1A
1I
1J
1@
1N
0F
1.
1K
0G
#14180000
0!
0A
#14190000
1!
1A
1L
0I
0J
1M
1?
0@
0N
1F
0.
1-
0O
1G
1O
#14200000
0!
0A
#14210000
1!
1A
1I
1J
1@
1^
1Z
0V
1R
1N
0F
1.
0K
0G
0O
0S
0W
0[
1_
#14220000
0!
0A
#14230000
1!
1A
1`
0\
0X
0T
0P
0L
0I
0J
0M
0Q
0U
0Y
0]
1a
1:
0;
0<
0=
0>
0?
0@
0^
0Z
0R
0N
1F
0.
0-
0,
0+
0*
0)
1(
1G
#14240000
0!
0A
#14250000
1!
1A
1I
1J
1@
1N
0F
1.
1K
0G
#14260000
0!
0A
#14270000
1!
1A
1L
0I
0J
1M
1?
0@
0N
1F
0.
1-
1O
1G
0O
#14280000
0!
0A
#14290000
1!
1A
1I
1J
1@
1R
1N
0F
1.
0K
0G
1O
#14300000
0!
0A
#14310000
1!
1A
1P
0L
0I
0J
0M
1Q
1>
0?
0@
0R
0N
1F
0.
0-
1,
1S
1G
0S
#14320000
0!
0A
#14330000
1!
1A
1I
1J
1@
1N
0F
1.
1K
0G
#14340000
0!
0A
#14350000
1!
1A
1L
0I
0J
1M
1?
0@
0N
1F
0.
1-
0O
1G
1O
#14360000
0!
0A
#14370000
1!
1A
1I
1J
1@
1R
1N
0F
1.
0K
0G
0O
1S
#14380000
0!
0A
#14390000
1!
1A
1T
0P
0L
0I
0J
0M
0Q
1U
1=
0>
0?
0@
0R
0N
1F
0.
0-
0,
1+
1G
#14400000
0!
0A
#14410000
1!
1A
1I
1J
1@
1N
0F
1.
1K
0G
#14420000
0!
0A
#14430000
1!
1A
1L
0I
0J
1M
1?
0@
0N
1F
0.
1-
1O
1G
0O
#14440000
0!
0A
#14450000
1!
1A
1I
1J
1@
1R
1N
0F
1.
0K
0G
1O
#14460000
0!
0A
#14470000
1!
1A
1P
0L
0I
0J
0M
1Q
1>
0?
0@
0R
0N
1F
0.
0-
1,
0S
1G
1S
#14480000
0!
0A
#14490000
1!
1A
1I
1J
1@
1N
0F
1.
1K
0G
#14500000
0!
0A
#14510000
1!
1A
1L
0I
0J
1M
1?
0@
0N
1F
0.
1-
0O
1G
1O
#14520000
0!
0A
#14530000
1!
1A
1I
1J
1@
1Z
1V
1R
1N
0F
1.
0K
0G
0O
0S
1W
#14540000
0!
0A
#14550000
1!
1A
1X
0T
0P
0L
0I
0J
0M
0Q
0U
1Y
1<
0=
0>
0?
0@
0Z
0R
0N
1F
0.
0-
0,
0+
1*
1[
1G
0[
#14560000
0!
0A
#14570000
1!
1A
1I
1J
1@
1N
0F
1.
1K
0G
#14580000
0!
0A
#14590000
1!
1A
1L
0I
0J
1M
1?
0@
0N
1F
0.
1-
1O
1G
0O
#14600000
0!
0A
#14610000
1!
1A
1I
1J
1@
1R
1N
0F
1.
0K
0G
1O
#14620000
0!
0A
#14630000
1!
1A
1P
0L
0I
0J
0M
1Q
1>
0?
0@
0R
0N
1F
0.
0-
1,
1S
1G
0S
#14640000
0!
0A
#14650000
1!
1A
1I
1J
1@
1N
0F
1.
1K
0G
#14660000
0!
0A
#14670000
1!
1A
1L
0I
0J
1M
1?
0@
0N
1F
0.
1-
0O
1G
1O
#14680000
0!
0A
#14690000
1!
1A
1I
1J
1@
1R
1N
0F
1.
0K
0G
0O
1S
#14700000
0!
0A
#14710000
1!
1A
1T
0P
0L
0I
0J
0M
0Q
1U
1=
0>
0?
0@
0R
0N
1F
0.
0-
0,
1+
1G
#14720000
0!
0A
#14730000
1!
1A
1I
1J
1@
1N
0F
1.
1K
0G
#14740000
0!
0A
#14750000
1!
1A
1L
0I
0J
1M
1?
0@
0N
1F
0.
1-
1O
1G
0O
#14760000
0!
0A
#14770000
1!
1A
1I
1J
1@
1R
1N
0F
1.
0K
0G
1O
#14780000
0!
0A
#14790000
1!
1A
1P
0L
0I
0J
0M
1Q
1>
0?
0@
0R
0N
1F
0.
0-
1,
0S
1G
1S
#14800000
0!
0A
#14810000
1!
1A
1I
1J
1@
1N
0F
1.
1K
0G
#14820000
0!
0A
#14830000
1!
1A
1L
0I
0J
1M
1?
0@
0N
1F
0.
1-
0O
1G
1O
#14840000
0!
0A
#14850000
1!
1A
1I
1J
1@
1^
1Z
0V
1R
1N
0F
1.
0K
0G
0O
0S
0W
1[
#14860000
0!
0A
#14870000
1!
1A
1\
0X
0T
0P
0L
0I
0J
0M
0Q
0U
0Y
1]
1;
0<
0=
0>
0?
0@
0^
0Z
0R
0N
1F
0.
0-
0,
0+
0*
1)
1e
0b
0_
1G
0e
1b
1_
#14880000
0!
0A
#14890000
1!
1A
1I
1J
1@
1N
0F
1.
1K
0G
#14900000
0!
0A
#14910000
1!
1A
1L
0I
0J
1M
1?
0@
0N
1F
0.
1-
1O
1G
0O
#14920000
0!
0A
#14930000
1!
1A
1I
1J
1@
1R
1N
0F
1.
0K
0G
1O
#14940000
0!
0A
#14950000
1!
1A
1P
0L
0I
0J
0M
1Q
1>
0?
0@
0R
0N
1F
0.
0-
1,
1S
1G
0S
#14960000
0!
0A
#14970000
1!
1A
1I
1J
1@
1N
0F
1.
1K
0G
#14980000
0!
0A
#14990000
1!
1A
1L
0I
0J
1M
1?
0@
0N
1F
0.
1-
0O
1G
1O
#15000000
0!
0A
#15010000
1!
1A
1I
1J
1@
1R
1N
0F
1.
0K
0G
0O
1S
#15020000
0!
0A
#15030000
1!
1A
1T
0P
0L
0I
0J
0M
0Q
1U
1=
0>
0?
0@
0R
0N
1F
0.
0-
0,
1+
1G
#15040000
0!
0A
#15050000
1!
1A
1I
1J
1@
1N
0F
1.
1K
0G
#15060000
0!
0A
#15070000
1!
1A
1L
0I
0J
1M
1?
0@
0N
1F
0.
1-
1O
1G
0O
#15080000
0!
0A
#15090000
1!
1A
1I
1J
1@
1R
1N
0F
1.
0K
0G
1O
#15100000
0!
0A
#15110000
1!
1A
1P
0L
0I
0J
0M
1Q
1>
0?
0@
0R
0N
1F
0.
0-
1,
0S
1G
1S
#15120000
0!
0A
#15130000
1!
1A
1I
1J
1@
1N
0F
1.
1K
0G
#15140000
0!
0A
#15150000
1!
1A
1L
0I
0J
1M
1?
0@
0N
1F
0.
1-
0O
1G
1O
#15160000
0!
0A
#15170000
1!
1A
1I
1J
1@
1Z
1V
1R
1N
0F
1.
0K
0G
0O
0S
1W
#15180000
0!
0A
#15190000
1!
1A
1X
0T
0P
0L
0I
0J
0M
0Q
0U
1Y
1<
0=
0>
0?
0@
0Z
0R
0N
1F
0.
0-
0,
0+
1*
0[
1G
1[
#15200000
0!
0A
#15210000
1!
1A
1I
1J
1@
1N
0F
1.
1K
0G
#15220000
0!
0A
#15230000
1!
1A
1L
0I
0J
1M
1?
0@
0N
1F
0.
1-
1O
1G
0O
#15240000
0!
0A
#15250000
1!
1A
1I
1J
1@
1R
1N
0F
1.
0K
0G
1O
#15260000
0!
0A
#15270000
1!
1A
1P
0L
0I
0J
0M
1Q
1>
0?
0@
0R
0N
1F
0.
0-
1,
1S
1G
0S
#15280000
0!
0A
#15290000
1!
1A
1I
1J
1@
1N
0F
1.
1K
0G
#15300000
0!
0A
#15310000
1!
1A
1L
0I
0J
1M
1?
0@
0N
1F
0.
1-
0O
1G
1O
#15320000
0!
0A
#15330000
1!
1A
1I
1J
1@
1R
1N
0F
1.
0K
0G
0O
1S
#15340000
0!
0A
#15350000
1!
1A
1T
0P
0L
0I
0J
0M
0Q
1U
1=
0>
0?
0@
0R
0N
1F
0.
0-
0,
1+
1G
#15360000
0!
0A
#15370000
1!
1A
1I
1J
1@
1N
0F
1.
1K
0G
#15380000
0!
0A
#15390000
1!
1A
1L
0I
0J
1M
1?
0@
0N
1F
0.
1-
1O
1G
0O
#15400000
0!
0A
#15410000
1!
1A
1I
1J
1@
1R
1N
0F
1.
0K
0G
1O
#15420000
0!
0A
#15430000
1!
1A
1P
0L
0I
0J
0M
1Q
1>
0?
0@
0R
0N
1F
0.
0-
1,
0S
1G
1S
#15440000
0!
0A
#15450000
1!
1A
1I
1J
1@
1N
0F
1.
1K
0G
#15460000
0!
0A
#15470000
1!
1A
1L
0I
0J
1M
1?
0@
0N
1F
0.
1-
0O
1G
1O
#15480000
0!
0A
#15490000
1!
1A
1I
1J
1@
1^
1Z
0V
1R
1N
0F
1.
0K
0G
0O
0S
0W
0[
1e
0b
0_
#15500000
0!
0A
#15510000
1!
1A
1f
0c
0`
0\
0X
0T
0P
0L
0I
0J
0M
0Q
0U
0Y
0]
0a
0d
1g
18
09
0:
0;
0<
0=
0>
0?
0@
0^
0Z
0R
0N
1F
0.
0-
0,
0+
0*
0)
0(
0'
1&
1G
#15520000
0!
0A
#15530000
1!
1A
1I
1J
1@
1N
0F
1.
1K
0G
#15540000
0!
0A
#15550000
1!
1A
1L
0I
0J
1M
1?
0@
0N
1F
0.
1-
1O
1G
0O
#15560000
0!
0A
#15570000
1!
1A
1I
1J
1@
1R
1N
0F
1.
0K
0G
1O
#15580000
0!
0A
#15590000
1!
1A
1P
0L
0I
0J
0M
1Q
1>
0?
0@
0R
0N
1F
0.
0-
1,
1S
1G
0S
#15600000
0!
0A
#15610000
1!
1A
1I
1J
1@
1N
0F
1.
1K
0G
#15620000
0!
0A
#15630000
1!
1A
1L
0I
0J
1M
1?
0@
0N
1F
0.
1-
0O
1G
1O
#15640000
0!
0A
#15650000
1!
1A
1I
1J
1@
1R
1N
0F
1.
0K
0G
0O
1S
#15660000
0!
0A
#15670000
1!
1A
1T
0P
0L
0I
0J
0M
0Q
1U
1=
0>
0?
0@
0R
0N
1F
0.
0-
0,
1+
1G
#15680000
0!
0A
#15690000
1!
1A
1I
1J
1@
1N
0F
1.
1K
0G
#15700000
0!
0A
#15710000
1!
1A
1L
0I
0J
1M
1?
0@
0N
1F
0.
1-
1O
1G
0O
#15720000
0!
0A
#15730000
1!
1A
1I
1J
1@
1R
1N
0F
1.
0K
0G
1O
#15740000
0!
0A
#15750000
1!
1A
1P
0L
0I
0J
0M
1Q
1>
0?
0@
0R
0N
1F
0.
0-
1,
0S
1G
1S
#15760000
0!
0A
#15770000
1!
1A
1I
1J
1@
1N
0F
1.
1K
0G
#15780000
0!
0A
#15790000
1!
1A
1L
0I
0J
1M
1?
0@
0N
1F
0.
1-
0O
1G
1O
#15800000
0!
0A
#15810000
1!
1A
1I
1J
1@
1Z
1V
1R
1N
0F
1.
0K
0G
0O
0S
1W
#15820000
0!
0A
#15830000
1!
1A
1X
0T
0P
0L
0I
0J
0M
0Q
0U
1Y
1<
0=
0>
0?
0@
0Z
0R
0N
1F
0.
0-
0,
0+
1*
1[
1G
0[
#15840000
0!
0A
#15850000
1!
1A
1I
1J
1@
1N
0F
1.
1K
0G
#15860000
0!
0A
#15870000
1!
1A
1L
0I
0J
1M
1?
0@
0N
1F
0.
1-
1O
1G
0O
#15880000
0!
0A
#15890000
1!
1A
1I
1J
1@
1R
1N
0F
1.
0K
0G
1O
#15900000
0!
0A
#15910000
1!
1A
1P
0L
0I
0J
0M
1Q
1>
0?
0@
0R
0N
1F
0.
0-
1,
1S
1G
0S
#15920000
0!
0A
#15930000
1!
1A
1I
1J
1@
1N
0F
1.
1K
0G
#15940000
0!
0A
#15950000
1!
1A
1L
0I
0J
1M
1?
0@
0N
1F
0.
1-
0O
1G
1O
#15960000
0!
0A
#15970000
1!
1A
1I
1J
1@
1R
1N
0F
1.
0K
0G
0O
1S
#15980000
0!
0A
#15990000
1!
1A
1T
0P
0L
0I
0J
0M
0Q
1U
1=
0>
0?
0@
0R
0N
1F
0.
0-
0,
1+
1G
#16000000
0!
0A
#16010000
1!
1A
1I
1J
1@
1N
0F
1.
1K
0G
#16020000
0!
0A
#16030000
1!
1A
1L
0I
0J
1M
1?
0@
0N
1F
0.
1-
1O
1G
0O
#16040000
0!
0A
#16050000
1!
1A
1I
1J
1@
1R
1N
0F
1.
0K
0G
1O
#16060000
0!
0A
#16070000
1!
1A
1P
0L
0I
0J
0M
1Q
1>
0?
0@
0R
0N
1F
0.
0-
1,
0S
1G
1S
#16080000
0!
0A
#16090000
1!
1A
1I
1J
1@
1N
0F
1.
1K
0G
#16100000
0!
0A
#16110000
1!
1A
1L
0I
0J
1M
1?
0@
0N
1F
0.
1-
0O
1G
1O
#16120000
0!
0A
#16130000
1!
1A
1I
1J
1@
1^
1Z
0V
1R
1N
0F
1.
0K
0G
0O
0S
0W
1[
#16140000
0!
0A
#16150000
1!
1A
1\
0X
0T
0P
0L
0I
0J
0M
0Q
0U
0Y
1]
1;
0<
0=
0>
0?
0@
1h
0^
0Z
0R
0N
1F
0.
0-
0,
0+
0*
1)
1_
1G
0_
#16160000
0!
0A
#16170000
1!
1A
1I
1J
1@
1N
0F
1.
1K
0G
#16180000
0!
0A
#16190000
1!
1A
1L
0I
0J
1M
1?
0@
0N
1F
0.
1-
1O
1G
0O
#16200000
0!
0A
#16210000
1!
1A
1I
1J
1@
1R
1N
0F
1.
0K
0G
1O
#16220000
0!
0A
#16230000
1!
1A
1P
0L
0I
0J
0M
1Q
1>
0?
0@
0R
0N
1F
0.
0-
1,
1S
1G
0S
#16240000
0!
0A
#16250000
1!
1A
1I
1J
1@
1N
0F
1.
1K
0G
#16260000
0!
0A
#16270000
1!
1A
1L
0I
0J
1M
1?
0@
0N
1F
0.
1-
0O
1G
1O
#16280000
0!
0A
#16290000
1!
1A
1I
1J
1@
1R
1N
0F
1.
0K
0G
0O
1S
#16300000
0!
0A
#16310000
1!
1A
1T
0P
0L
0I
0J
0M
0Q
1U
1=
0>
0?
0@
0R
0N
1F
0.
0-
0,
1+
1G
#16320000
0!
0A
#16330000
1!
1A
1I
1J
1@
1N
0F
1.
1K
0G
#16340000
0!
0A
#16350000
1!
1A
1L
0I
0J
1M
1?
0@
0N
1F
0.
1-
1O
1G
0O
#16360000
0!
0A
#16370000
1!
1A
1I
1J
1@
1R
1N
0F
1.
0K
0G
1O
#16380000
0!
0A
#16390000
1!
1A
1P
0L
0I
0J
0M
1Q
1>
0?
0@
0R
0N
1F
0.
0-
1,
0S
1G
1S
#16400000
0!
0A
#16410000
1!
1A
1I
1J
1@
1N
0F
1.
1K
0G
#16420000
0!
0A
#16430000
1!
1A
1L
0I
0J
1M
1?
0@
0N
1F
0.
1-
0O
1G
1O
#16440000
0!
0A
#16450000
1!
1A
1I
1J
1@
1Z
1V
1R
1N
0F
1.
0K
0G
0O
0S
1W
#16460000
0!
0A
#16470000
1!
1A
1X
0T
0P
0L
0I
0J
0M
0Q
0U
1Y
1<
0=
0>
0?
0@
0Z
0R
0N
1F
0.
0-
0,
0+
1*
0[
1G
1[
#16480000
0!
0A
#16490000
1!
1A
1I
1J
1@
1N
0F
1.
1K
0G
#16500000
0!
0A
#16510000
1!
1A
1L
0I
0J
1M
1?
0@
0N
1F
0.
1-
1O
1G
0O
#16520000
0!
0A
#16530000
1!
1A
1I
1J
1@
1R
1N
0F
1.
0K
0G
1O
#16540000
0!
0A
#16550000
1!
1A
1P
0L
0I
0J
0M
1Q
1>
0?
0@
0R
0N
1F
0.
0-
1,
1S
1G
0S
#16560000
0!
0A
#16570000
1!
1A
1I
1J
1@
1N
0F
1.
1K
0G
#16580000
0!
0A
#16590000
1!
1A
1L
0I
0J
1M
1?
0@
0N
1F
0.
1-
0O
1G
1O
#16600000
0!
0A
#16610000
1!
1A
1I
1J
1@
1R
1N
0F
1.
0K
0G
0O
1S
#16620000
0!
0A
#16630000
1!
1A
1T
0P
0L
0I
0J
0M
0Q
1U
1=
0>
0?
0@
0R
0N
1F
0.
0-
0,
1+
1G
#16640000
0!
0A
#16650000
1!
1A
1I
1J
1@
1N
0F
1.
1K
0G
#16660000
0!
0A
#16670000
1!
1A
1L
0I
0J
1M
1?
0@
0N
1F
0.
1-
1O
1G
0O
#16680000
0!
0A
#16690000
1!
1A
1I
1J
1@
1R
1N
0F
1.
0K
0G
1O
#16700000
0!
0A
#16710000
1!
1A
1P
0L
0I
0J
0M
1Q
1>
0?
0@
0R
0N
1F
0.
0-
1,
0S
1G
1S
#16720000
0!
0A
#16730000
1!
1A
1I
1J
1@
1N
0F
1.
1K
0G
#16740000
0!
0A
#16750000
1!
1A
1L
0I
0J
1M
1?
0@
0N
1F
0.
1-
0O
1G
1O
#16760000
0!
0A
#16770000
1!
1A
1I
1J
1@
1^
1Z
0V
1R
1N
0F
1.
0K
0G
0O
0S
0W
0[
1_
#16780000
0!
0A
#16790000
1!
1A
1`
0\
0X
0T
0P
0L
0I
0J
0M
0Q
0U
0Y
0]
1a
1:
0;
0<
0=
0>
0?
0@
0h
0^
0Z
0R
0N
1F
0.
0-
0,
0+
0*
0)
1(
1G
#16800000
0!
0A
#16810000
1!
1A
1I
1J
1@
1N
0F
1.
1K
0G
#16820000
0!
0A
#16830000
1!
1A
1L
0I
0J
1M
1?
0@
0N
1F
0.
1-
1O
1G
0O
#16840000
0!
0A
#16850000
1!
1A
1I
1J
1@
1R
1N
0F
1.
0K
0G
1O
#16860000
0!
0A
#16870000
1!
1A
1P
0L
0I
0J
0M
1Q
1>
0?
0@
0R
0N
1F
0.
0-
1,
1S
1G
0S
#16880000
0!
0A
#16890000
1!
1A
1I
1J
1@
1N
0F
1.
1K
0G
#16900000
0!
0A
#16910000
1!
1A
1L
0I
0J
1M
1?
0@
0N
1F
0.
1-
0O
1G
1O
#16920000
0!
0A
#16930000
1!
1A
1I
1J
1@
1R
1N
0F
1.
0K
0G
0O
1S
#16940000
0!
0A
#16950000
1!
1A
1T
0P
0L
0I
0J
0M
0Q
1U
1=
0>
0?
0@
0R
0N
1F
0.
0-
0,
1+
1G
#16960000
0!
0A
#16970000
1!
1A
1I
1J
1@
1N
0F
1.
1K
0G
#16980000
0!
0A
#16990000
1!
1A
1L
0I
0J
1M
1?
0@
0N
1F
0.
1-
1O
1G
0O
#17000000
0!
0A
#17010000
1!
1A
1I
1J
1@
1R
1N
0F
1.
0K
0G
1O
#17020000
0!
0A
#17030000
1!
1A
1P
0L
0I
0J
0M
1Q
1>
0?
0@
0R
0N
1F
0.
0-
1,
0S
1G
1S
#17040000
0!
0A
#17050000
1!
1A
1I
1J
1@
1N
0F
1.
1K
0G
#17060000
0!
0A
#17070000
1!
1A
1L
0I
0J
1M
1?
0@
0N
1F
0.
1-
0O
1G
1O
#17080000
0!
0A
#17090000
1!
1A
1I
1J
1@
1Z
1V
1R
1N
0F
1.
0K
0G
0O
0S
1W
#17100000
0!
0A
#17110000
1!
1A
1X
0T
0P
0L
0I
0J
0M
0Q
0U
1Y
1<
0=
0>
0?
0@
0Z
0R
0N
1F
0.
0-
0,
0+
1*
1[
1G
0[
#17120000
0!
0A
#17130000
1!
1A
1I
1J
1@
1N
0F
1.
1K
0G
#17140000
0!
0A
#17150000
1!
1A
1L
0I
0J
1M
1?
0@
0N
1F
0.
1-
1O
1G
0O
#17160000
0!
0A
#17170000
1!
1A
1I
1J
1@
1R
1N
0F
1.
0K
0G
1O
#17180000
0!
0A
#17190000
1!
1A
1P
0L
0I
0J
0M
1Q
1>
0?
0@
0R
0N
1F
0.
0-
1,
1S
1G
0S
#17200000
0!
0A
#17210000
1!
1A
1I
1J
1@
1N
0F
1.
1K
0G
#17220000
0!
0A
#17230000
1!
1A
1L
0I
0J
1M
1?
0@
0N
1F
0.
1-
0O
1G
1O
#17240000
0!
0A
#17250000
1!
1A
1I
1J
1@
1R
1N
0F
1.
0K
0G
0O
1S
#17260000
0!
0A
#17270000
1!
1A
1T
0P
0L
0I
0J
0M
0Q
1U
1=
0>
0?
0@
0R
0N
1F
0.
0-
0,
1+
1G
#17280000
0!
0A
#17290000
1!
1A
1I
1J
1@
1N
0F
1.
1K
0G
#17300000
0!
0A
#17310000
1!
1A
1L
0I
0J
1M
1?
0@
0N
1F
0.
1-
1O
1G
0O
#17320000
0!
0A
#17330000
1!
1A
1I
1J
1@
1R
1N
0F
1.
0K
0G
1O
#17340000
0!
0A
#17350000
1!
1A
1P
0L
0I
0J
0M
1Q
1>
0?
0@
0R
0N
1F
0.
0-
1,
0S
1G
1S
#17360000
0!
0A
#17370000
1!
1A
1I
1J
1@
1N
0F
1.
1K
0G
#17380000
0!
0A
#17390000
1!
1A
1L
0I
0J
1M
1?
0@
0N
1F
0.
1-
0O
1G
1O
#17400000
0!
0A
#17410000
1!
1A
1I
1J
1@
1^
1Z
0V
1R
1N
0F
1.
0K
0G
0O
0S
0W
1[
#17420000
0!
0A
#17430000
1!
1A
1\
0X
0T
0P
0L
0I
0J
0M
0Q
0U
0Y
1]
1;
0<
0=
0>
0?
0@
1h
0^
0Z
0R
0N
1F
0.
0-
0,
0+
0*
1)
1b
0_
1G
0b
1_
#17440000
0!
0A
#17450000
1!
1A
1I
1J
1@
1N
0F
1.
1K
0G
#17460000
0!
0A
#17470000
1!
1A
1L
0I
0J
1M
1?
0@
0N
1F
0.
1-
1O
1G
0O
#17480000
0!
0A
#17490000
1!
1A
1I
1J
1@
1R
1N
0F
1.
0K
0G
1O
#17500000
0!
0A
#17510000
1!
1A
1P
0L
0I
0J
0M
1Q
1>
0?
0@
0R
0N
1F
0.
0-
1,
1S
1G
0S
#17520000
0!
0A
#17530000
1!
1A
1I
1J
1@
1N
0F
1.
1K
0G
#17540000
0!
0A
#17550000
1!
1A
1L
0I
0J
1M
1?
0@
0N
1F
0.
1-
0O
1G
1O
#17560000
0!
0A
#17570000
1!
1A
1I
1J
1@
1R
1N
0F
1.
0K
0G
0O
1S
#17580000
0!
0A
#17590000
1!
1A
1T
0P
0L
0I
0J
0M
0Q
1U
1=
0>
0?
0@
0R
0N
1F
0.
0-
0,
1+
1G
#17600000
0!
0A
#17610000
1!
1A
1I
1J
1@
1N
0F
1.
1K
0G
#17620000
0!
0A
#17630000
1!
1A
1L
0I
0J
1M
1?
0@
0N
1F
0.
1-
1O
1G
0O
#17640000
0!
0A
#17650000
1!
1A
1I
1J
1@
1R
1N
0F
1.
0K
0G
1O
#17660000
0!
0A
#17670000
1!
1A
1P
0L
0I
0J
0M
1Q
1>
0?
0@
0R
0N
1F
0.
0-
1,
0S
1G
1S
#17680000
0!
0A
#17690000
1!
1A
1I
1J
1@
1N
0F
1.
1K
0G
#17700000
0!
0A
#17710000
1!
1A
1L
0I
0J
1M
1?
0@
0N
1F
0.
1-
0O
1G
1O
#17720000
0!
0A
#17730000
1!
1A
1I
1J
1@
1Z
1V
1R
1N
0F
1.
0K
0G
0O
0S
1W
#17740000
0!
0A
#17750000
1!
1A
1X
0T
0P
0L
0I
0J
0M
0Q
0U
1Y
1<
0=
0>
0?
0@
0Z
0R
0N
1F
0.
0-
0,
0+
1*
0[
1G
1[
#17760000
0!
0A
#17770000
1!
1A
1I
1J
1@
1N
0F
1.
1K
0G
#17780000
0!
0A
#17790000
1!
1A
1L
0I
0J
1M
1?
0@
0N
1F
0.
1-
1O
1G
0O
#17800000
0!
0A
#17810000
1!
1A
1I
1J
1@
1R
1N
0F
1.
0K
0G
1O
#17820000
0!
0A
#17830000
1!
1A
1P
0L
0I
0J
0M
1Q
1>
0?
0@
0R
0N
1F
0.
0-
1,
1S
1G
0S
#17840000
0!
0A
#17850000
1!
1A
1I
1J
1@
1N
0F
1.
1K
0G
#17860000
0!
0A
#17870000
1!
1A
1L
0I
0J
1M
1?
0@
0N
1F
0.
1-
0O
1G
1O
#17880000
0!
0A
#17890000
1!
1A
1I
1J
1@
1R
1N
0F
1.
0K
0G
0O
1S
#17900000
0!
0A
#17910000
1!
1A
1T
0P
0L
0I
0J
0M
0Q
1U
1=
0>
0?
0@
0R
0N
1F
0.
0-
0,
1+
1G
#17920000
0!
0A
#17930000
1!
1A
1I
1J
1@
1N
0F
1.
1K
0G
#17940000
0!
0A
#17950000
1!
1A
1L
0I
0J
1M
1?
0@
0N
1F
0.
1-
1O
1G
0O
#17960000
0!
0A
#17970000
1!
1A
1I
1J
1@
1R
1N
0F
1.
0K
0G
1O
#17980000
0!
0A
#17990000
1!
1A
1P
0L
0I
0J
0M
1Q
1>
0?
0@
0R
0N
1F
0.
0-
1,
0S
1G
1S
#18000000
0!
0A
#18010000
1!
1A
1I
1J
1@
1N
0F
1.
1K
0G
#18020000
0!
0A
#18030000
1!
1A
1L
0I
0J
1M
1?
0@
0N
1F
0.
1-
0O
1G
1O
#18040000
0!
0A
#18050000
1!
1A
1I
1J
1@
1^
1Z
0V
1R
1N
0F
1.
0K
0G
0O
0S
0W
0[
1b
0_
#18060000
0!
0A
#18070000
1!
1A
1c
0`
0\
0X
0T
0P
0L
0I
0J
0M
0Q
0U
0Y
0]
0a
1d
19
0:
0;
0<
0=
0>
0?
0@
0h
0^
0Z
0R
0N
1F
0.
0-
0,
0+
0*
0)
0(
1'
1G
#18080000
0!
0A
#18090000
1!
1A
1I
1J
1@
1N
0F
1.
1K
0G
#18100000
0!
0A
#18110000
1!
1A
1L
0I
0J
1M
1?
0@
0N
1F
0.
1-
1O
1G
0O
#18120000
0!
0A
#18130000
1!
1A
1I
1J
1@
1R
1N
0F
1.
0K
0G
1O
#18140000
0!
0A
#18150000
1!
1A
1P
0L
0I
0J
0M
1Q
1>
0?
0@
0R
0N
1F
0.
0-
1,
1S
1G
0S
#18160000
0!
0A
#18170000
1!
1A
1I
1J
1@
1N
0F
1.
1K
0G
#18180000
0!
0A
#18190000
1!
1A
1L
0I
0J
1M
1?
0@
0N
1F
0.
1-
0O
1G
1O
#18200000
0!
0A
#18210000
1!
1A
1I
1J
1@
1R
1N
0F
1.
0K
0G
0O
1S
#18220000
0!
0A
#18230000
1!
1A
1T
0P
0L
0I
0J
0M
0Q
1U
1=
0>
0?
0@
0R
0N
1F
0.
0-
0,
1+
1G
#18240000
0!
0A
#18250000
1!
1A
1I
1J
1@
1N
0F
1.
1K
0G
#18260000
0!
0A
#18270000
1!
1A
1L
0I
0J
1M
1?
0@
0N
1F
0.
1-
1O
1G
0O
#18280000
0!
0A
#18290000
1!
1A
1I
1J
1@
1R
1N
0F
1.
0K
0G
1O
#18300000
0!
0A
#18310000
1!
1A
1P
0L
0I
0J
0M
1Q
1>
0?
0@
0R
0N
1F
0.
0-
1,
0S
1G
1S
#18320000
0!
0A
#18330000
1!
1A
1I
1J
1@
1N
0F
1.
1K
0G
#18340000
0!
0A
#18350000
1!
1A
1L
0I
0J
1M
1?
0@
0N
1F
0.
1-
0O
1G
1O
#18360000
0!
0A
#18370000
1!
1A
1I
1J
1@
1Z
1V
1R
1N
0F
1.
0K
0G
0O
0S
1W
#18380000
0!
0A
#18390000
1!
1A
1X
0T
0P
0L
0I
0J
0M
0Q
0U
1Y
1<
0=
0>
0?
0@
0Z
0R
0N
1F
0.
0-
0,
0+
1*
1[
1G
0[
#18400000
0!
0A
#18410000
1!
1A
1I
1J
1@
1N
0F
1.
1K
0G
#18420000
0!
0A
#18430000
1!
1A
1L
0I
0J
1M
1?
0@
0N
1F
0.
1-
1O
1G
0O
#18440000
0!
0A
#18450000
1!
1A
1I
1J
1@
1R
1N
0F
1.
0K
0G
1O
#18460000
0!
0A
#18470000
1!
1A
1P
0L
0I
0J
0M
1Q
1>
0?
0@
0R
0N
1F
0.
0-
1,
1S
1G
0S
#18480000
0!
0A
#18490000
1!
1A
1I
1J
1@
1N
0F
1.
1K
0G
#18500000
0!
0A
#18510000
1!
1A
1L
0I
0J
1M
1?
0@
0N
1F
0.
1-
0O
1G
1O
#18520000
0!
0A
#18530000
1!
1A
1I
1J
1@
1R
1N
0F
1.
0K
0G
0O
1S
#18540000
0!
0A
#18550000
1!
1A
1T
0P
0L
0I
0J
0M
0Q
1U
1=
0>
0?
0@
0R
0N
1F
0.
0-
0,
1+
1G
#18560000
0!
0A
#18570000
1!
1A
1I
1J
1@
1N
0F
1.
1K
0G
#18580000
0!
0A
#18590000
1!
1A
1L
0I
0J
1M
1?
0@
0N
1F
0.
1-
1O
1G
0O
#18600000
0!
0A
#18610000
1!
1A
1I
1J
1@
1R
1N
0F
1.
0K
0G
1O
#18620000
0!
0A
#18630000
1!
1A
1P
0L
0I
0J
0M
1Q
1>
0?
0@
0R
0N
1F
0.
0-
1,
0S
1G
1S
#18640000
0!
0A
#18650000
1!
1A
1I
1J
1@
1N
0F
1.
1K
0G
#18660000
0!
0A
#18670000
1!
1A
1L
0I
0J
1M
1?
0@
0N
1F
0.
1-
0O
1G
1O
#18680000
0!
0A
#18690000
1!
1A
1I
1J
1@
1^
1Z
0V
1R
1N
0F
1.
0K
0G
0O
0S
0W
1[
#18700000
0!
0A
#18710000
1!
1A
1\
0X
0T
0P
0L
0I
0J
0M
0Q
0U
0Y
1]
1;
0<
0=
0>
0?
0@
1h
0^
0Z
0R
0N
1F
0.
0-
0,
0+
0*
1)
1_
1G
0_
#18720000
0!
0A
#18730000
1!
1A
1I
1J
1@
1N
0F
1.
1K
0G
#18740000
0!
0A
#18750000
1!
1A
1L
0I
0J
1M
1?
0@
0N
1F
0.
1-
1O
1G
0O
#18760000
0!
0A
#18770000
1!
1A
1I
1J
1@
1R
1N
0F
1.
0K
0G
1O
#18780000
0!
0A
#18790000
1!
1A
1P
0L
0I
0J
0M
1Q
1>
0?
0@
0R
0N
1F
0.
0-
1,
1S
1G
0S
#18800000
0!
0A
#18810000
1!
1A
1I
1J
1@
1N
0F
1.
1K
0G
#18820000
0!
0A
#18830000
1!
1A
1L
0I
0J
1M
1?
0@
0N
1F
0.
1-
0O
1G
1O
#18840000
0!
0A
#18850000
1!
1A
1I
1J
1@
1R
1N
0F
1.
0K
0G
0O
1S
#18860000
0!
0A
#18870000
1!
1A
1T
0P
0L
0I
0J
0M
0Q
1U
1=
0>
0?
0@
0R
0N
1F
0.
0-
0,
1+
1G
#18880000
0!
0A
#18890000
1!
1A
1I
1J
1@
1N
0F
1.
1K
0G
#18900000
0!
0A
#18910000
1!
1A
1L
0I
0J
1M
1?
0@
0N
1F
0.
1-
1O
1G
0O
#18920000
0!
0A
#18930000
1!
1A
1I
1J
1@
1R
1N
0F
1.
0K
0G
1O
#18940000
0!
0A
#18950000
1!
1A
1P
0L
0I
0J
0M
1Q
1>
0?
0@
0R
0N
1F
0.
0-
1,
0S
1G
1S
#18960000
0!
0A
#18970000
1!
1A
1I
1J
1@
1N
0F
1.
1K
0G
#18980000
0!
0A
#18990000
1!
1A
1L
0I
0J
1M
1?
0@
0N
1F
0.
1-
0O
1G
1O
#19000000
0!
0A
#19010000
1!
1A
1I
1J
1@
1Z
1V
1R
1N
0F
1.
0K
0G
0O
0S
1W
#19020000
0!
0A
#19030000
1!
1A
1X
0T
0P
0L
0I
0J
0M
0Q
0U
1Y
1<
0=
0>
0?
0@
0Z
0R
0N
1F
0.
0-
0,
0+
1*
0[
1G
1[
#19040000
0!
0A
#19050000
1!
1A
1I
1J
1@
1N
0F
1.
1K
0G
#19060000
0!
0A
#19070000
1!
1A
1L
0I
0J
1M
1?
0@
0N
1F
0.
1-
1O
1G
0O
#19080000
0!
0A
#19090000
1!
1A
1I
1J
1@
1R
1N
0F
1.
0K
0G
1O
#19100000
0!
0A
#19110000
1!
1A
1P
0L
0I
0J
0M
1Q
1>
0?
0@
0R
0N
1F
0.
0-
1,
1S
1G
0S
#19120000
0!
0A
#19130000
1!
1A
1I
1J
1@
1N
0F
1.
1K
0G
#19140000
0!
0A
#19150000
1!
1A
1L
0I
0J
1M
1?
0@
0N
1F
0.
1-
0O
1G
1O
#19160000
0!
0A
#19170000
1!
1A
1I
1J
1@
1R
1N
0F
1.
0K
0G
0O
1S
#19180000
0!
0A
#19190000
1!
1A
1T
0P
0L
0I
0J
0M
0Q
1U
1=
0>
0?
0@
0R
0N
1F
0.
0-
0,
1+
1G
#19200000
0!
0A
#19210000
1!
1A
1I
1J
1@
1N
0F
1.
1K
0G
#19220000
0!
0A
#19230000
1!
1A
1L
0I
0J
1M
1?
0@
0N
1F
0.
1-
1O
1G
0O
#19240000
0!
0A
#19250000
1!
1A
1I
1J
1@
1R
1N
0F
1.
0K
0G
1O
#19260000
0!
0A
#19270000
1!
1A
1P
0L
0I
0J
0M
1Q
1>
0?
0@
0R
0N
1F
0.
0-
1,
0S
1G
1S
#19280000
0!
0A
#19290000
1!
1A
1I
1J
1@
1N
0F
1.
1K
0G
#19300000
0!
0A
#19310000
1!
1A
1L
0I
0J
1M
1?
0@
0N
1F
0.
1-
0O
1G
1O
#19320000
0!
0A
#19330000
1!
1A
1I
1J
1@
1^
1Z
0V
1R
1N
0F
1.
0K
0G
0O
0S
0W
0[
1_
#19340000
0!
0A
#19350000
1!
1A
1`
0\
0X
0T
0P
0L
0I
0J
0M
0Q
0U
0Y
0]
1a
1:
0;
0<
0=
0>
0?
0@
0h
0^
0Z
0R
0N
1F
0.
0-
0,
0+
0*
0)
1(
0i
1G
1i
#19360000
0!
0A
#19370000
1!
1A
1I
1J
1@
1N
0F
1.
1K
0G
#19380000
0!
0A
#19390000
1!
1A
1L
0I
0J
1M
1?
0@
0N
1F
0.
1-
1O
1G
0O
#19400000
0!
0A
#19410000
1!
1A
1I
1J
1@
1R
1N
0F
1.
0K
0G
1O
#19420000
0!
0A
#19430000
1!
1A
1P
0L
0I
0J
0M
1Q
1>
0?
0@
0R
0N
1F
0.
0-
1,
1S
1G
0S
#19440000
0!
0A
#19450000
1!
1A
1I
1J
1@
1N
0F
1.
1K
0G
#19460000
0!
0A
#19470000
1!
1A
1L
0I
0J
1M
1?
0@
0N
1F
0.
1-
0O
1G
1O
#19480000
0!
0A
#19490000
1!
1A
1I
1J
1@
1R
1N
0F
1.
0K
0G
0O
1S
#19500000
0!
0A
#19510000
1!
1A
1T
0P
0L
0I
0J
0M
0Q
1U
1=
0>
0?
0@
0R
0N
1F
0.
0-
0,
1+
1G
#19520000
0!
0A
#19530000
1!
1A
1I
1J
1@
1N
0F
1.
1K
0G
#19540000
0!
0A
#19550000
1!
1A
1L
0I
0J
1M
1?
0@
0N
1F
0.
1-
1O
1G
0O
#19560000
0!
0A
#19570000
1!
1A
1I
1J
1@
1R
1N
0F
1.
0K
0G
1O
#19580000
0!
0A
#19590000
1!
1A
1P
0L
0I
0J
0M
1Q
1>
0?
0@
0R
0N
1F
0.
0-
1,
0S
1G
1S
#19600000
0!
0A
#19610000
1!
1A
1I
1J
1@
1N
0F
1.
1K
0G
#19620000
0!
0A
#19630000
1!
1A
1L
0I
0J
1M
1?
0@
0N
1F
0.
1-
0O
1G
1O
#19640000
0!
0A
#19650000
1!
1A
1I
1J
1@
1Z
1V
1R
1N
0F
1.
0K
0G
0O
0S
1W
#19660000
0!
0A
#19670000
1!
1A
1X
0T
0P
0L
0I
0J
0M
0Q
0U
1Y
1<
0=
0>
0?
0@
0Z
0R
0N
1F
0.
0-
0,
0+
1*
1[
1G
0[
#19680000
0!
0A
#19690000
1!
1A
1I
1J
1@
1N
0F
1.
1K
0G
#19700000
0!
0A
#19710000
1!
1A
1L
0I
0J
1M
1?
0@
0N
1F
0.
1-
1O
1G
0O
#19720000
0!
0A
#19730000
1!
1A
1I
1J
1@
1R
1N
0F
1.
0K
0G
1O
#19740000
0!
0A
#19750000
1!
1A
1P
0L
0I
0J
0M
1Q
1>
0?
0@
0R
0N
1F
0.
0-
1,
1S
1G
0S
#19760000
0!
0A
#19770000
1!
1A
1I
1J
1@
1N
0F
1.
1K
0G
#19780000
0!
0A
#19790000
1!
1A
1L
0I
0J
1M
1?
0@
0N
1F
0.
1-
0O
1G
1O
#19800000
0!
0A
#19810000
1!
1A
1I
1J
1@
1R
1N
0F
1.
0K
0G
0O
1S
#19820000
0!
0A
#19830000
1!
1A
1T
0P
0L
0I
0J
0M
0Q
1U
1=
0>
0?
0@
0R
0N
1F
0.
0-
0,
1+
1G
#19840000
0!
0A
#19850000
1!
1A
1I
1J
1@
1N
0F
1.
1K
0G
#19860000
0!
0A
#19870000
1!
1A
1L
0I
0J
1M
1?
0@
0N
1F
0.
1-
1O
1G
0O
#19880000
0!
0A
#19890000
1!
1A
1I
1J
1@
1R
1N
0F
1.
0K
0G
1O
#19900000
0!
0A
#19910000
1!
1A
1P
0L
0I
0J
0M
1Q
1>
0?
0@
0R
0N
1F
0.
0-
1,
0S
1G
1S
#19920000
0!
0A
#19930000
1!
1A
1I
1J
1@
1N
0F
1.
1K
0G
#19940000
0!
0A
#19950000
1!
1A
1L
0I
0J
1M
1?
0@
0N
1F
0.
1-
0O
1G
1O
#19960000
0!
0A
#19970000
1!
1A
1I
1J
1@
1^
1Z
0V
1R
1N
0F
1.
0K
0G
0O
0S
0W
1[
#19980000
0!
0A
#19990000
1!
1A
1\
0X
0T
0P
0L
0I
0J
0M
0Q
0U
0Y
1]
1;
0<
0=
0>
0?
0@
1h
0^
0Z
0R
0N
1F
0.
0-
0,
0+
0*
1)
1l
0e
0b
0_
16
1/
1G
0l
1e
1b
1_
06
0/
#20000000
0!
0A
#20010000
1!
1A
1I
1J
1@
1N
0F
1.
1K
0G
#20020000
0!
0A
#20030000
1!
1A
1L
0I
0J
1M
1?
0@
0N
1F
0.
1-
1O
1G
0O
#20040000
0!
0A
#20050000
1!
1A
1I
1J
1@
1R
1N
0F
1.
0K
0G
1O
#20060000
0!
0A
#20070000
1!
1A
1P
0L
0I
0J
0M
1Q
1>
0?
0@
0R
0N
1F
0.
0-
1,
1S
1G
0S
#20080000
0!
0A
#20090000
1!
1A
1I
1J
1@
1N
0F
1.
1K
0G
#20100000
0!
0A
#20110000
1!
1A
1L
0I
0J
1M
1?
0@
0N
1F
0.
1-
0O
1G
1O
#20120000
0!
0A
#20130000
1!
1A
1I
1J
1@
1R
1N
0F
1.
0K
0G
0O
1S
#20140000
0!
0A
#20150000
1!
1A
1T
0P
0L
0I
0J
0M
0Q
1U
1=
0>
0?
0@
0R
0N
1F
0.
0-
0,
1+
1G
#20160000
0!
0A
#20170000
1!
1A
1I
1J
1@
1N
0F
1.
1K
0G
#20180000
0!
0A
#20190000
1!
1A
1L
0I
0J
1M
1?
0@
0N
1F
0.
1-
1O
1G
0O
#20200000
0!
0A
#20210000
1!
1A
1I
1J
1@
1R
1N
0F
1.
0K
0G
1O
#20220000
0!
0A
#20230000
1!
1A
1P
0L
0I
0J
0M
1Q
1>
0?
0@
0R
0N
1F
0.
0-
1,
0S
1G
1S
#20240000
0!
0A
#20250000
1!
1A
1I
1J
1@
1N
0F
1.
1K
0G
#20260000
0!
0A
#20270000
1!
1A
1L
0I
0J
1M
1?
0@
0N
1F
0.
1-
0O
1G
1O
#20280000
0!
0A
#20290000
1!
1A
1I
1J
1@
1Z
1V
1R
1N
0F
1.
0K
0G
0O
0S
1W
#20300000
0!
0A
#20310000
1!
1A
1X
0T
0P
0L
0I
0J
0M
0Q
0U
1Y
1<
0=
0>
0?
0@
0Z
0R
0N
1F
0.
0-
0,
0+
1*
0[
1G
1[
#20320000
0!
0A
#20330000
1!
1A
1I
1J
1@
1N
0F
1.
1K
0G
#20340000
0!
0A
#20350000
1!
1A
1L
0I
0J
1M
1?
0@
0N
1F
0.
1-
1O
1G
0O
#20360000
0!
0A
#20370000
1!
1A
1I
1J
1@
1R
1N
0F
1.
0K
0G
1O
#20380000
0!
0A
#20390000
1!
1A
1P
0L
0I
0J
0M
1Q
1>
0?
0@
0R
0N
1F
0.
0-
1,
1S
1G
0S
#20400000
0!
0A
#20410000
1!
1A
1I
1J
1@
1N
0F
1.
1K
0G
#20420000
0!
0A
#20430000
1!
1A
1L
0I
0J
1M
1?
0@
0N
1F
0.
1-
0O
1G
1O
#20440000
0!
0A
#20450000
1!
1A
1I
1J
1@
1R
1N
0F
1.
0K
0G
0O
1S
#20460000
0!
0A
#20470000
1!
1A
1T
0P
0L
0I
0J
0M
0Q
1U
1=
0>
0?
0@
0R
0N
1F
0.
0-
0,
1+
1G
#20480000
0!
0A
#20490000
1!
1A
1I
1J
1@
1N
0F
1.
1K
0G
#20500000
0!
0A
#20510000
1!
1A
1L
0I
0J
1M
1?
0@
0N
1F
0.
1-
1O
1G
0O
#20520000
0!
0A
#20530000
1!
1A
1I
1J
1@
1R
1N
0F
1.
0K
0G
1O
#20540000
0!
0A
#20550000
1!
1A
1P
0L
0I
0J
0M
1Q
1>
0?
0@
0R
0N
1F
0.
0-
1,
0S
1G
1S
#20560000
0!
0A
#20570000
1!
1A
1I
1J
1@
1N
0F
1.
1K
0G
#20580000
0!
0A
#20590000
1!
1A
1L
0I
0J
1M
1?
0@
0N
1F
0.
1-
0O
1G
1O
#20600000
0!
0A
#20610000
1!
1A
1I
1J
1@
1^
1Z
0V
1R
1N
0F
1.
0K
0G
0O
0S
0W
0[
1l
0i
0e
0b
0_
16
1/
#20620000
0!
0A
#20630000
1!
1A
0j
0f
0c
0`
0\
0X
0T
0P
0L
0I
0J
0M
0Q
0U
0Y
0]
0a
0d
0g
0k
07
08
09
0:
0;
0<
0=
0>
0?
0@
0h
0^
0Z
0R
0N
1F
0.
0-
0,
0+
0*
0)
0(
0'
0&
0%
0l
06
0/
1G
#20640000
0!
0A
#20650000
1!
1A
1I
1J
1@
1N
0F
1.
1K
0G
#20660000
0!
0A
#20670000
1!
1A
1L
0I
0J
1M
1?
0@
0N
1F
0.
1-
1O
1G
0O
#20680000
0!
0A
#20690000
1!
1A
1I
1J
1@
1R
1N
0F
1.
0K
0G
1O
#20700000
0!
0A
#20710000
1!
1A
1P
0L
0I
0J
0M
1Q
1>
0?
0@
0R
0N
1F
0.
0-
1,
1S
1G
0S
#20720000
0!
0A
#20730000
1!
1A
1I
1J
1@
1N
0F
1.
1K
0G
#20740000
0!
0A
#20750000
1!
1A
1L
0I
0J
1M
1?
0@
0N
1F
0.
1-
0O
1G
1O
#20760000
0!
0A
#20770000
1!
1A
1I
1J
1@
1R
1N
0F
1.
0K
0G
0O
1S
#20780000
0!
0A
#20790000
1!
1A
1T
0P
0L
0I
0J
0M
0Q
1U
1=
0>
0?
0@
0R
0N
1F
0.
0-
0,
1+
1G
#20800000
0!
0A
#20810000
1!
1A
1I
1J
1@
1N
0F
1.
1K
0G
#20820000
0!
0A
#20830000
1!
1A
1L
0I
0J
1M
1?
0@
0N
1F
0.
1-
1O
1G
0O
#20840000
0!
0A
#20850000
1!
1A
1I
1J
1@
1R
1N
0F
1.
0K
0G
1O
#20860000
0!
0A
#20870000
1!
1A
1P
0L
0I
0J
0M
1Q
1>
0?
0@
0R
0N
1F
0.
0-
1,
0S
1G
1S
#20880000
0!
0A
#20890000
1!
1A
1I
1J
1@
1N
0F
1.
1K
0G
#20900000
0!
0A
#20910000
1!
1A
1L
0I
0J
1M
1?
0@
0N
1F
0.
1-
0O
1G
1O
#20920000
0!
0A
#20930000
1!
1A
1I
1J
1@
1Z
1V
1R
1N
0F
1.
0K
0G
0O
0S
1W
#20940000
0!
0A
#20950000
1!
1A
1X
0T
0P
0L
0I
0J
0M
0Q
0U
1Y
1<
0=
0>
0?
0@
0Z
0R
0N
1F
0.
0-
0,
0+
1*
1[
1G
0[
#20960000
0!
0A
#20970000
1!
1A
1I
1J
1@
1N
0F
1.
1K
0G
#20980000
0!
0A
#20990000
1!
1A
1L
0I
0J
1M
1?
0@
0N
1F
0.
1-
1O
1G
0O
#21000000
0!
0A
#21010000
1!
1A
1I
1J
1@
1R
1N
0F
1.
0K
0G
1O
#21020000
0!
0A
#21030000
1!
1A
1P
0L
0I
0J
0M
1Q
1>
0?
0@
0R
0N
1F
0.
0-
1,
1S
1G
0S
#21040000
0!
0A
#21050000
1!
1A
1I
1J
1@
1N
0F
1.
1K
0G
#21060000
0!
0A
#21070000
1!
1A
1L
0I
0J
1M
1?
0@
0N
1F
0.
1-
0O
1G
1O
#21080000
0!
0A
#21090000
1!
1A
1I
1J
1@
1R
1N
0F
1.
0K
0G
0O
1S
#21100000
0!
0A
#21110000
1!
1A
1T
0P
0L
0I
0J
0M
0Q
1U
1=
0>
0?
0@
0R
0N
1F
0.
0-
0,
1+
1G
#21120000
0!
0A
#21130000
1!
1A
1I
1J
1@
1N
0F
1.
1K
0G
#21140000
0!
0A
#21150000
1!
1A
1L
0I
0J
1M
1?
0@
0N
1F
0.
1-
1O
1G
0O
#21160000
0!
0A
#21170000
1!
1A
1I
1J
1@
1R
1N
0F
1.
0K
0G
1O
#21180000
0!
0A
#21190000
1!
1A
1P
0L
0I
0J
0M
1Q
1>
0?
0@
0R
0N
1F
0.
0-
1,
0S
1G
1S
#21200000
0!
0A
#21210000
1!
1A
1I
1J
1@
1N
0F
1.
1K
0G
#21220000
0!
0A
#21230000
1!
1A
1L
0I
0J
1M
1?
0@
0N
1F
0.
1-
0O
1G
1O
#21240000
0!
0A
#21250000
1!
1A
1I
1J
1@
1^
1Z
0V
1R
1N
0F
1.
0K
0G
0O
0S
0W
1[
#21260000
0!
0A
#21270000
1!
1A
1\
0X
0T
0P
0L
0I
0J
0M
0Q
0U
0Y
1]
1;
0<
0=
0>
0?
0@
0^
0Z
0R
0N
1F
0.
0-
0,
0+
0*
1)
1_
1G
0_
#21280000
0!
0A
#21290000
1!
1A
1I
1J
1@
1N
0F
1.
1K
0G
#21300000
0!
0A
#21310000
1!
1A
1L
0I
0J
1M
1?
0@
0N
1F
0.
1-
1O
1G
0O
#21320000
0!
0A
#21330000
1!
1A
1I
1J
1@
1R
1N
0F
1.
0K
0G
1O
#21340000
0!
0A
#21350000
1!
1A
1P
0L
0I
0J
0M
1Q
1>
0?
0@
0R
0N
1F
0.
0-
1,
1S
1G
0S
#21360000
0!
0A
#21370000
1!
1A
1I
1J
1@
1N
0F
1.
1K
0G
#21380000
0!
0A
#21390000
1!
1A
1L
0I
0J
1M
1?
0@
0N
1F
0.
1-
0O
1G
1O
#21400000
0!
0A
#21410000
1!
1A
1I
1J
1@
1R
1N
0F
1.
0K
0G
0O
1S
#21420000
0!
0A
#21430000
1!
1A
1T
0P
0L
0I
0J
0M
0Q
1U
1=
0>
0?
0@
0R
0N
1F
0.
0-
0,
1+
1G
#21440000
0!
0A
#21450000
1!
1A
1I
1J
1@
1N
0F
1.
1K
0G
#21460000
0!
0A
#21470000
1!
1A
1L
0I
0J
1M
1?
0@
0N
1F
0.
1-
1O
1G
0O
#21480000
0!
0A
#21490000
1!
1A
1I
1J
1@
1R
1N
0F
1.
0K
0G
1O
#21500000
0!
0A
#21510000
1!
1A
1P
0L
0I
0J
0M
1Q
1>
0?
0@
0R
0N
1F
0.
0-
1,
0S
1G
1S
#21520000
0!
0A
#21530000
1!
1A
1I
1J
1@
1N
0F
1.
1K
0G
#21540000
0!
0A
#21550000
1!
1A
1L
0I
0J
1M
1?
0@
0N
1F
0.
1-
0O
1G
1O
#21560000
0!
0A
#21570000
1!
1A
1I
1J
1@
1Z
1V
1R
1N
0F
1.
0K
0G
0O
0S
1W
#21580000
0!
0A
#21590000
1!
1A
1X
0T
0P
0L
0I
0J
0M
0Q
0U
1Y
1<
0=
0>
0?
0@
0Z
0R
0N
1F
0.
0-
0,
0+
1*
0[
1G
1[
#21600000
0!
0A
#21610000
1!
1A
1I
1J
1@
1N
0F
1.
1K
0G
#21620000
0!
0A
#21630000
1!
1A
1L
0I
0J
1M
1?
0@
0N
1F
0.
1-
1O
1G
0O
#21640000
0!
0A
#21650000
1!
1A
1I
1J
1@
1R
1N
0F
1.
0K
0G
1O
#21660000
0!
0A
#21670000
1!
1A
1P
0L
0I
0J
0M
1Q
1>
0?
0@
0R
0N
1F
0.
0-
1,
1S
1G
0S
#21680000
0!
0A
#21690000
1!
1A
1I
1J
1@
1N
0F
1.
1K
0G
#21700000
0!
0A
#21710000
1!
1A
1L
0I
0J
1M
1?
0@
0N
1F
0.
1-
0O
1G
1O
#21720000
0!
0A
#21730000
1!
1A
1I
1J
1@
1R
1N
0F
1.
0K
0G
0O
1S
#21740000
0!
0A
#21750000
1!
1A
1T
0P
0L
0I
0J
0M
0Q
1U
1=
0>
0?
0@
0R
0N
1F
0.
0-
0,
1+
1G
#21760000
0!
0A
#21770000
1!
1A
1I
1J
1@
1N
0F
1.
1K
0G
#21780000
0!
0A
#21790000
1!
1A
1L
0I
0J
1M
1?
0@
0N
1F
0.
1-
1O
1G
0O
#21800000
0!
0A
#21810000
1!
1A
1I
1J
1@
1R
1N
0F
1.
0K
0G
1O
#21820000
0!
0A
#21830000
1!
1A
1P
0L
0I
0J
0M
1Q
1>
0?
0@
0R
0N
1F
0.
0-
1,
0S
1G
1S
#21840000
0!
0A
#21850000
1!
1A
1I
1J
1@
1N
0F
1.
1K
0G
#21860000
0!
0A
#21870000
1!
1A
1L
0I
0J
1M
1?
0@
0N
1F
0.
1-
0O
1G
1O
#21880000
0!
0A
#21890000
1!
1A
1I
1J
1@
1^
1Z
0V
1R
1N
0F
1.
0K
0G
0O
0S
0W
0[
1_
#21900000
0!
0A
#21910000
1!
1A
1`
0\
0X
0T
0P
0L
0I
0J
0M
0Q
0U
0Y
0]
1a
1:
0;
0<
0=
0>
0?
0@
0^
0Z
0R
0N
1F
0.
0-
0,
0+
0*
0)
1(
1G
#21920000
0!
0A
#21930000
1!
1A
1I
1J
1@
1N
0F
1.
1K
0G
#21940000
0!
0A
#21950000
1!
1A
1L
0I
0J
1M
1?
0@
0N
1F
0.
1-
1O
1G
0O
#21960000
0!
0A
#21970000
1!
1A
1I
1J
1@
1R
1N
0F
1.
0K
0G
1O
#21980000
0!
0A
#21990000
1!
1A
1P
0L
0I
0J
0M
1Q
1>
0?
0@
0R
0N
1F
0.
0-
1,
1S
1G
0S
#22000000
0!
0A
#22010000
1!
1A
1I
1J
1@
1N
0F
1.
1K
0G
#22020000
0!
0A
#22030000
1!
1A
1L
0I
0J
1M
1?
0@
0N
1F
0.
1-
0O
1G
1O
#22040000
0!
0A
#22050000
1!
1A
1I
1J
1@
1R
1N
0F
1.
0K
0G
0O
1S
#22060000
0!
0A
#22070000
1!
1A
1T
0P
0L
0I
0J
0M
0Q
1U
1=
0>
0?
0@
0R
0N
1F
0.
0-
0,
1+
1G
#22080000
0!
0A
#22090000
1!
1A
1I
1J
1@
1N
0F
1.
1K
0G
#22100000
0!
0A
#22110000
1!
1A
1L
0I
0J
1M
1?
0@
0N
1F
0.
1-
1O
1G
0O
#22120000
0!
0A
#22130000
1!
1A
1I
1J
1@
1R
1N
0F
1.
0K
0G
1O
#22140000
0!
0A
#22150000
1!
1A
1P
0L
0I
0J
0M
1Q
1>
0?
0@
0R
0N
1F
0.
0-
1,
0S
1G
1S
#22160000
0!
0A
#22170000
1!
1A
1I
1J
1@
1N
0F
1.
1K
0G
#22180000
0!
0A
#22190000
1!
1A
1L
0I
0J
1M
1?
0@
0N
1F
0.
1-
0O
1G
1O
#22200000
0!
0A
#22210000
1!
1A
1I
1J
1@
1Z
1V
1R
1N
0F
1.
0K
0G
0O
0S
1W
#22220000
0!
0A
#22230000
1!
1A
1X
0T
0P
0L
0I
0J
0M
0Q
0U
1Y
1<
0=
0>
0?
0@
0Z
0R
0N
1F
0.
0-
0,
0+
1*
1[
1G
0[
#22240000
0!
0A
#22250000
1!
1A
1I
1J
1@
1N
0F
1.
1K
0G
#22260000
0!
0A
#22270000
1!
1A
1L
0I
0J
1M
1?
0@
0N
1F
0.
1-
1O
1G
0O
#22280000
0!
0A
#22290000
1!
1A
1I
1J
1@
1R
1N
0F
1.
0K
0G
1O
#22300000
0!
0A
#22310000
1!
1A
1P
0L
0I
0J
0M
1Q
1>
0?
0@
0R
0N
1F
0.
0-
1,
1S
1G
0S
#22320000
0!
0A
#22330000
1!
1A
1I
1J
1@
1N
0F
1.
1K
0G
#22340000
0!
0A
#22350000
1!
1A
1L
0I
0J
1M
1?
0@
0N
1F
0.
1-
0O
1G
1O
#22360000
0!
0A
#22370000
1!
1A
1I
1J
1@
1R
1N
0F
1.
0K
0G
0O
1S
#22380000
0!
0A
#22390000
1!
1A
1T
0P
0L
0I
0J
0M
0Q
1U
1=
0>
0?
0@
0R
0N
1F
0.
0-
0,
1+
1G
#22400000
0!
0A
#22410000
1!
1A
1I
1J
1@
1N
0F
1.
1K
0G
#22420000
0!
0A
#22430000
1!
1A
1L
0I
0J
1M
1?
0@
0N
1F
0.
1-
1O
1G
0O
#22440000
0!
0A
#22450000
1!
1A
1I
1J
1@
1R
1N
0F
1.
0K
0G
1O
#22460000
0!
0A
#22470000
1!
1A
1P
0L
0I
0J
0M
1Q
1>
0?
0@
0R
0N
1F
0.
0-
1,
0S
1G
1S
#22480000
0!
0A
#22490000
1!
1A
1I
1J
1@
1N
0F
1.
1K
0G
#22500000
0!
0A
#22510000
1!
1A
1L
0I
0J
1M
1?
0@
0N
1F
0.
1-
0O
1G
1O
#22520000
0!
0A
#22530000
1!
1A
1I
1J
1@
1^
1Z
0V
1R
1N
0F
1.
0K
0G
0O
0S
0W
1[
#22540000
0!
0A
#22550000
1!
1A
1\
0X
0T
0P
0L
0I
0J
0M
0Q
0U
0Y
1]
1;
0<
0=
0>
0?
0@
0^
0Z
0R
0N
1F
0.
0-
0,
0+
0*
1)
1b
0_
1G
0b
1_
#22560000
0!
0A
#22570000
1!
1A
1I
1J
1@
1N
0F
1.
1K
0G
#22580000
0!
0A
#22590000
1!
1A
1L
0I
0J
1M
1?
0@
0N
1F
0.
1-
1O
1G
0O
#22600000
0!
0A
#22610000
1!
1A
1I
1J
1@
1R
1N
0F
1.
0K
0G
1O
#22620000
0!
0A
#22630000
1!
1A
1P
0L
0I
0J
0M
1Q
1>
0?
0@
0R
0N
1F
0.
0-
1,
1S
1G
0S
#22640000
0!
0A
#22650000
1!
1A
1I
1J
1@
1N
0F
1.
1K
0G
#22660000
0!
0A
#22670000
1!
1A
1L
0I
0J
1M
1?
0@
0N
1F
0.
1-
0O
1G
1O
#22680000
0!
0A
#22690000
1!
1A
1I
1J
1@
1R
1N
0F
1.
0K
0G
0O
1S
#22700000
0!
0A
#22710000
1!
1A
1T
0P
0L
0I
0J
0M
0Q
1U
1=
0>
0?
0@
0R
0N
1F
0.
0-
0,
1+
1G
#22720000
0!
0A
#22730000
1!
1A
1I
1J
1@
1N
0F
1.
1K
0G
#22740000
0!
0A
#22750000
1!
1A
1L
0I
0J
1M
1?
0@
0N
1F
0.
1-
1O
1G
0O
#22760000
0!
0A
#22770000
1!
1A
1I
1J
1@
1R
1N
0F
1.
0K
0G
1O
#22780000
0!
0A
#22790000
1!
1A
1P
0L
0I
0J
0M
1Q
1>
0?
0@
0R
0N
1F
0.
0-
1,
0S
1G
1S
#22800000
0!
0A
#22810000
1!
1A
1I
1J
1@
1N
0F
1.
1K
0G
#22820000
0!
0A
#22830000
1!
1A
1L
0I
0J
1M
1?
0@
0N
1F
0.
1-
0O
1G
1O
#22840000
0!
0A
#22850000
1!
1A
1I
1J
1@
1Z
1V
1R
1N
0F
1.
0K
0G
0O
0S
1W
#22860000
0!
0A
#22870000
1!
1A
1X
0T
0P
0L
0I
0J
0M
0Q
0U
1Y
1<
0=
0>
0?
0@
0Z
0R
0N
1F
0.
0-
0,
0+
1*
0[
1G
1[
#22880000
0!
0A
#22890000
1!
1A
1I
1J
1@
1N
0F
1.
1K
0G
#22900000
0!
0A
#22910000
1!
1A
1L
0I
0J
1M
1?
0@
0N
1F
0.
1-
1O
1G
0O
#22920000
0!
0A
#22930000
1!
1A
1I
1J
1@
1R
1N
0F
1.
0K
0G
1O
#22940000
0!
0A
#22950000
1!
1A
1P
0L
0I
0J
0M
1Q
1>
0?
0@
0R
0N
1F
0.
0-
1,
1S
1G
0S
#22960000
0!
0A
#22970000
1!
1A
1I
1J
1@
1N
0F
1.
1K
0G
#22980000
0!
0A
#22990000
1!
1A
1L
0I
0J
1M
1?
0@
0N
1F
0.
1-
0O
1G
1O
#23000000
0!
0A
#23010000
1!
1A
1I
1J
1@
1R
1N
0F
1.
0K
0G
0O
1S
#23020000
0!
0A
#23030000
1!
1A
1T
0P
0L
0I
0J
0M
0Q
1U
1=
0>
0?
0@
0R
0N
1F
0.
0-
0,
1+
1G
#23040000
0!
0A
#23050000
1!
1A
1I
1J
1@
1N
0F
1.
1K
0G
#23060000
0!
0A
#23070000
1!
1A
1L
0I
0J
1M
1?
0@
0N
1F
0.
1-
1O
1G
0O
#23080000
0!
0A
#23090000
1!
1A
1I
1J
1@
1R
1N
0F
1.
0K
0G
1O
#23100000
0!
0A
#23110000
1!
1A
1P
0L
0I
0J
0M
1Q
1>
0?
0@
0R
0N
1F
0.
0-
1,
0S
1G
1S
#23120000
0!
0A
#23130000
1!
1A
1I
1J
1@
1N
0F
1.
1K
0G
#23140000
0!
0A
#23150000
1!
1A
1L
0I
0J
1M
1?
0@
0N
1F
0.
1-
0O
1G
1O
#23160000
0!
0A
#23170000
1!
1A
1I
1J
1@
1^
1Z
0V
1R
1N
0F
1.
0K
0G
0O
0S
0W
0[
1b
0_
#23180000
0!
0A
#23190000
1!
1A
1c
0`
0\
0X
0T
0P
0L
0I
0J
0M
0Q
0U
0Y
0]
0a
1d
19
0:
0;
0<
0=
0>
0?
0@
0^
0Z
0R
0N
1F
0.
0-
0,
0+
0*
0)
0(
1'
1G
#23200000
0!
0A
#23210000
1!
1A
1I
1J
1@
1N
0F
1.
1K
0G
#23220000
0!
0A
#23230000
1!
1A
1L
0I
0J
1M
1?
0@
0N
1F
0.
1-
1O
1G
0O
#23240000
0!
0A
#23250000
1!
1A
1I
1J
1@
1R
1N
0F
1.
0K
0G
1O
#23260000
0!
0A
#23270000
1!
1A
1P
0L
0I
0J
0M
1Q
1>
0?
0@
0R
0N
1F
0.
0-
1,
1S
1G
0S
#23280000
0!
0A
#23290000
1!
1A
1I
1J
1@
1N
0F
1.
1K
0G
#23300000
0!
0A
#23310000
1!
1A
1L
0I
0J
1M
1?
0@
0N
1F
0.
1-
0O
1G
1O
#23320000
0!
0A
#23330000
1!
1A
1I
1J
1@
1R
1N
0F
1.
0K
0G
0O
1S
#23340000
0!
0A
#23350000
1!
1A
1T
0P
0L
0I
0J
0M
0Q
1U
1=
0>
0?
0@
0R
0N
1F
0.
0-
0,
1+
1G
#23360000
0!
0A
#23370000
1!
1A
1I
1J
1@
1N
0F
1.
1K
0G
#23380000
0!
0A
#23390000
1!
1A
1L
0I
0J
1M
1?
0@
0N
1F
0.
1-
1O
1G
0O
#23400000
0!
0A
#23410000
1!
1A
1I
1J
1@
1R
1N
0F
1.
0K
0G
1O
#23420000
0!
0A
#23430000
1!
1A
1P
0L
0I
0J
0M
1Q
1>
0?
0@
0R
0N
1F
0.
0-
1,
0S
1G
1S
#23440000
0!
0A
#23450000
1!
1A
1I
1J
1@
1N
0F
1.
1K
0G
#23460000
0!
0A
#23470000
1!
1A
1L
0I
0J
1M
1?
0@
0N
1F
0.
1-
0O
1G
1O
#23480000
0!
0A
#23490000
1!
1A
1I
1J
1@
1Z
1V
1R
1N
0F
1.
0K
0G
0O
0S
1W
#23500000
0!
0A
#23510000
1!
1A
1X
0T
0P
0L
0I
0J
0M
0Q
0U
1Y
1<
0=
0>
0?
0@
0Z
0R
0N
1F
0.
0-
0,
0+
1*
1[
1G
0[
#23520000
0!
0A
#23530000
1!
1A
1I
1J
1@
1N
0F
1.
1K
0G
#23540000
0!
0A
#23550000
1!
1A
1L
0I
0J
1M
1?
0@
0N
1F
0.
1-
1O
1G
0O
#23560000
0!
0A
#23570000
1!
1A
1I
1J
1@
1R
1N
0F
1.
0K
0G
1O
#23580000
0!
0A
#23590000
1!
1A
1P
0L
0I
0J
0M
1Q
1>
0?
0@
0R
0N
1F
0.
0-
1,
1S
1G
0S
#23600000
0!
0A
#23610000
1!
1A
1I
1J
1@
1N
0F
1.
1K
0G
#23620000
0!
0A
#23630000
1!
1A
1L
0I
0J
1M
1?
0@
0N
1F
0.
1-
0O
1G
1O
#23640000
0!
0A
#23650000
1!
1A
1I
1J
1@
1R
1N
0F
1.
0K
0G
0O
1S
#23660000
0!
0A
#23670000
1!
1A
1T
0P
0L
0I
0J
0M
0Q
1U
1=
0>
0?
0@
0R
0N
1F
0.
0-
0,
1+
1G
#23680000
0!
0A
#23690000
1!
1A
1I
1J
1@
1N
0F
1.
1K
0G
#23700000
0!
0A
#23710000
1!
1A
1L
0I
0J
1M
1?
0@
0N
1F
0.
1-
1O
1G
0O
#23720000
0!
0A
#23730000
1!
1A
1I
1J
1@
1R
1N
0F
1.
0K
0G
1O
#23740000
0!
0A
#23750000
1!
1A
1P
0L
0I
0J
0M
1Q
1>
0?
0@
0R
0N
1F
0.
0-
1,
0S
1G
1S
#23760000
0!
0A
#23770000
1!
1A
1I
1J
1@
1N
0F
1.
1K
0G
#23780000
0!
0A
#23790000
1!
1A
1L
0I
0J
1M
1?
0@
0N
1F
0.
1-
0O
1G
1O
#23800000
0!
0A
#23810000
1!
1A
1I
1J
1@
1^
1Z
0V
1R
1N
0F
1.
0K
0G
0O
0S
0W
1[
#23820000
0!
0A
#23830000
1!
1A
1\
0X
0T
0P
0L
0I
0J
0M
0Q
0U
0Y
1]
1;
0<
0=
0>
0?
0@
0^
0Z
0R
0N
1F
0.
0-
0,
0+
0*
1)
1_
1G
0_
#23840000
0!
0A
#23850000
1!
1A
1I
1J
1@
1N
0F
1.
1K
0G
#23860000
0!
0A
#23870000
1!
1A
1L
0I
0J
1M
1?
0@
0N
1F
0.
1-
1O
1G
0O
#23880000
0!
0A
#23890000
1!
1A
1I
1J
1@
1R
1N
0F
1.
0K
0G
1O
#23900000
0!
0A
#23910000
1!
1A
1P
0L
0I
0J
0M
1Q
1>
0?
0@
0R
0N
1F
0.
0-
1,
1S
1G
0S
#23920000
0!
0A
#23930000
1!
1A
1I
1J
1@
1N
0F
1.
1K
0G
#23940000
0!
0A
#23950000
1!
1A
1L
0I
0J
1M
1?
0@
0N
1F
0.
1-
0O
1G
1O
#23960000
0!
0A
#23970000
1!
1A
1I
1J
1@
1R
1N
0F
1.
0K
0G
0O
1S
#23980000
0!
0A
#23990000
1!
1A
1T
0P
0L
0I
0J
0M
0Q
1U
1=
0>
0?
0@
0R
0N
1F
0.
0-
0,
1+
1G
#24000000
0!
0A
#24010000
1!
1A
1I
1J
1@
1N
0F
1.
1K
0G
#24020000
0!
0A
#24030000
1!
1A
1L
0I
0J
1M
1?
0@
0N
1F
0.
1-
1O
1G
0O
#24040000
0!
0A
#24050000
1!
1A
1I
1J
1@
1R
1N
0F
1.
0K
0G
1O
#24060000
0!
0A
#24070000
1!
1A
1P
0L
0I
0J
0M
1Q
1>
0?
0@
0R
0N
1F
0.
0-
1,
0S
1G
1S
#24080000
0!
0A
#24090000
1!
1A
1I
1J
1@
1N
0F
1.
1K
0G
#24100000
0!
0A
#24110000
1!
1A
1L
0I
0J
1M
1?
0@
0N
1F
0.
1-
0O
1G
1O
#24120000
0!
0A
#24130000
1!
1A
1I
1J
1@
1Z
1V
1R
1N
0F
1.
0K
0G
0O
0S
1W
#24140000
0!
0A
#24150000
1!
1A
1X
0T
0P
0L
0I
0J
0M
0Q
0U
1Y
1<
0=
0>
0?
0@
0Z
0R
0N
1F
0.
0-
0,
0+
1*
0[
1G
1[
#24160000
0!
0A
#24170000
1!
1A
1I
1J
1@
1N
0F
1.
1K
0G
#24180000
0!
0A
#24190000
1!
1A
1L
0I
0J
1M
1?
0@
0N
1F
0.
1-
1O
1G
0O
#24200000
0!
0A
#24210000
1!
1A
1I
1J
1@
1R
1N
0F
1.
0K
0G
1O
#24220000
0!
0A
#24230000
1!
1A
1P
0L
0I
0J
0M
1Q
1>
0?
0@
0R
0N
1F
0.
0-
1,
1S
1G
0S
#24240000
0!
0A
#24250000
1!
1A
1I
1J
1@
1N
0F
1.
1K
0G
#24260000
0!
0A
#24270000
1!
1A
1L
0I
0J
1M
1?
0@
0N
1F
0.
1-
0O
1G
1O
#24280000
0!
0A
#24290000
1!
1A
1I
1J
1@
1R
1N
0F
1.
0K
0G
0O
1S
#24300000
0!
0A
#24310000
1!
1A
1T
0P
0L
0I
0J
0M
0Q
1U
1=
0>
0?
0@
0R
0N
1F
0.
0-
0,
1+
1G
#24320000
0!
0A
#24330000
1!
1A
1I
1J
1@
1N
0F
1.
1K
0G
#24340000
0!
0A
#24350000
1!
1A
1L
0I
0J
1M
1?
0@
0N
1F
0.
1-
1O
1G
0O
#24360000
0!
0A
#24370000
1!
1A
1I
1J
1@
1R
1N
0F
1.
0K
0G
1O
#24380000
0!
0A
#24390000
1!
1A
1P
0L
0I
0J
0M
1Q
1>
0?
0@
0R
0N
1F
0.
0-
1,
0S
1G
1S
#24400000
0!
0A
#24410000
1!
1A
1I
1J
1@
1N
0F
1.
1K
0G
#24420000
0!
0A
#24430000
1!
1A
1L
0I
0J
1M
1?
0@
0N
1F
0.
1-
0O
1G
1O
#24440000
0!
0A
#24450000
1!
1A
1I
1J
1@
1^
1Z
0V
1R
1N
0F
1.
0K
0G
0O
0S
0W
0[
1_
#24460000
0!
0A
#24470000
1!
1A
1`
0\
0X
0T
0P
0L
0I
0J
0M
0Q
0U
0Y
0]
1a
1:
0;
0<
0=
0>
0?
0@
0^
0Z
0R
0N
1F
0.
0-
0,
0+
0*
0)
1(
1G
#24480000
0!
0A
#24490000
1!
1A
1I
1J
1@
1N
0F
1.
1K
0G
#24500000
0!
0A
#24510000
1!
1A
1L
0I
0J
1M
1?
0@
0N
1F
0.
1-
1O
1G
0O
#24520000
0!
0A
#24530000
1!
1A
1I
1J
1@
1R
1N
0F
1.
0K
0G
1O
#24540000
0!
0A
#24550000
1!
1A
1P
0L
0I
0J
0M
1Q
1>
0?
0@
0R
0N
1F
0.
0-
1,
1S
1G
0S
#24560000
0!
0A
#24570000
1!
1A
1I
1J
1@
1N
0F
1.
1K
0G
#24580000
0!
0A
#24590000
1!
1A
1L
0I
0J
1M
1?
0@
0N
1F
0.
1-
0O
1G
1O
#24600000
0!
0A
#24610000
1!
1A
1I
1J
1@
1R
1N
0F
1.
0K
0G
0O
1S
#24620000
0!
0A
#24630000
1!
1A
1T
0P
0L
0I
0J
0M
0Q
1U
1=
0>
0?
0@
0R
0N
1F
0.
0-
0,
1+
1G
#24640000
0!
0A
#24650000
1!
1A
1I
1J
1@
1N
0F
1.
1K
0G
#24660000
0!
0A
#24670000
1!
1A
1L
0I
0J
1M
1?
0@
0N
1F
0.
1-
1O
1G
0O
#24680000
0!
0A
#24690000
1!
1A
1I
1J
1@
1R
1N
0F
1.
0K
0G
1O
#24700000
0!
0A
#24710000
1!
1A
1P
0L
0I
0J
0M
1Q
1>
0?
0@
0R
0N
1F
0.
0-
1,
0S
1G
1S
#24720000
0!
0A
#24730000
1!
1A
1I
1J
1@
1N
0F
1.
1K
0G
#24740000
0!
0A
#24750000
1!
1A
1L
0I
0J
1M
1?
0@
0N
1F
0.
1-
0O
1G
1O
#24760000
0!
0A
#24770000
1!
1A
1I
1J
1@
1Z
1V
1R
1N
0F
1.
0K
0G
0O
0S
1W
#24780000
0!
0A
#24790000
1!
1A
1X
0T
0P
0L
0I
0J
0M
0Q
0U
1Y
1<
0=
0>
0?
0@
0Z
0R
0N
1F
0.
0-
0,
0+
1*
1[
1G
0[
#24800000
0!
0A
#24810000
1!
1A
1I
1J
1@
1N
0F
1.
1K
0G
#24820000
0!
0A
#24830000
1!
1A
1L
0I
0J
1M
1?
0@
0N
1F
0.
1-
1O
1G
0O
#24840000
0!
0A
#24850000
1!
1A
1I
1J
1@
1R
1N
0F
1.
0K
0G
1O
#24860000
0!
0A
#24870000
1!
1A
1P
0L
0I
0J
0M
1Q
1>
0?
0@
0R
0N
1F
0.
0-
1,
1S
1G
0S
#24880000
0!
0A
#24890000
1!
1A
1I
1J
1@
1N
0F
1.
1K
0G
#24900000
0!
0A
#24910000
1!
1A
1L
0I
0J
1M
1?
0@
0N
1F
0.
1-
0O
1G
1O
#24920000
0!
0A
#24930000
1!
1A
1I
1J
1@
1R
1N
0F
1.
0K
0G
0O
1S
#24940000
0!
0A
#24950000
1!
1A
1T
0P
0L
0I
0J
0M
0Q
1U
1=
0>
0?
0@
0R
0N
1F
0.
0-
0,
1+
1G
#24960000
0!
0A
#24970000
1!
1A
1I
1J
1@
1N
0F
1.
1K
0G
#24980000
0!
0A
#24990000
1!
1A
1L
0I
0J
1M
1?
0@
0N
1F
0.
1-
1O
1G
0O
#25000000
0!
0A
#25010000
1!
1A
1I
1J
1@
1R
1N
0F
1.
0K
0G
1O
#25020000
0!
0A
#25030000
1!
1A
1P
0L
0I
0J
0M
1Q
1>
0?
0@
0R
0N
1F
0.
0-
1,
0S
1G
1S
#25040000
0!
0A
#25050000
1!
1A
1I
1J
1@
1N
0F
1.
1K
0G
#25060000
0!
0A
#25070000
1!
1A
1L
0I
0J
1M
1?
0@
0N
1F
0.
1-
0O
1G
1O
#25080000
0!
0A
#25090000
1!
1A
1I
1J
1@
1^
1Z
0V
1R
1N
0F
1.
0K
0G
0O
0S
0W
1[
#25100000
0!
0A
#25110000
1!
1A
1\
0X
0T
0P
0L
0I
0J
0M
0Q
0U
0Y
1]
1;
0<
0=
0>
0?
0@
0^
0Z
0R
0N
1F
0.
0-
0,
0+
0*
1)
1e
0b
0_
1G
0e
1b
1_
#25120000
0!
0A
#25130000
1!
1A
1I
1J
1@
1N
0F
1.
1K
0G
#25140000
0!
0A
#25150000
1!
1A
1L
0I
0J
1M
1?
0@
0N
1F
0.
1-
1O
1G
0O
#25160000
0!
0A
#25170000
1!
1A
1I
1J
1@
1R
1N
0F
1.
0K
0G
1O
#25180000
0!
0A
#25190000
1!
1A
1P
0L
0I
0J
0M
1Q
1>
0?
0@
0R
0N
1F
0.
0-
1,
1S
1G
0S
#25200000
0!
0A
#25210000
1!
1A
1I
1J
1@
1N
0F
1.
1K
0G
#25220000
0!
0A
#25230000
1!
1A
1L
0I
0J
1M
1?
0@
0N
1F
0.
1-
0O
1G
1O
#25240000
0!
0A
#25250000
1!
1A
1I
1J
1@
1R
1N
0F
1.
0K
0G
0O
1S
#25260000
0!
0A
#25270000
1!
1A
1T
0P
0L
0I
0J
0M
0Q
1U
1=
0>
0?
0@
0R
0N
1F
0.
0-
0,
1+
1G
#25280000
0!
0A
#25290000
1!
1A
1I
1J
1@
1N
0F
1.
1K
0G
#25300000
0!
0A
#25310000
1!
1A
1L
0I
0J
1M
1?
0@
0N
1F
0.
1-
1O
1G
0O
#25320000
0!
0A
#25330000
1!
1A
1I
1J
1@
1R
1N
0F
1.
0K
0G
1O
#25340000
0!
0A
#25350000
1!
1A
1P
0L
0I
0J
0M
1Q
1>
0?
0@
0R
0N
1F
0.
0-
1,
0S
1G
1S
#25360000
0!
0A
#25370000
1!
1A
1I
1J
1@
1N
0F
1.
1K
0G
#25380000
0!
0A
#25390000
1!
1A
1L
0I
0J
1M
1?
0@
0N
1F
0.
1-
0O
1G
1O
#25400000
0!
0A
#25410000
1!
1A
1I
1J
1@
1Z
1V
1R
1N
0F
1.
0K
0G
0O
0S
1W
#25420000
0!
0A
#25430000
1!
1A
1X
0T
0P
0L
0I
0J
0M
0Q
0U
1Y
1<
0=
0>
0?
0@
0Z
0R
0N
1F
0.
0-
0,
0+
1*
0[
1G
1[
#25440000
0!
0A
#25450000
1!
1A
1I
1J
1@
1N
0F
1.
1K
0G
#25460000
0!
0A
#25470000
1!
1A
1L
0I
0J
1M
1?
0@
0N
1F
0.
1-
1O
1G
0O
#25480000
0!
0A
#25490000
1!
1A
1I
1J
1@
1R
1N
0F
1.
0K
0G
1O
#25500000
0!
0A
#25510000
1!
1A
1P
0L
0I
0J
0M
1Q
1>
0?
0@
0R
0N
1F
0.
0-
1,
1S
1G
0S
#25520000
0!
0A
#25530000
1!
1A
1I
1J
1@
1N
0F
1.
1K
0G
#25540000
0!
0A
#25550000
1!
1A
1L
0I
0J
1M
1?
0@
0N
1F
0.
1-
0O
1G
1O
#25560000
0!
0A
#25570000
1!
1A
1I
1J
1@
1R
1N
0F
1.
0K
0G
0O
1S
#25580000
0!
0A
#25590000
1!
1A
1T
0P
0L
0I
0J
0M
0Q
1U
1=
0>
0?
0@
0R
0N
1F
0.
0-
0,
1+
1G
#25600000
0!
0A
#25610000
1!
1A
1I
1J
1@
1N
0F
1.
1K
0G
#25620000
0!
0A
#25630000
1!
1A
1L
0I
0J
1M
1?
0@
0N
1F
0.
1-
1O
1G
0O
#25640000
0!
0A
#25650000
1!
1A
1I
1J
1@
1R
1N
0F
1.
0K
0G
1O
#25660000
0!
0A
#25670000
1!
1A
1P
0L
0I
0J
0M
1Q
1>
0?
0@
0R
0N
1F
0.
0-
1,
0S
1G
1S
#25680000
0!
0A
#25690000
1!
1A
1I
1J
1@
1N
0F
1.
1K
0G
#25700000
0!
0A
#25710000
1!
1A
1L
0I
0J
1M
1?
0@
0N
1F
0.
1-
0O
1G
1O
#25720000
0!
0A
#25730000
1!
1A
1I
1J
1@
1^
1Z
0V
1R
1N
0F
1.
0K
0G
0O
0S
0W
0[
1e
0b
0_
#25740000
0!
0A
#25750000
1!
1A
1f
0c
0`
0\
0X
0T
0P
0L
0I
0J
0M
0Q
0U
0Y
0]
0a
0d
1g
18
09
0:
0;
0<
0=
0>
0?
0@
0^
0Z
0R
0N
1F
0.
0-
0,
0+
0*
0)
0(
0'
1&
1G
#25760000
0!
0A
#25770000
1!
1A
1I
1J
1@
1N
0F
1.
1K
0G
#25780000
0!
0A
#25790000
1!
1A
1L
0I
0J
1M
1?
0@
0N
1F
0.
1-
1O
1G
0O
#25800000
0!
0A
#25810000
1!
1A
1I
1J
1@
1R
1N
0F
1.
0K
0G
1O
#25820000
0!
0A
#25830000
1!
1A
1P
0L
0I
0J
0M
1Q
1>
0?
0@
0R
0N
1F
0.
0-
1,
1S
1G
0S
#25840000
0!
0A
#25850000
1!
1A
1I
1J
1@
1N
0F
1.
1K
0G
#25860000
0!
0A
#25870000
1!
1A
1L
0I
0J
1M
1?
0@
0N
1F
0.
1-
0O
1G
1O
#25880000
0!
0A
#25890000
1!
1A
1I
1J
1@
1R
1N
0F
1.
0K
0G
0O
1S
#25900000
0!
0A
#25910000
1!
1A
1T
0P
0L
0I
0J
0M
0Q
1U
1=
0>
0?
0@
0R
0N
1F
0.
0-
0,
1+
1G
#25920000
0!
0A
#25930000
1!
1A
1I
1J
1@
1N
0F
1.
1K
0G
#25940000
0!
0A
#25950000
1!
1A
1L
0I
0J
1M
1?
0@
0N
1F
0.
1-
1O
1G
0O
#25960000
0!
0A
#25970000
1!
1A
1I
1J
1@
1R
1N
0F
1.
0K
0G
1O
#25980000
0!
0A
#25990000
1!
1A
1P
0L
0I
0J
0M
1Q
1>
0?
0@
0R
0N
1F
0.
0-
1,
0S
1G
1S
#26000000
0!
0A
#26010000
1!
1A
1I
1J
1@
1N
0F
1.
1K
0G
#26020000
0!
0A
#26030000
1!
1A
1L
0I
0J
1M
1?
0@
0N
1F
0.
1-
0O
1G
1O
#26040000
0!
0A
#26050000
1!
1A
1I
1J
1@
1Z
1V
1R
1N
0F
1.
0K
0G
0O
0S
1W
#26060000
0!
0A
#26070000
1!
1A
1X
0T
0P
0L
0I
0J
0M
0Q
0U
1Y
1<
0=
0>
0?
0@
0Z
0R
0N
1F
0.
0-
0,
0+
1*
1[
1G
0[
#26080000
0!
0A
#26090000
1!
1A
1I
1J
1@
1N
0F
1.
1K
0G
#26100000
0!
0A
#26110000
1!
1A
1L
0I
0J
1M
1?
0@
0N
1F
0.
1-
1O
1G
0O
#26120000
0!
0A
#26130000
1!
1A
1I
1J
1@
1R
1N
0F
1.
0K
0G
1O
#26140000
0!
0A
#26150000
1!
1A
1P
0L
0I
0J
0M
1Q
1>
0?
0@
0R
0N
1F
0.
0-
1,
1S
1G
0S
#26160000
0!
0A
#26170000
1!
1A
1I
1J
1@
1N
0F
1.
1K
0G
#26180000
0!
0A
#26190000
1!
1A
1L
0I
0J
1M
1?
0@
0N
1F
0.
1-
0O
1G
1O
#26200000
0!
0A
#26210000
1!
1A
1I
1J
1@
1R
1N
0F
1.
0K
0G
0O
1S
#26220000
0!
0A
#26230000
1!
1A
1T
0P
0L
0I
0J
0M
0Q
1U
1=
0>
0?
0@
0R
0N
1F
0.
0-
0,
1+
1G
#26240000
0!
0A
#26250000
1!
1A
1I
1J
1@
1N
0F
1.
1K
0G
#26260000
0!
0A
#26270000
1!
1A
1L
0I
0J
1M
1?
0@
0N
1F
0.
1-
1O
1G
0O
#26280000
0!
0A
#26290000
1!
1A
1I
1J
1@
1R
1N
0F
1.
0K
0G
1O
#26300000
0!
0A
#26310000
1!
1A
1P
0L
0I
0J
0M
1Q
1>
0?
0@
0R
0N
1F
0.
0-
1,
0S
1G
1S
#26320000
0!
0A
#26330000
1!
1A
1I
1J
1@
1N
0F
1.
1K
0G
#26340000
0!
0A
#26350000
1!
1A
1L
0I
0J
1M
1?
0@
0N
1F
0.
1-
0O
1G
1O
#26360000
0!
0A
#26370000
1!
1A
1I
1J
1@
1^
1Z
0V
1R
1N
0F
1.
0K
0G
0O
0S
0W
1[
#26380000
0!
0A
#26390000
1!
1A
1\
0X
0T
0P
0L
0I
0J
0M
0Q
0U
0Y
1]
1;
0<
0=
0>
0?
0@
1h
0^
0Z
0R
0N
1F
0.
0-
0,
0+
0*
1)
1_
1G
0_
#26400000
0!
0A
#26410000
1!
1A
1I
1J
1@
1N
0F
1.
1K
0G
#26420000
0!
0A
#26430000
1!
1A
1L
0I
0J
1M
1?
0@
0N
1F
0.
1-
1O
1G
0O
#26440000
0!
0A
#26450000
1!
1A
1I
1J
1@
1R
1N
0F
1.
0K
0G
1O
#26460000
0!
0A
#26470000
1!
1A
1P
0L
0I
0J
0M
1Q
1>
0?
0@
0R
0N
1F
0.
0-
1,
1S
1G
0S
#26480000
0!
0A
#26490000
1!
1A
1I
1J
1@
1N
0F
1.
1K
0G
#26500000
0!
0A
#26510000
1!
1A
1L
0I
0J
1M
1?
0@
0N
1F
0.
1-
0O
1G
1O
#26520000
0!
0A
#26530000
1!
1A
1I
1J
1@
1R
1N
0F
1.
0K
0G
0O
1S
#26540000
0!
0A
#26550000
1!
1A
1T
0P
0L
0I
0J
0M
0Q
1U
1=
0>
0?
0@
0R
0N
1F
0.
0-
0,
1+
1G
#26560000
0!
0A
#26570000
1!
1A
1I
1J
1@
1N
0F
1.
1K
0G
#26580000
0!
0A
#26590000
1!
1A
1L
0I
0J
1M
1?
0@
0N
1F
0.
1-
1O
1G
0O
#26600000
0!
0A
#26610000
1!
1A
1I
1J
1@
1R
1N
0F
1.
0K
0G
1O
#26620000
0!
0A
#26630000
1!
1A
1P
0L
0I
0J
0M
1Q
1>
0?
0@
0R
0N
1F
0.
0-
1,
0S
1G
1S
#26640000
0!
0A
#26650000
1!
1A
1I
1J
1@
1N
0F
1.
1K
0G
#26660000
0!
0A
#26670000
1!
1A
1L
0I
0J
1M
1?
0@
0N
1F
0.
1-
0O
1G
1O
#26680000
0!
0A
#26690000
1!
1A
1I
1J
1@
1Z
1V
1R
1N
0F
1.
0K
0G
0O
0S
1W
#26700000
0!
0A
#26710000
1!
1A
1X
0T
0P
0L
0I
0J
0M
0Q
0U
1Y
1<
0=
0>
0?
0@
0Z
0R
0N
1F
0.
0-
0,
0+
1*
0[
1G
1[
#26720000
0!
0A
#26730000
1!
1A
1I
1J
1@
1N
0F
1.
1K
0G
#26740000
0!
0A
#26750000
1!
1A
1L
0I
0J
1M
1?
0@
0N
1F
0.
1-
1O
1G
0O
#26760000
0!
0A
#26770000
1!
1A
1I
1J
1@
1R
1N
0F
1.
0K
0G
1O
#26780000
0!
0A
#26790000
1!
1A
1P
0L
0I
0J
0M
1Q
1>
0?
0@
0R
0N
1F
0.
0-
1,
1S
1G
0S
#26800000
0!
0A
#26810000
1!
1A
1I
1J
1@
1N
0F
1.
1K
0G
#26820000
0!
0A
#26830000
1!
1A
1L
0I
0J
1M
1?
0@
0N
1F
0.
1-
0O
1G
1O
#26840000
0!
0A
#26850000
1!
1A
1I
1J
1@
1R
1N
0F
1.
0K
0G
0O
1S
#26860000
0!
0A
#26870000
1!
1A
1T
0P
0L
0I
0J
0M
0Q
1U
1=
0>
0?
0@
0R
0N
1F
0.
0-
0,
1+
1G
#26880000
0!
0A
#26890000
1!
1A
1I
1J
1@
1N
0F
1.
1K
0G
#26900000
0!
0A
#26910000
1!
1A
1L
0I
0J
1M
1?
0@
0N
1F
0.
1-
1O
1G
0O
#26920000
0!
0A
#26930000
1!
1A
1I
1J
1@
1R
1N
0F
1.
0K
0G
1O
#26940000
0!
0A
#26950000
1!
1A
1P
0L
0I
0J
0M
1Q
1>
0?
0@
0R
0N
1F
0.
0-
1,
0S
1G
1S
#26960000
0!
0A
#26970000
1!
1A
1I
1J
1@
1N
0F
1.
1K
0G
#26980000
0!
0A
#26990000
1!
1A
1L
0I
0J
1M
1?
0@
0N
1F
0.
1-
0O
1G
1O
#27000000
0!
0A
#27010000
1!
1A
1I
1J
1@
1^
1Z
0V
1R
1N
0F
1.
0K
0G
0O
0S
0W
0[
1_
#27020000
0!
0A
#27030000
1!
1A
1`
0\
0X
0T
0P
0L
0I
0J
0M
0Q
0U
0Y
0]
1a
1:
0;
0<
0=
0>
0?
0@
0h
0^
0Z
0R
0N
1F
0.
0-
0,
0+
0*
0)
1(
1G
#27040000
0!
0A
#27050000
1!
1A
1I
1J
1@
1N
0F
1.
1K
0G
#27060000
0!
0A
#27070000
1!
1A
1L
0I
0J
1M
1?
0@
0N
1F
0.
1-
1O
1G
0O
#27080000
0!
0A
#27090000
1!
1A
1I
1J
1@
1R
1N
0F
1.
0K
0G
1O
#27100000
0!
0A
#27110000
1!
1A
1P
0L
0I
0J
0M
1Q
1>
0?
0@
0R
0N
1F
0.
0-
1,
1S
1G
0S
#27120000
0!
0A
#27130000
1!
1A
1I
1J
1@
1N
0F
1.
1K
0G
#27140000
0!
0A
#27150000
1!
1A
1L
0I
0J
1M
1?
0@
0N
1F
0.
1-
0O
1G
1O
#27160000
0!
0A
#27170000
1!
1A
1I
1J
1@
1R
1N
0F
1.
0K
0G
0O
1S
#27180000
0!
0A
#27190000
1!
1A
1T
0P
0L
0I
0J
0M
0Q
1U
1=
0>
0?
0@
0R
0N
1F
0.
0-
0,
1+
1G
#27200000
0!
0A
#27210000
1!
1A
1I
1J
1@
1N
0F
1.
1K
0G
#27220000
0!
0A
#27230000
1!
1A
1L
0I
0J
1M
1?
0@
0N
1F
0.
1-
1O
1G
0O
#27240000
0!
0A
#27250000
1!
1A
1I
1J
1@
1R
1N
0F
1.
0K
0G
1O
#27260000
0!
0A
#27270000
1!
1A
1P
0L
0I
0J
0M
1Q
1>
0?
0@
0R
0N
1F
0.
0-
1,
0S
1G
1S
#27280000
0!
0A
#27290000
1!
1A
1I
1J
1@
1N
0F
1.
1K
0G
#27300000
0!
0A
#27310000
1!
1A
1L
0I
0J
1M
1?
0@
0N
1F
0.
1-
0O
1G
1O
#27320000
0!
0A
#27330000
1!
1A
1I
1J
1@
1Z
1V
1R
1N
0F
1.
0K
0G
0O
0S
1W
#27340000
0!
0A
#27350000
1!
1A
1X
0T
0P
0L
0I
0J
0M
0Q
0U
1Y
1<
0=
0>
0?
0@
0Z
0R
0N
1F
0.
0-
0,
0+
1*
1[
1G
0[
#27360000
0!
0A
#27370000
1!
1A
1I
1J
1@
1N
0F
1.
1K
0G
#27380000
0!
0A
#27390000
1!
1A
1L
0I
0J
1M
1?
0@
0N
1F
0.
1-
1O
1G
0O
#27400000
0!
0A
#27410000
1!
1A
1I
1J
1@
1R
1N
0F
1.
0K
0G
1O
#27420000
0!
0A
#27430000
1!
1A
1P
0L
0I
0J
0M
1Q
1>
0?
0@
0R
0N
1F
0.
0-
1,
1S
1G
0S
#27440000
0!
0A
#27450000
1!
1A
1I
1J
1@
1N
0F
1.
1K
0G
#27460000
0!
0A
#27470000
1!
1A
1L
0I
0J
1M
1?
0@
0N
1F
0.
1-
0O
1G
1O
#27480000
0!
0A
#27490000
1!
1A
1I
1J
1@
1R
1N
0F
1.
0K
0G
0O
1S
#27500000
0!
0A
#27510000
1!
1A
1T
0P
0L
0I
0J
0M
0Q
1U
1=
0>
0?
0@
0R
0N
1F
0.
0-
0,
1+
1G
#27520000
0!
0A
#27530000
1!
1A
1I
1J
1@
1N
0F
1.
1K
0G
#27540000
0!
0A
#27550000
1!
1A
1L
0I
0J
1M
1?
0@
0N
1F
0.
1-
1O
1G
0O
#27560000
0!
0A
#27570000
1!
1A
1I
1J
1@
1R
1N
0F
1.
0K
0G
1O
#27580000
0!
0A
#27590000
1!
1A
1P
0L
0I
0J
0M
1Q
1>
0?
0@
0R
0N
1F
0.
0-
1,
0S
1G
1S
#27600000
0!
0A
#27610000
1!
1A
1I
1J
1@
1N
0F
1.
1K
0G
#27620000
0!
0A
#27630000
1!
1A
1L
0I
0J
1M
1?
0@
0N
1F
0.
1-
0O
1G
1O
#27640000
0!
0A
#27650000
1!
1A
1I
1J
1@
1^
1Z
0V
1R
1N
0F
1.
0K
0G
0O
0S
0W
1[
#27660000
0!
0A
#27670000
1!
1A
1\
0X
0T
0P
0L
0I
0J
0M
0Q
0U
0Y
1]
1;
0<
0=
0>
0?
0@
1h
0^
0Z
0R
0N
1F
0.
0-
0,
0+
0*
1)
1b
0_
1G
0b
1_
#27680000
0!
0A
#27690000
1!
1A
1I
1J
1@
1N
0F
1.
1K
0G
#27700000
0!
0A
#27710000
1!
1A
1L
0I
0J
1M
1?
0@
0N
1F
0.
1-
1O
1G
0O
#27720000
0!
0A
#27730000
1!
1A
1I
1J
1@
1R
1N
0F
1.
0K
0G
1O
#27740000
0!
0A
#27750000
1!
1A
1P
0L
0I
0J
0M
1Q
1>
0?
0@
0R
0N
1F
0.
0-
1,
1S
1G
0S
#27760000
0!
0A
#27770000
1!
1A
1I
1J
1@
1N
0F
1.
1K
0G
#27780000
0!
0A
#27790000
1!
1A
1L
0I
0J
1M
1?
0@
0N
1F
0.
1-
0O
1G
1O
#27800000
0!
0A
#27810000
1!
1A
1I
1J
1@
1R
1N
0F
1.
0K
0G
0O
1S
#27820000
0!
0A
#27830000
1!
1A
1T
0P
0L
0I
0J
0M
0Q
1U
1=
0>
0?
0@
0R
0N
1F
0.
0-
0,
1+
1G
#27840000
0!
0A
#27850000
1!
1A
1I
1J
1@
1N
0F
1.
1K
0G
#27860000
0!
0A
#27870000
1!
1A
1L
0I
0J
1M
1?
0@
0N
1F
0.
1-
1O
1G
0O
#27880000
0!
0A
#27890000
1!
1A
1I
1J
1@
1R
1N
0F
1.
0K
0G
1O
#27900000
0!
0A
#27910000
1!
1A
1P
0L
0I
0J
0M
1Q
1>
0?
0@
0R
0N
1F
0.
0-
1,
0S
1G
1S
#27920000
0!
0A
#27930000
1!
1A
1I
1J
1@
1N
0F
1.
1K
0G
#27940000
0!
0A
#27950000
1!
1A
1L
0I
0J
1M
1?
0@
0N
1F
0.
1-
0O
1G
1O
#27960000
0!
0A
#27970000
1!
1A
1I
1J
1@
1Z
1V
1R
1N
0F
1.
0K
0G
0O
0S
1W
#27980000
0!
0A
#27990000
1!
1A
1X
0T
0P
0L
0I
0J
0M
0Q
0U
1Y
1<
0=
0>
0?
0@
0Z
0R
0N
1F
0.
0-
0,
0+
1*
0[
1G
1[
#28000000
0!
0A
#28010000
1!
1A
1I
1J
1@
1N
0F
1.
1K
0G
#28020000
0!
0A
#28030000
1!
1A
1L
0I
0J
1M
1?
0@
0N
1F
0.
1-
1O
1G
0O
#28040000
0!
0A
#28050000
1!
1A
1I
1J
1@
1R
1N
0F
1.
0K
0G
1O
#28060000
0!
0A
#28070000
1!
1A
1P
0L
0I
0J
0M
1Q
1>
0?
0@
0R
0N
1F
0.
0-
1,
1S
1G
0S
#28080000
0!
0A
#28090000
1!
1A
1I
1J
1@
1N
0F
1.
1K
0G
#28100000
0!
0A
#28110000
1!
1A
1L
0I
0J
1M
1?
0@
0N
1F
0.
1-
0O
1G
1O
#28120000
0!
0A
#28130000
1!
1A
1I
1J
1@
1R
1N
0F
1.
0K
0G
0O
1S
#28140000
0!
0A
#28150000
1!
1A
1T
0P
0L
0I
0J
0M
0Q
1U
1=
0>
0?
0@
0R
0N
1F
0.
0-
0,
1+
1G
#28160000
0!
0A
#28170000
1!
1A
1I
1J
1@
1N
0F
1.
1K
0G
#28180000
0!
0A
#28190000
1!
1A
1L
0I
0J
1M
1?
0@
0N
1F
0.
1-
1O
1G
0O
#28200000
0!
0A
#28210000
1!
1A
1I
1J
1@
1R
1N
0F
1.
0K
0G
1O
#28220000
0!
0A
#28230000
1!
1A
1P
0L
0I
0J
0M
1Q
1>
0?
0@
0R
0N
1F
0.
0-
1,
0S
1G
1S
#28240000
0!
0A
#28250000
1!
1A
1I
1J
1@
1N
0F
1.
1K
0G
#28260000
0!
0A
#28270000
1!
1A
1L
0I
0J
1M
1?
0@
0N
1F
0.
1-
0O
1G
1O
#28280000
0!
0A
#28290000
1!
1A
1I
1J
1@
1^
1Z
0V
1R
1N
0F
1.
0K
0G
0O
0S
0W
0[
1b
0_
#28300000
0!
0A
#28310000
1!
1A
1c
0`
0\
0X
0T
0P
0L
0I
0J
0M
0Q
0U
0Y
0]
0a
1d
19
0:
0;
0<
0=
0>
0?
0@
0h
0^
0Z
0R
0N
1F
0.
0-
0,
0+
0*
0)
0(
1'
1G
#28320000
0!
0A
#28330000
1!
1A
1I
1J
1@
1N
0F
1.
1K
0G
#28340000
0!
0A
#28350000
1!
1A
1L
0I
0J
1M
1?
0@
0N
1F
0.
1-
1O
1G
0O
#28360000
0!
0A
#28370000
1!
1A
1I
1J
1@
1R
1N
0F
1.
0K
0G
1O
#28380000
0!
0A
#28390000
1!
1A
1P
0L
0I
0J
0M
1Q
1>
0?
0@
0R
0N
1F
0.
0-
1,
1S
1G
0S
#28400000
0!
0A
#28410000
1!
1A
1I
1J
1@
1N
0F
1.
1K
0G
#28420000
0!
0A
#28430000
1!
1A
1L
0I
0J
1M
1?
0@
0N
1F
0.
1-
0O
1G
1O
#28440000
0!
0A
#28450000
1!
1A
1I
1J
1@
1R
1N
0F
1.
0K
0G
0O
1S
#28460000
0!
0A
#28470000
1!
1A
1T
0P
0L
0I
0J
0M
0Q
1U
1=
0>
0?
0@
0R
0N
1F
0.
0-
0,
1+
1G
#28480000
0!
0A
#28490000
1!
1A
1I
1J
1@
1N
0F
1.
1K
0G
#28500000
0!
0A
#28510000
1!
1A
1L
0I
0J
1M
1?
0@
0N
1F
0.
1-
1O
1G
0O
#28520000
0!
0A
#28530000
1!
1A
1I
1J
1@
1R
1N
0F
1.
0K
0G
1O
#28540000
0!
0A
#28550000
1!
1A
1P
0L
0I
0J
0M
1Q
1>
0?
0@
0R
0N
1F
0.
0-
1,
0S
1G
1S
#28560000
0!
0A
#28570000
1!
1A
1I
1J
1@
1N
0F
1.
1K
0G
#28580000
0!
0A
#28590000
1!
1A
1L
0I
0J
1M
1?
0@
0N
1F
0.
1-
0O
1G
1O
#28600000
0!
0A
#28610000
1!
1A
1I
1J
1@
1Z
1V
1R
1N
0F
1.
0K
0G
0O
0S
1W
#28620000
0!
0A
#28630000
1!
1A
1X
0T
0P
0L
0I
0J
0M
0Q
0U
1Y
1<
0=
0>
0?
0@
0Z
0R
0N
1F
0.
0-
0,
0+
1*
1[
1G
0[
#28640000
0!
0A
#28650000
1!
1A
1I
1J
1@
1N
0F
1.
1K
0G
#28660000
0!
0A
#28670000
1!
1A
1L
0I
0J
1M
1?
0@
0N
1F
0.
1-
1O
1G
0O
#28680000
0!
0A
#28690000
1!
1A
1I
1J
1@
1R
1N
0F
1.
0K
0G
1O
#28700000
0!
0A
#28710000
1!
1A
1P
0L
0I
0J
0M
1Q
1>
0?
0@
0R
0N
1F
0.
0-
1,
1S
1G
0S
#28720000
0!
0A
#28730000
1!
1A
1I
1J
1@
1N
0F
1.
1K
0G
#28740000
0!
0A
#28750000
1!
1A
1L
0I
0J
1M
1?
0@
0N
1F
0.
1-
0O
1G
1O
#28760000
0!
0A
#28770000
1!
1A
1I
1J
1@
1R
1N
0F
1.
0K
0G
0O
1S
#28780000
0!
0A
#28790000
1!
1A
1T
0P
0L
0I
0J
0M
0Q
1U
1=
0>
0?
0@
0R
0N
1F
0.
0-
0,
1+
1G
#28800000
0!
0A
#28810000
1!
1A
1I
1J
1@
1N
0F
1.
1K
0G
#28820000
0!
0A
#28830000
1!
1A
1L
0I
0J
1M
1?
0@
0N
1F
0.
1-
1O
1G
0O
#28840000
0!
0A
#28850000
1!
1A
1I
1J
1@
1R
1N
0F
1.
0K
0G
1O
#28860000
0!
0A
#28870000
1!
1A
1P
0L
0I
0J
0M
1Q
1>
0?
0@
0R
0N
1F
0.
0-
1,
0S
1G
1S
#28880000
0!
0A
#28890000
1!
1A
1I
1J
1@
1N
0F
1.
1K
0G
#28900000
0!
0A
#28910000
1!
1A
1L
0I
0J
1M
1?
0@
0N
1F
0.
1-
0O
1G
1O
#28920000
0!
0A
#28930000
1!
1A
1I
1J
1@
1^
1Z
0V
1R
1N
0F
1.
0K
0G
0O
0S
0W
1[
#28940000
0!
0A
#28950000
1!
1A
1\
0X
0T
0P
0L
0I
0J
0M
0Q
0U
0Y
1]
1;
0<
0=
0>
0?
0@
1h
0^
0Z
0R
0N
1F
0.
0-
0,
0+
0*
1)
1_
1G
0_
#28960000
0!
0A
#28970000
1!
1A
1I
1J
1@
1N
0F
1.
1K
0G
#28980000
0!
0A
#28990000
1!
1A
1L
0I
0J
1M
1?
0@
0N
1F
0.
1-
1O
1G
0O
#29000000
0!
0A
#29010000
1!
1A
1I
1J
1@
1R
1N
0F
1.
0K
0G
1O
#29020000
0!
0A
#29030000
1!
1A
1P
0L
0I
0J
0M
1Q
1>
0?
0@
0R
0N
1F
0.
0-
1,
1S
1G
0S
#29040000
0!
0A
#29050000
1!
1A
1I
1J
1@
1N
0F
1.
1K
0G
#29060000
0!
0A
#29070000
1!
1A
1L
0I
0J
1M
1?
0@
0N
1F
0.
1-
0O
1G
1O
#29080000
0!
0A
#29090000
1!
1A
1I
1J
1@
1R
1N
0F
1.
0K
0G
0O
1S
#29100000
0!
0A
#29110000
1!
1A
1T
0P
0L
0I
0J
0M
0Q
1U
1=
0>
0?
0@
0R
0N
1F
0.
0-
0,
1+
1G
#29120000
0!
0A
#29130000
1!
1A
1I
1J
1@
1N
0F
1.
1K
0G
#29140000
0!
0A
#29150000
1!
1A
1L
0I
0J
1M
1?
0@
0N
1F
0.
1-
1O
1G
0O
#29160000
0!
0A
#29170000
1!
1A
1I
1J
1@
1R
1N
0F
1.
0K
0G
1O
#29180000
0!
0A
#29190000
1!
1A
1P
0L
0I
0J
0M
1Q
1>
0?
0@
0R
0N
1F
0.
0-
1,
0S
1G
1S
#29200000
0!
0A
#29210000
1!
1A
1I
1J
1@
1N
0F
1.
1K
0G
#29220000
0!
0A
#29230000
1!
1A
1L
0I
0J
1M
1?
0@
0N
1F
0.
1-
0O
1G
1O
#29240000
0!
0A
#29250000
1!
1A
1I
1J
1@
1Z
1V
1R
1N
0F
1.
0K
0G
0O
0S
1W
#29260000
0!
0A
#29270000
1!
1A
1X
0T
0P
0L
0I
0J
0M
0Q
0U
1Y
1<
0=
0>
0?
0@
0Z
0R
0N
1F
0.
0-
0,
0+
1*
0[
1G
1[
#29280000
0!
0A
#29290000
1!
1A
1I
1J
1@
1N
0F
1.
1K
0G
#29300000
0!
0A
#29310000
1!
1A
1L
0I
0J
1M
1?
0@
0N
1F
0.
1-
1O
1G
0O
#29320000
0!
0A
#29330000
1!
1A
1I
1J
1@
1R
1N
0F
1.
0K
0G
1O
#29340000
0!
0A
#29350000
1!
1A
1P
0L
0I
0J
0M
1Q
1>
0?
0@
0R
0N
1F
0.
0-
1,
1S
1G
0S
#29360000
0!
0A
#29370000
1!
1A
1I
1J
1@
1N
0F
1.
1K
0G
#29380000
0!
0A
#29390000
1!
1A
1L
0I
0J
1M
1?
0@
0N
1F
0.
1-
0O
1G
1O
#29400000
0!
0A
#29410000
1!
1A
1I
1J
1@
1R
1N
0F
1.
0K
0G
0O
1S
#29420000
0!
0A
#29430000
1!
1A
1T
0P
0L
0I
0J
0M
0Q
1U
1=
0>
0?
0@
0R
0N
1F
0.
0-
0,
1+
1G
#29440000
0!
0A
#29450000
1!
1A
1I
1J
1@
1N
0F
1.
1K
0G
#29460000
0!
0A
#29470000
1!
1A
1L
0I
0J
1M
1?
0@
0N
1F
0.
1-
1O
1G
0O
#29480000
0!
0A
#29490000
1!
1A
1I
1J
1@
1R
1N
0F
1.
0K
0G
1O
#29500000
0!
0A
#29510000
1!
1A
1P
0L
0I
0J
0M
1Q
1>
0?
0@
0R
0N
1F
0.
0-
1,
0S
1G
1S
#29520000
0!
0A
#29530000
1!
1A
1I
1J
1@
1N
0F
1.
1K
0G
#29540000
0!
0A
#29550000
1!
1A
1L
0I
0J
1M
1?
0@
0N
1F
0.
1-
0O
1G
1O
#29560000
0!
0A
#29570000
1!
1A
1I
1J
1@
1^
1Z
0V
1R
1N
0F
1.
0K
0G
0O
0S
0W
0[
1_
#29580000
0!
0A
#29590000
1!
1A
1`
0\
0X
0T
0P
0L
0I
0J
0M
0Q
0U
0Y
0]
1a
1:
0;
0<
0=
0>
0?
0@
0h
0^
0Z
0R
0N
1F
0.
0-
0,
0+
0*
0)
1(
1i
1G
0i
#29600000
0!
0A
#29610000
1!
1A
1I
1J
1@
1N
0F
1.
1K
0G
#29620000
0!
0A
#29630000
1!
1A
1L
0I
0J
1M
1?
0@
0N
1F
0.
1-
1O
1G
0O
#29640000
0!
0A
#29650000
1!
1A
1I
1J
1@
1R
1N
0F
1.
0K
0G
1O
#29660000
0!
0A
#29670000
1!
1A
1P
0L
0I
0J
0M
1Q
1>
0?
0@
0R
0N
1F
0.
0-
1,
1S
1G
0S
#29680000
0!
0A
#29690000
1!
1A
1I
1J
1@
1N
0F
1.
1K
0G
#29700000
0!
0A
#29710000
1!
1A
1L
0I
0J
1M
1?
0@
0N
1F
0.
1-
0O
1G
1O
#29720000
0!
0A
#29730000
1!
1A
1I
1J
1@
1R
1N
0F
1.
0K
0G
0O
1S
#29740000
0!
0A
#29750000
1!
1A
1T
0P
0L
0I
0J
0M
0Q
1U
1=
0>
0?
0@
0R
0N
1F
0.
0-
0,
1+
1G
#29760000
0!
0A
#29770000
1!
1A
1I
1J
1@
1N
0F
1.
1K
0G
#29780000
0!
0A
#29790000
1!
1A
1L
0I
0J
1M
1?
0@
0N
1F
0.
1-
1O
1G
0O
#29800000
0!
0A
#29810000
1!
1A
1I
1J
1@
1R
1N
0F
1.
0K
0G
1O
#29820000
0!
0A
#29830000
1!
1A
1P
0L
0I
0J
0M
1Q
1>
0?
0@
0R
0N
1F
0.
0-
1,
0S
1G
1S
#29840000
0!
0A
#29850000
1!
1A
1I
1J
1@
1N
0F
1.
1K
0G
#29860000
0!
0A
#29870000
1!
1A
1L
0I
0J
1M
1?
0@
0N
1F
0.
1-
0O
1G
1O
#29880000
0!
0A
#29890000
1!
1A
1I
1J
1@
1Z
1V
1R
1N
0F
1.
0K
0G
0O
0S
1W
#29900000
0!
0A
#29910000
1!
1A
1X
0T
0P
0L
0I
0J
0M
0Q
0U
1Y
1<
0=
0>
0?
0@
0Z
0R
0N
1F
0.
0-
0,
0+
1*
1[
1G
0[
#29920000
0!
0A
#29930000
1!
1A
1I
1J
1@
1N
0F
1.
1K
0G
#29940000
0!
0A
#29950000
1!
1A
1L
0I
0J
1M
1?
0@
0N
1F
0.
1-
1O
1G
0O
#29960000
0!
0A
#29970000
1!
1A
1I
1J
1@
1R
1N
0F
1.
0K
0G
1O
#29980000
0!
0A
#29990000
1!
1A
1P
0L
0I
0J
0M
1Q
1>
0?
0@
0R
0N
1F
0.
0-
1,
1S
1G
0S
#30000000
0!
0A
#30010000
1!
1A
1I
1J
1@
1N
0F
1.
1K
0G
#30020000
0!
0A
#30030000
1!
1A
1L
0I
0J
1M
1?
0@
0N
1F
0.
1-
0O
1G
1O
#30040000
0!
0A
#30050000
1!
1A
1I
1J
1@
1R
1N
0F
1.
0K
0G
0O
1S
#30060000
0!
0A
#30070000
1!
1A
1T
0P
0L
0I
0J
0M
0Q
1U
1=
0>
0?
0@
0R
0N
1F
0.
0-
0,
1+
1G
#30080000
0!
0A
#30090000
1!
1A
1I
1J
1@
1N
0F
1.
1K
0G
#30100000
0!
0A
#30110000
1!
1A
1L
0I
0J
1M
1?
0@
0N
1F
0.
1-
1O
1G
0O
#30120000
0!
0A
#30130000
1!
1A
1I
1J
1@
1R
1N
0F
1.
0K
0G
1O
#30140000
0!
0A
#30150000
1!
1A
1P
0L
0I
0J
0M
1Q
1>
0?
0@
0R
0N
1F
0.
0-
1,
0S
1G
1S
#30160000
0!
0A
#30170000
1!
1A
1I
1J
1@
1N
0F
1.
1K
0G
#30180000
0!
0A
#30190000
1!
1A
1L
0I
0J
1M
1?
0@
0N
1F
0.
1-
0O
1G
1O
#30200000
0!
0A
#30210000
1!
1A
1I
1J
1@
1^
1Z
0V
1R
1N
0F
1.
0K
0G
0O
0S
0W
1[
#30220000
0!
0A
#30230000
1!
1A
1\
0X
0T
0P
0L
0I
0J
0M
0Q
0U
0Y
1]
1;
0<
0=
0>
0?
0@
1h
0^
0Z
0R
0N
1F
0.
0-
0,
0+
0*
1)
0e
0b
0_
1G
1e
1b
1_
#30240000
0!
0A
#30250000
1!
1A
1I
1J
1@
1N
0F
1.
1K
0G
#30260000
0!
0A
#30270000
1!
1A
1L
0I
0J
1M
1?
0@
0N
1F
0.
1-
1O
1G
0O
#30280000
0!
0A
#30290000
1!
1A
1I
1J
1@
1R
1N
0F
1.
0K
0G
1O
#30300000
0!
0A
#30310000
1!
1A
1P
0L
0I
0J
0M
1Q
1>
0?
0@
0R
0N
1F
0.
0-
1,
1S
1G
0S
#30320000
0!
0A
#30330000
1!
1A
1I
1J
1@
1N
0F
1.
1K
0G
#30340000
0!
0A
#30350000
1!
1A
1L
0I
0J
1M
1?
0@
0N
1F
0.
1-
0O
1G
1O
#30360000
0!
0A
#30370000
1!
1A
1I
1J
1@
1R
1N
0F
1.
0K
0G
0O
1S
#30380000
0!
0A
#30390000
1!
1A
1T
0P
0L
0I
0J
0M
0Q
1U
1=
0>
0?
0@
0R
0N
1F
0.
0-
0,
1+
1G
#30400000
0!
0A
#30410000
1!
1A
1I
1J
1@
1N
0F
1.
1K
0G
#30420000
0!
0A
#30430000
1!
1A
1L
0I
0J
1M
1?
0@
0N
1F
0.
1-
1O
1G
0O
#30440000
0!
0A
#30450000
1!
1A
1I
1J
1@
1R
1N
0F
1.
0K
0G
1O
#30460000
0!
0A
#30470000
1!
1A
1P
0L
0I
0J
0M
1Q
1>
0?
0@
0R
0N
1F
0.
0-
1,
0S
1G
1S
#30480000
0!
0A
#30490000
1!
1A
1I
1J
1@
1N
0F
1.
1K
0G
#30500000
0!
0A
#30510000
1!
1A
1L
0I
0J
1M
1?
0@
0N
1F
0.
1-
0O
1G
1O
#30520000
0!
0A
#30530000
1!
1A
1I
1J
1@
1Z
1V
1R
1N
0F
1.
0K
0G
0O
0S
1W
#30540000
0!
0A
#30550000
1!
1A
1X
0T
0P
0L
0I
0J
0M
0Q
0U
1Y
1<
0=
0>
0?
0@
0Z
0R
0N
1F
0.
0-
0,
0+
1*
0[
1G
1[
#30560000
0!
0A
#30570000
1!
1A
1I
1J
1@
1N
0F
1.
1K
0G
#30580000
0!
0A
#30590000
1!
1A
1L
0I
0J
1M
1?
0@
0N
1F
0.
1-
1O
1G
0O
#30600000
0!
0A
#30610000
1!
1A
1I
1J
1@
1R
1N
0F
1.
0K
0G
1O
#30620000
0!
0A
#30630000
1!
1A
1P
0L
0I
0J
0M
1Q
1>
0?
0@
0R
0N
1F
0.
0-
1,
1S
1G
0S
#30640000
0!
0A
#30650000
1!
1A
1I
1J
1@
1N
0F
1.
1K
0G
#30660000
0!
0A
#30670000
1!
1A
1L
0I
0J
1M
1?
0@
0N
1F
0.
1-
0O
1G
1O
#30680000
0!
0A
#30690000
1!
1A
1I
1J
1@
1R
1N
0F
1.
0K
0G
0O
1S
#30700000
0!
0A
#30710000
1!
1A
1T
0P
0L
0I
0J
0M
0Q
1U
1=
0>
0?
0@
0R
0N
1F
0.
0-
0,
1+
1G
#30720000
0!
0A
#30730000
1!
1A
1I
1J
1@
1N
0F
1.
1K
0G
#30740000
0!
0A
#30750000
1!
1A
1L
0I
0J
1M
1?
0@
0N
1F
0.
1-
1O
1G
0O
#30760000
0!
0A
#30770000
1!
1A
1I
1J
1@
1R
1N
0F
1.
0K
0G
1O
#30780000
0!
0A
#30790000
1!
1A
1P
0L
0I
0J
0M
1Q
1>
0?
0@
0R
0N
1F
0.
0-
1,
0S
1G
1S
#30800000
0!
0A
#30810000
1!
1A
1I
1J
1@
1N
0F
1.
1K
0G
#30820000
0!
0A
#30830000
1!
1A
1L
0I
0J
1M
1?
0@
0N
1F
0.
1-
0O
1G
1O
#30840000
0!
0A
#30850000
1!
1A
1I
1J
1@
1^
1Z
0V
1R
1N
0F
1.
0K
0G
0O
0S
0W
0[
1i
0e
0b
0_
#30860000
0!
0A
#30870000
1!
1A
1j
0f
0c
0`
0\
0X
0T
0P
0L
0I
0J
0M
0Q
0U
0Y
0]
0a
0d
0g
1k
17
08
09
0:
0;
0<
0=
0>
0?
0@
0h
0^
0Z
0R
0N
1F
0.
0-
0,
0+
0*
0)
0(
0'
0&
1%
1G
#30880000
0!
0A
#30890000
1!
1A
1I
1J
1@
1N
0F
1.
1K
0G
#30900000
0!
0A
#30910000
1!
1A
1L
0I
0J
1M
1?
0@
0N
1F
0.
1-
1O
1G
0O
#30920000
0!
0A
#30930000
1!
1A
1I
1J
1@
1R
1N
0F
1.
0K
0G
1O
#30940000
0!
0A
#30950000
1!
1A
1P
0L
0I
0J
0M
1Q
1>
0?
0@
0R
0N
1F
0.
0-
1,
1S
1G
0S
#30960000
0!
0A
#30970000
1!
1A
1I
1J
1@
1N
0F
1.
1K
0G
#30980000
0!
0A
#30990000
1!
1A
1L
0I
0J
1M
1?
0@
0N
1F
0.
1-
0O
1G
1O
#31000000
0!
0A
#31010000
1!
1A
1I
1J
1@
1R
1N
0F
1.
0K
0G
0O
1S
#31020000
0!
0A
#31030000
1!
1A
1T
0P
0L
0I
0J
0M
0Q
1U
1=
0>
0?
0@
0R
0N
1F
0.
0-
0,
1+
1G
#31040000
0!
0A
#31050000
1!
1A
1I
1J
1@
1N
0F
1.
1K
0G
#31060000
0!
0A
#31070000
1!
1A
1L
0I
0J
1M
1?
0@
0N
1F
0.
1-
1O
1G
0O
#31080000
0!
0A
#31090000
1!
1A
1I
1J
1@
1R
1N
0F
1.
0K
0G
1O
#31100000
0!
0A
#31110000
1!
1A
1P
0L
0I
0J
0M
1Q
1>
0?
0@
0R
0N
1F
0.
0-
1,
0S
1G
1S
#31120000
0!
0A
#31130000
1!
1A
1I
1J
1@
1N
0F
1.
1K
0G
#31140000
0!
0A
#31150000
1!
1A
1L
0I
0J
1M
1?
0@
0N
1F
0.
1-
0O
1G
1O
#31160000
0!
0A
#31170000
1!
1A
1I
1J
1@
1Z
1V
1R
1N
0F
1.
0K
0G
0O
0S
1W
#31180000
0!
0A
#31190000
1!
1A
1X
0T
0P
0L
0I
0J
0M
0Q
0U
1Y
1<
0=
0>
0?
0@
0Z
0R
0N
1F
0.
0-
0,
0+
1*
1[
1G
0[
#31200000
0!
0A
#31210000
1!
1A
1I
1J
1@
1N
0F
1.
1K
0G
#31220000
0!
0A
#31230000
1!
1A
1L
0I
0J
1M
1?
0@
0N
1F
0.
1-
1O
1G
0O
#31240000
0!
0A
#31250000
1!
1A
1I
1J
1@
1R
1N
0F
1.
0K
0G
1O
#31260000
0!
0A
#31270000
1!
1A
1P
0L
0I
0J
0M
1Q
1>
0?
0@
0R
0N
1F
0.
0-
1,
1S
1G
0S
#31280000
0!
0A
#31290000
1!
1A
1I
1J
1@
1N
0F
1.
1K
0G
#31300000
0!
0A
#31310000
1!
1A
1L
0I
0J
1M
1?
0@
0N
1F
0.
1-
0O
1G
1O
#31320000
0!
0A
#31330000
1!
1A
1I
1J
1@
1R
1N
0F
1.
0K
0G
0O
1S
#31340000
0!
0A
#31350000
1!
1A
1T
0P
0L
0I
0J
0M
0Q
1U
1=
0>
0?
0@
0R
0N
1F
0.
0-
0,
1+
1G
#31360000
0!
0A
#31370000
1!
1A
1I
1J
1@
1N
0F
1.
1K
0G
#31380000
0!
0A
#31390000
1!
1A
1L
0I
0J
1M
1?
0@
0N
1F
0.
1-
1O
1G
0O
#31400000
0!
0A
#31410000
1!
1A
1I
1J
1@
1R
1N
0F
1.
0K
0G
1O
#31420000
0!
0A
#31430000
1!
1A
1P
0L
0I
0J
0M
1Q
1>
0?
0@
0R
0N
1F
0.
0-
1,
0S
1G
1S
#31440000
0!
0A
#31450000
1!
1A
1I
1J
1@
1N
0F
1.
1K
0G
#31460000
0!
0A
#31470000
1!
1A
1L
0I
0J
1M
1?
0@
0N
1F
0.
1-
0O
1G
1O
#31480000
0!
0A
#31490000
1!
1A
1I
1J
1@
1^
1Z
0V
1R
1N
0F
1.
0K
0G
0O
0S
0W
1[
#31500000
0!
0A
#31510000
1!
1A
1\
0X
0T
0P
0L
0I
0J
0M
0Q
0U
0Y
1]
1;
0<
0=
0>
0?
0@
0^
0Z
0R
0N
1F
0.
0-
0,
0+
0*
1)
1_
1G
0_
#31520000
0!
0A
#31530000
1!
1A
1I
1J
1@
1N
0F
1.
1K
0G
#31540000
0!
0A
#31550000
1!
1A
1L
0I
0J
1M
1?
0@
0N
1F
0.
1-
1O
1G
0O
#31560000
0!
0A
#31570000
1!
1A
1I
1J
1@
1R
1N
0F
1.
0K
0G
1O
#31580000
0!
0A
#31590000
1!
1A
1P
0L
0I
0J
0M
1Q
1>
0?
0@
0R
0N
1F
0.
0-
1,
1S
1G
0S
#31600000
0!
0A
#31610000
1!
1A
1I
1J
1@
1N
0F
1.
1K
0G
#31620000
0!
0A
#31630000
1!
1A
1L
0I
0J
1M
1?
0@
0N
1F
0.
1-
0O
1G
1O
#31640000
0!
0A
#31650000
1!
1A
1I
1J
1@
1R
1N
0F
1.
0K
0G
0O
1S
#31660000
0!
0A
#31670000
1!
1A
1T
0P
0L
0I
0J
0M
0Q
1U
1=
0>
0?
0@
0R
0N
1F
0.
0-
0,
1+
1G
#31680000
0!
0A
#31690000
1!
1A
1I
1J
1@
1N
0F
1.
1K
0G
#31700000
0!
0A
#31710000
1!
1A
1L
0I
0J
1M
1?
0@
0N
1F
0.
1-
1O
1G
0O
#31720000
0!
0A
#31730000
1!
1A
1I
1J
1@
1R
1N
0F
1.
0K
0G
1O
#31740000
0!
0A
#31750000
1!
1A
1P
0L
0I
0J
0M
1Q
1>
0?
0@
0R
0N
1F
0.
0-
1,
0S
1G
1S
#31760000
0!
0A
#31770000
1!
1A
1I
1J
1@
1N
0F
1.
1K
0G
#31780000
0!
0A
#31790000
1!
1A
1L
0I
0J
1M
1?
0@
0N
1F
0.
1-
0O
1G
1O
#31800000
0!
0A
#31810000
1!
1A
1I
1J
1@
1Z
1V
1R
1N
0F
1.
0K
0G
0O
0S
1W
#31820000
0!
0A
#31830000
1!
1A
1X
0T
0P
0L
0I
0J
0M
0Q
0U
1Y
1<
0=
0>
0?
0@
0Z
0R
0N
1F
0.
0-
0,
0+
1*
0[
1G
1[
#31840000
0!
0A
#31850000
1!
1A
1I
1J
1@
1N
0F
1.
1K
0G
#31860000
0!
0A
#31870000
1!
1A
1L
0I
0J
1M
1?
0@
0N
1F
0.
1-
1O
1G
0O
#31880000
0!
0A
#31890000
1!
1A
1I
1J
1@
1R
1N
0F
1.
0K
0G
1O
#31900000
0!
0A
#31910000
1!
1A
1P
0L
0I
0J
0M
1Q
1>
0?
0@
0R
0N
1F
0.
0-
1,
1S
1G
0S
#31920000
0!
0A
#31930000
1!
1A
1I
1J
1@
1N
0F
1.
1K
0G
#31940000
0!
0A
#31950000
1!
1A
1L
0I
0J
1M
1?
0@
0N
1F
0.
1-
0O
1G
1O
#31960000
0!
0A
#31970000
1!
1A
1I
1J
1@
1R
1N
0F
1.
0K
0G
0O
1S
#31980000
0!
0A
#31990000
1!
1A
1T
0P
0L
0I
0J
0M
0Q
1U
1=
0>
0?
0@
0R
0N
1F
0.
0-
0,
1+
1G
#32000000
0!
0A
#32010000
1!
1A
1I
1J
1@
1N
0F
1.
1K
0G
#32020000
0!
0A
#32030000
1!
1A
1L
0I
0J
1M
1?
0@
0N
1F
0.
1-
1O
1G
0O
#32040000
0!
0A
#32050000
1!
1A
1I
1J
1@
1R
1N
0F
1.
0K
0G
1O
#32060000
0!
0A
#32070000
1!
1A
1P
0L
0I
0J
0M
1Q
1>
0?
0@
0R
0N
1F
0.
0-
1,
0S
1G
1S
#32080000
0!
0A
#32090000
1!
1A
1I
1J
1@
1N
0F
1.
1K
0G
#32100000
0!
0A
#32110000
1!
1A
1L
0I
0J
1M
1?
0@
0N
1F
0.
1-
0O
1G
1O
#32120000
0!
0A
#32130000
1!
1A
1I
1J
1@
1^
1Z
0V
1R
1N
0F
1.
0K
0G
0O
0S
0W
0[
1_
#32140000
0!
0A
#32150000
1!
1A
1`
0\
0X
0T
0P
0L
0I
0J
0M
0Q
0U
0Y
0]
1a
1:
0;
0<
0=
0>
0?
0@
0^
0Z
0R
0N
1F
0.
0-
0,
0+
0*
0)
1(
1G
#32160000
0!
0A
#32170000
1!
1A
1I
1J
1@
1N
0F
1.
1K
0G
#32180000
0!
0A
#32190000
1!
1A
1L
0I
0J
1M
1?
0@
0N
1F
0.
1-
1O
1G
0O
#32200000
0!
0A
#32210000
1!
1A
1I
1J
1@
1R
1N
0F
1.
0K
0G
1O
#32220000
0!
0A
#32230000
1!
1A
1P
0L
0I
0J
0M
1Q
1>
0?
0@
0R
0N
1F
0.
0-
1,
1S
1G
0S
#32240000
0!
0A
#32250000
1!
1A
1I
1J
1@
1N
0F
1.
1K
0G
#32260000
0!
0A
#32270000
1!
1A
1L
0I
0J
1M
1?
0@
0N
1F
0.
1-
0O
1G
1O
#32280000
0!
0A
#32290000
1!
1A
1I
1J
1@
1R
1N
0F
1.
0K
0G
0O
1S
#32300000
0!
0A
#32310000
1!
1A
1T
0P
0L
0I
0J
0M
0Q
1U
1=
0>
0?
0@
0R
0N
1F
0.
0-
0,
1+
1G
#32320000
0!
0A
#32330000
1!
1A
1I
1J
1@
1N
0F
1.
1K
0G
#32340000
0!
0A
#32350000
1!
1A
1L
0I
0J
1M
1?
0@
0N
1F
0.
1-
1O
1G
0O
#32360000
0!
0A
#32370000
1!
1A
1I
1J
1@
1R
1N
0F
1.
0K
0G
1O
#32380000
0!
0A
#32390000
1!
1A
1P
0L
0I
0J
0M
1Q
1>
0?
0@
0R
0N
1F
0.
0-
1,
0S
1G
1S
#32400000
0!
0A
#32410000
1!
1A
1I
1J
1@
1N
0F
1.
1K
0G
#32420000
0!
0A
#32430000
1!
1A
1L
0I
0J
1M
1?
0@
0N
1F
0.
1-
0O
1G
1O
#32440000
0!
0A
#32450000
1!
1A
1I
1J
1@
1Z
1V
1R
1N
0F
1.
0K
0G
0O
0S
1W
#32460000
0!
0A
#32470000
1!
1A
1X
0T
0P
0L
0I
0J
0M
0Q
0U
1Y
1<
0=
0>
0?
0@
0Z
0R
0N
1F
0.
0-
0,
0+
1*
1[
1G
0[
#32480000
0!
0A
#32490000
1!
1A
1I
1J
1@
1N
0F
1.
1K
0G
#32500000
0!
0A
#32510000
1!
1A
1L
0I
0J
1M
1?
0@
0N
1F
0.
1-
1O
1G
0O
#32520000
0!
0A
#32530000
1!
1A
1I
1J
1@
1R
1N
0F
1.
0K
0G
1O
#32540000
0!
0A
#32550000
1!
1A
1P
0L
0I
0J
0M
1Q
1>
0?
0@
0R
0N
1F
0.
0-
1,
1S
1G
0S
#32560000
0!
0A
#32570000
1!
1A
1I
1J
1@
1N
0F
1.
1K
0G
#32580000
0!
0A
#32590000
1!
1A
1L
0I
0J
1M
1?
0@
0N
1F
0.
1-
0O
1G
1O
#32600000
0!
0A
#32610000
1!
1A
1I
1J
1@
1R
1N
0F
1.
0K
0G
0O
1S
#32620000
0!
0A
#32630000
1!
1A
1T
0P
0L
0I
0J
0M
0Q
1U
1=
0>
0?
0@
0R
0N
1F
0.
0-
0,
1+
1G
#32640000
0!
0A
#32650000
1!
1A
1I
1J
1@
1N
0F
1.
1K
0G
#32660000
0!
0A
#32670000
1!
1A
1L
0I
0J
1M
1?
0@
0N
1F
0.
1-
1O
1G
0O
#32680000
0!
0A
#32690000
1!
1A
1I
1J
1@
1R
1N
0F
1.
0K
0G
1O
#32700000
0!
0A
#32710000
1!
1A
1P
0L
0I
0J
0M
1Q
1>
0?
0@
0R
0N
1F
0.
0-
1,
0S
1G
1S
#32720000
0!
0A
#32730000
1!
1A
1I
1J
1@
1N
0F
1.
1K
0G
#32740000
0!
0A
#32750000
1!
1A
1L
0I
0J
1M
1?
0@
0N
1F
0.
1-
0O
1G
1O
#32760000
0!
0A
#32770000
1!
1A
1I
1J
1@
1^
1Z
0V
1R
1N
0F
1.
0K
0G
0O
0S
0W
1[
#32780000
0!
0A
#32790000
1!
1A
1\
0X
0T
0P
0L
0I
0J
0M
0Q
0U
0Y
1]
1;
0<
0=
0>
0?
0@
0^
0Z
0R
0N
1F
0.
0-
0,
0+
0*
1)
1b
0_
1G
0b
1_
#32800000
0!
0A
#32810000
1!
1A
1I
1J
1@
1N
0F
1.
1K
0G
#32820000
0!
0A
#32830000
1!
1A
1L
0I
0J
1M
1?
0@
0N
1F
0.
1-
1O
1G
0O
#32840000
0!
0A
#32850000
1!
1A
1I
1J
1@
1R
1N
0F
1.
0K
0G
1O
#32860000
0!
0A
#32870000
1!
1A
1P
0L
0I
0J
0M
1Q
1>
0?
0@
0R
0N
1F
0.
0-
1,
1S
1G
0S
#32880000
0!
0A
#32890000
1!
1A
1I
1J
1@
1N
0F
1.
1K
0G
#32900000
0!
0A
#32910000
1!
1A
1L
0I
0J
1M
1?
0@
0N
1F
0.
1-
0O
1G
1O
#32920000
0!
0A
#32930000
1!
1A
1I
1J
1@
1R
1N
0F
1.
0K
0G
0O
1S
#32940000
0!
0A
#32950000
1!
1A
1T
0P
0L
0I
0J
0M
0Q
1U
1=
0>
0?
0@
0R
0N
1F
0.
0-
0,
1+
1G
#32960000
0!
0A
#32970000
1!
1A
1I
1J
1@
1N
0F
1.
1K
0G
#32980000
0!
0A
#32990000
1!
1A
1L
0I
0J
1M
1?
0@
0N
1F
0.
1-
1O
1G
0O
#33000000
0!
0A
#33010000
1!
1A
1I
1J
1@
1R
1N
0F
1.
0K
0G
1O
#33020000
0!
0A
#33030000
1!
1A
1P
0L
0I
0J
0M
1Q
1>
0?
0@
0R
0N
1F
0.
0-
1,
0S
1G
1S
#33040000
0!
0A
#33050000
1!
1A
1I
1J
1@
1N
0F
1.
1K
0G
#33060000
0!
0A
#33070000
1!
1A
1L
0I
0J
1M
1?
0@
0N
1F
0.
1-
0O
1G
1O
#33080000
0!
0A
#33090000
1!
1A
1I
1J
1@
1Z
1V
1R
1N
0F
1.
0K
0G
0O
0S
1W
#33100000
0!
0A
#33110000
1!
1A
1X
0T
0P
0L
0I
0J
0M
0Q
0U
1Y
1<
0=
0>
0?
0@
0Z
0R
0N
1F
0.
0-
0,
0+
1*
0[
1G
1[
#33120000
0!
0A
#33130000
1!
1A
1I
1J
1@
1N
0F
1.
1K
0G
#33140000
0!
0A
#33150000
1!
1A
1L
0I
0J
1M
1?
0@
0N
1F
0.
1-
1O
1G
0O
#33160000
0!
0A
#33170000
1!
1A
1I
1J
1@
1R
1N
0F
1.
0K
0G
1O
#33180000
0!
0A
#33190000
1!
1A
1P
0L
0I
0J
0M
1Q
1>
0?
0@
0R
0N
1F
0.
0-
1,
1S
1G
0S
#33200000
0!
0A
#33210000
1!
1A
1I
1J
1@
1N
0F
1.
1K
0G
#33220000
0!
0A
#33230000
1!
1A
1L
0I
0J
1M
1?
0@
0N
1F
0.
1-
0O
1G
1O
#33240000
0!
0A
#33250000
1!
1A
1I
1J
1@
1R
1N
0F
1.
0K
0G
0O
1S
#33260000
0!
0A
#33270000
1!
1A
1T
0P
0L
0I
0J
0M
0Q
1U
1=
0>
0?
0@
0R
0N
1F
0.
0-
0,
1+
1G
#33280000
0!
0A
#33290000
1!
1A
1I
1J
1@
1N
0F
1.
1K
0G
#33300000
0!
0A
#33310000
1!
1A
1L
0I
0J
1M
1?
0@
0N
1F
0.
1-
1O
1G
0O
#33320000
0!
0A
#33330000
1!
1A
1I
1J
1@
1R
1N
0F
1.
0K
0G
1O
#33340000
0!
0A
#33350000
1!
1A
1P
0L
0I
0J
0M
1Q
1>
0?
0@
0R
0N
1F
0.
0-
1,
0S
1G
1S
#33360000
0!
0A
#33370000
1!
1A
1I
1J
1@
1N
0F
1.
1K
0G
#33380000
0!
0A
#33390000
1!
1A
1L
0I
0J
1M
1?
0@
0N
1F
0.
1-
0O
1G
1O
#33400000
0!
0A
#33410000
1!
1A
1I
1J
1@
1^
1Z
0V
1R
1N
0F
1.
0K
0G
0O
0S
0W
0[
1b
0_
#33420000
0!
0A
#33430000
1!
1A
1c
0`
0\
0X
0T
0P
0L
0I
0J
0M
0Q
0U
0Y
0]
0a
1d
19
0:
0;
0<
0=
0>
0?
0@
0^
0Z
0R
0N
1F
0.
0-
0,
0+
0*
0)
0(
1'
1G
#33440000
0!
0A
#33450000
1!
1A
1I
1J
1@
1N
0F
1.
1K
0G
#33460000
0!
0A
#33470000
1!
1A
1L
0I
0J
1M
1?
0@
0N
1F
0.
1-
1O
1G
0O
#33480000
0!
0A
#33490000
1!
1A
1I
1J
1@
1R
1N
0F
1.
0K
0G
1O
#33500000
0!
0A
#33510000
1!
1A
1P
0L
0I
0J
0M
1Q
1>
0?
0@
0R
0N
1F
0.
0-
1,
1S
1G
0S
#33520000
0!
0A
#33530000
1!
1A
1I
1J
1@
1N
0F
1.
1K
0G
#33540000
0!
0A
#33550000
1!
1A
1L
0I
0J
1M
1?
0@
0N
1F
0.
1-
0O
1G
1O
#33560000
0!
0A
#33570000
1!
1A
1I
1J
1@
1R
1N
0F
1.
0K
0G
0O
1S
#33580000
0!
0A
#33590000
1!
1A
1T
0P
0L
0I
0J
0M
0Q
1U
1=
0>
0?
0@
0R
0N
1F
0.
0-
0,
1+
1G
#33600000
0!
0A
#33610000
1!
1A
1I
1J
1@
1N
0F
1.
1K
0G
#33620000
0!
0A
#33630000
1!
1A
1L
0I
0J
1M
1?
0@
0N
1F
0.
1-
1O
1G
0O
#33640000
0!
0A
#33650000
1!
1A
1I
1J
1@
1R
1N
0F
1.
0K
0G
1O
#33660000
0!
0A
#33670000
1!
1A
1P
0L
0I
0J
0M
1Q
1>
0?
0@
0R
0N
1F
0.
0-
1,
0S
1G
1S
#33680000
0!
0A
#33690000
1!
1A
1I
1J
1@
1N
0F
1.
1K
0G
#33700000
0!
0A
#33710000
1!
1A
1L
0I
0J
1M
1?
0@
0N
1F
0.
1-
0O
1G
1O
#33720000
0!
0A
#33730000
1!
1A
1I
1J
1@
1Z
1V
1R
1N
0F
1.
0K
0G
0O
0S
1W
#33740000
0!
0A
#33750000
1!
1A
1X
0T
0P
0L
0I
0J
0M
0Q
0U
1Y
1<
0=
0>
0?
0@
0Z
0R
0N
1F
0.
0-
0,
0+
1*
1[
1G
0[
#33760000
0!
0A
#33770000
1!
1A
1I
1J
1@
1N
0F
1.
1K
0G
#33780000
0!
0A
#33790000
1!
1A
1L
0I
0J
1M
1?
0@
0N
1F
0.
1-
1O
1G
0O
#33800000
0!
0A
#33810000
1!
1A
1I
1J
1@
1R
1N
0F
1.
0K
0G
1O
#33820000
0!
0A
#33830000
1!
1A
1P
0L
0I
0J
0M
1Q
1>
0?
0@
0R
0N
1F
0.
0-
1,
1S
1G
0S
#33840000
0!
0A
#33850000
1!
1A
1I
1J
1@
1N
0F
1.
1K
0G
#33860000
0!
0A
#33870000
1!
1A
1L
0I
0J
1M
1?
0@
0N
1F
0.
1-
0O
1G
1O
#33880000
0!
0A
#33890000
1!
1A
1I
1J
1@
1R
1N
0F
1.
0K
0G
0O
1S
#33900000
0!
0A
#33910000
1!
1A
1T
0P
0L
0I
0J
0M
0Q
1U
1=
0>
0?
0@
0R
0N
1F
0.
0-
0,
1+
1G
#33920000
0!
0A
#33930000
1!
1A
1I
1J
1@
1N
0F
1.
1K
0G
#33940000
0!
0A
#33950000
1!
1A
1L
0I
0J
1M
1?
0@
0N
1F
0.
1-
1O
1G
0O
#33960000
0!
0A
#33970000
1!
1A
1I
1J
1@
1R
1N
0F
1.
0K
0G
1O
#33980000
0!
0A
#33990000
1!
1A
1P
0L
0I
0J
0M
1Q
1>
0?
0@
0R
0N
1F
0.
0-
1,
0S
1G
1S
#34000000
0!
0A
#34010000
1!
1A
1I
1J
1@
1N
0F
1.
1K
0G
#34020000
0!
0A
#34030000
1!
1A
1L
0I
0J
1M
1?
0@
0N
1F
0.
1-
0O
1G
1O
#34040000
0!
0A
#34050000
1!
1A
1I
1J
1@
1^
1Z
0V
1R
1N
0F
1.
0K
0G
0O
0S
0W
1[
#34060000
0!
0A
#34070000
1!
1A
1\
0X
0T
0P
0L
0I
0J
0M
0Q
0U
0Y
1]
1;
0<
0=
0>
0?
0@
0^
0Z
0R
0N
1F
0.
0-
0,
0+
0*
1)
1_
1G
0_
#34080000
0!
0A
#34090000
1!
1A
1I
1J
1@
1N
0F
1.
1K
0G
#34100000
0!
0A
#34110000
1!
1A
1L
0I
0J
1M
1?
0@
0N
1F
0.
1-
1O
1G
0O
#34120000
0!
0A
#34130000
1!
1A
1I
1J
1@
1R
1N
0F
1.
0K
0G
1O
#34140000
0!
0A
#34150000
1!
1A
1P
0L
0I
0J
0M
1Q
1>
0?
0@
0R
0N
1F
0.
0-
1,
1S
1G
0S
#34160000
0!
0A
#34170000
1!
1A
1I
1J
1@
1N
0F
1.
1K
0G
#34180000
0!
0A
#34190000
1!
1A
1L
0I
0J
1M
1?
0@
0N
1F
0.
1-
0O
1G
1O
#34200000
0!
0A
#34210000
1!
1A
1I
1J
1@
1R
1N
0F
1.
0K
0G
0O
1S
#34220000
0!
0A
#34230000
1!
1A
1T
0P
0L
0I
0J
0M
0Q
1U
1=
0>
0?
0@
0R
0N
1F
0.
0-
0,
1+
1G
#34240000
0!
0A
#34250000
1!
1A
1I
1J
1@
1N
0F
1.
1K
0G
#34260000
0!
0A
#34270000
1!
1A
1L
0I
0J
1M
1?
0@
0N
1F
0.
1-
1O
1G
0O
#34280000
0!
0A
#34290000
1!
1A
1I
1J
1@
1R
1N
0F
1.
0K
0G
1O
#34300000
0!
0A
#34310000
1!
1A
1P
0L
0I
0J
0M
1Q
1>
0?
0@
0R
0N
1F
0.
0-
1,
0S
1G
1S
#34320000
0!
0A
#34330000
1!
1A
1I
1J
1@
1N
0F
1.
1K
0G
#34340000
0!
0A
#34350000
1!
1A
1L
0I
0J
1M
1?
0@
0N
1F
0.
1-
0O
1G
1O
#34360000
0!
0A
#34370000
1!
1A
1I
1J
1@
1Z
1V
1R
1N
0F
1.
0K
0G
0O
0S
1W
#34380000
0!
0A
#34390000
1!
1A
1X
0T
0P
0L
0I
0J
0M
0Q
0U
1Y
1<
0=
0>
0?
0@
0Z
0R
0N
1F
0.
0-
0,
0+
1*
0[
1G
1[
#34400000
0!
0A
#34410000
1!
1A
1I
1J
1@
1N
0F
1.
1K
0G
#34420000
0!
0A
#34430000
1!
1A
1L
0I
0J
1M
1?
0@
0N
1F
0.
1-
1O
1G
0O
#34440000
0!
0A
#34450000
1!
1A
1I
1J
1@
1R
1N
0F
1.
0K
0G
1O
#34460000
0!
0A
#34470000
1!
1A
1P
0L
0I
0J
0M
1Q
1>
0?
0@
0R
0N
1F
0.
0-
1,
1S
1G
0S
#34480000
0!
0A
#34490000
1!
1A
1I
1J
1@
1N
0F
1.
1K
0G
#34500000
0!
0A
#34510000
1!
1A
1L
0I
0J
1M
1?
0@
0N
1F
0.
1-
0O
1G
1O
#34520000
0!
0A
#34530000
1!
1A
1I
1J
1@
1R
1N
0F
1.
0K
0G
0O
1S
#34540000
0!
0A
#34550000
1!
1A
1T
0P
0L
0I
0J
0M
0Q
1U
1=
0>
0?
0@
0R
0N
1F
0.
0-
0,
1+
1G
#34560000
0!
0A
#34570000
1!
1A
1I
1J
1@
1N
0F
1.
1K
0G
#34580000
0!
0A
#34590000
1!
1A
1L
0I
0J
1M
1?
0@
0N
1F
0.
1-
1O
1G
0O
#34600000
0!
0A
#34610000
1!
1A
1I
1J
1@
1R
1N
0F
1.
0K
0G
1O
#34620000
0!
0A
#34630000
1!
1A
1P
0L
0I
0J
0M
1Q
1>
0?
0@
0R
0N
1F
0.
0-
1,
0S
1G
1S
#34640000
0!
0A
#34650000
1!
1A
1I
1J
1@
1N
0F
1.
1K
0G
#34660000
0!
0A
#34670000
1!
1A
1L
0I
0J
1M
1?
0@
0N
1F
0.
1-
0O
1G
1O
#34680000
0!
0A
#34690000
1!
1A
1I
1J
1@
1^
1Z
0V
1R
1N
0F
1.
0K
0G
0O
0S
0W
0[
1_
#34700000
0!
0A
#34710000
1!
1A
1`
0\
0X
0T
0P
0L
0I
0J
0M
0Q
0U
0Y
0]
1a
1:
0;
0<
0=
0>
0?
0@
0^
0Z
0R
0N
1F
0.
0-
0,
0+
0*
0)
1(
1G
#34720000
0!
0A
#34730000
1!
1A
1I
1J
1@
1N
0F
1.
1K
0G
#34740000
0!
0A
#34750000
1!
1A
1L
0I
0J
1M
1?
0@
0N
1F
0.
1-
1O
1G
0O
#34760000
0!
0A
#34770000
1!
1A
1I
1J
1@
1R
1N
0F
1.
0K
0G
1O
#34780000
0!
0A
#34790000
1!
1A
1P
0L
0I
0J
0M
1Q
1>
0?
0@
0R
0N
1F
0.
0-
1,
1S
1G
0S
#34800000
0!
0A
#34810000
1!
1A
1I
1J
1@
1N
0F
1.
1K
0G
#34820000
0!
0A
#34830000
1!
1A
1L
0I
0J
1M
1?
0@
0N
1F
0.
1-
0O
1G
1O
#34840000
0!
0A
#34850000
1!
1A
1I
1J
1@
1R
1N
0F
1.
0K
0G
0O
1S
#34860000
0!
0A
#34870000
1!
1A
1T
0P
0L
0I
0J
0M
0Q
1U
1=
0>
0?
0@
0R
0N
1F
0.
0-
0,
1+
1G
#34880000
0!
0A
#34890000
1!
1A
1I
1J
1@
1N
0F
1.
1K
0G
#34900000
0!
0A
#34910000
1!
1A
1L
0I
0J
1M
1?
0@
0N
1F
0.
1-
1O
1G
0O
#34920000
0!
0A
#34930000
1!
1A
1I
1J
1@
1R
1N
0F
1.
0K
0G
1O
#34940000
0!
0A
#34950000
1!
1A
1P
0L
0I
0J
0M
1Q
1>
0?
0@
0R
0N
1F
0.
0-
1,
0S
1G
1S
#34960000
0!
0A
#34970000
1!
1A
1I
1J
1@
1N
0F
1.
1K
0G
#34980000
0!
0A
#34990000
1!
1A
1L
0I
0J
1M
1?
0@
0N
1F
0.
1-
0O
1G
1O
#35000000
0!
0A
#35010000
1!
1A
1I
1J
1@
1Z
1V
1R
1N
0F
1.
0K
0G
0O
0S
1W
#35020000
0!
0A
#35030000
1!
1A
1X
0T
0P
0L
0I
0J
0M
0Q
0U
1Y
1<
0=
0>
0?
0@
0Z
0R
0N
1F
0.
0-
0,
0+
1*
1[
1G
0[
#35040000
0!
0A
#35050000
1!
1A
1I
1J
1@
1N
0F
1.
1K
0G
#35060000
0!
0A
#35070000
1!
1A
1L
0I
0J
1M
1?
0@
0N
1F
0.
1-
1O
1G
0O
#35080000
0!
0A
#35090000
1!
1A
1I
1J
1@
1R
1N
0F
1.
0K
0G
1O
#35100000
0!
0A
#35110000
1!
1A
1P
0L
0I
0J
0M
1Q
1>
0?
0@
0R
0N
1F
0.
0-
1,
1S
1G
0S
#35120000
0!
0A
#35130000
1!
1A
1I
1J
1@
1N
0F
1.
1K
0G
#35140000
0!
0A
#35150000
1!
1A
1L
0I
0J
1M
1?
0@
0N
1F
0.
1-
0O
1G
1O
#35160000
0!
0A
#35170000
1!
1A
1I
1J
1@
1R
1N
0F
1.
0K
0G
0O
1S
#35180000
0!
0A
#35190000
1!
1A
1T
0P
0L
0I
0J
0M
0Q
1U
1=
0>
0?
0@
0R
0N
1F
0.
0-
0,
1+
1G
#35200000
0!
0A
#35210000
1!
1A
1I
1J
1@
1N
0F
1.
1K
0G
#35220000
0!
0A
#35230000
1!
1A
1L
0I
0J
1M
1?
0@
0N
1F
0.
1-
1O
1G
0O
#35240000
0!
0A
#35250000
1!
1A
1I
1J
1@
1R
1N
0F
1.
0K
0G
1O
#35260000
0!
0A
#35270000
1!
1A
1P
0L
0I
0J
0M
1Q
1>
0?
0@
0R
0N
1F
0.
0-
1,
0S
1G
1S
#35280000
0!
0A
#35290000
1!
1A
1I
1J
1@
1N
0F
1.
1K
0G
#35300000
0!
0A
#35310000
1!
1A
1L
0I
0J
1M
1?
0@
0N
1F
0.
1-
0O
1G
1O
#35320000
0!
0A
#35330000
1!
1A
1I
1J
1@
1^
1Z
0V
1R
1N
0F
1.
0K
0G
0O
0S
0W
1[
#35340000
0!
0A
#35350000
1!
1A
1\
0X
0T
0P
0L
0I
0J
0M
0Q
0U
0Y
1]
1;
0<
0=
0>
0?
0@
0^
0Z
0R
0N
1F
0.
0-
0,
0+
0*
1)
1e
0b
0_
1G
0e
1b
1_
#35360000
0!
0A
#35370000
1!
1A
1I
1J
1@
1N
0F
1.
1K
0G
#35380000
0!
0A
#35390000
1!
1A
1L
0I
0J
1M
1?
0@
0N
1F
0.
1-
1O
1G
0O
#35400000
0!
0A
#35410000
1!
1A
1I
1J
1@
1R
1N
0F
1.
0K
0G
1O
#35420000
0!
0A
#35430000
1!
1A
1P
0L
0I
0J
0M
1Q
1>
0?
0@
0R
0N
1F
0.
0-
1,
1S
1G
0S
#35440000
0!
0A
#35450000
1!
1A
1I
1J
1@
1N
0F
1.
1K
0G
#35460000
0!
0A
#35470000
1!
1A
1L
0I
0J
1M
1?
0@
0N
1F
0.
1-
0O
1G
1O
#35480000
0!
0A
#35490000
1!
1A
1I
1J
1@
1R
1N
0F
1.
0K
0G
0O
1S
#35500000
0!
0A
#35510000
1!
1A
1T
0P
0L
0I
0J
0M
0Q
1U
1=
0>
0?
0@
0R
0N
1F
0.
0-
0,
1+
1G
#35520000
0!
0A
#35530000
1!
1A
1I
1J
1@
1N
0F
1.
1K
0G
#35540000
0!
0A
#35550000
1!
1A
1L
0I
0J
1M
1?
0@
0N
1F
0.
1-
1O
1G
0O
#35560000
0!
0A
#35570000
1!
1A
1I
1J
1@
1R
1N
0F
1.
0K
0G
1O
#35580000
0!
0A
#35590000
1!
1A
1P
0L
0I
0J
0M
1Q
1>
0?
0@
0R
0N
1F
0.
0-
1,
0S
1G
1S
#35600000
0!
0A
#35610000
1!
1A
1I
1J
1@
1N
0F
1.
1K
0G
#35620000
0!
0A
#35630000
1!
1A
1L
0I
0J
1M
1?
0@
0N
1F
0.
1-
0O
1G
1O
#35640000
0!
0A
#35650000
1!
1A
1I
1J
1@
1Z
1V
1R
1N
0F
1.
0K
0G
0O
0S
1W
#35660000
0!
0A
#35670000
1!
1A
1X
0T
0P
0L
0I
0J
0M
0Q
0U
1Y
1<
0=
0>
0?
0@
0Z
0R
0N
1F
0.
0-
0,
0+
1*
0[
1G
1[
#35680000
0!
0A
#35690000
1!
1A
1I
1J
1@
1N
0F
1.
1K
0G
#35700000
0!
0A
#35710000
1!
1A
1L
0I
0J
1M
1?
0@
0N
1F
0.
1-
1O
1G
0O
#35720000
0!
0A
#35730000
1!
1A
1I
1J
1@
1R
1N
0F
1.
0K
0G
1O
#35740000
0!
0A
#35750000
1!
1A
1P
0L
0I
0J
0M
1Q
1>
0?
0@
0R
0N
1F
0.
0-
1,
1S
1G
0S
#35760000
0!
0A
#35770000
1!
1A
1I
1J
1@
1N
0F
1.
1K
0G
#35780000
0!
0A
#35790000
1!
1A
1L
0I
0J
1M
1?
0@
0N
1F
0.
1-
0O
1G
1O
#35800000
0!
0A
#35810000
1!
1A
1I
1J
1@
1R
1N
0F
1.
0K
0G
0O
1S
#35820000
0!
0A
#35830000
1!
1A
1T
0P
0L
0I
0J
0M
0Q
1U
1=
0>
0?
0@
0R
0N
1F
0.
0-
0,
1+
1G
#35840000
0!
0A
#35850000
1!
1A
1I
1J
1@
1N
0F
1.
1K
0G
#35860000
0!
0A
#35870000
1!
1A
1L
0I
0J
1M
1?
0@
0N
1F
0.
1-
1O
1G
0O
#35880000
0!
0A
#35890000
1!
1A
1I
1J
1@
1R
1N
0F
1.
0K
0G
1O
#35900000
0!
0A
#35910000
1!
1A
1P
0L
0I
0J
0M
1Q
1>
0?
0@
0R
0N
1F
0.
0-
1,
0S
1G
1S
#35920000
0!
0A
#35930000
1!
1A
1I
1J
1@
1N
0F
1.
1K
0G
#35940000
0!
0A
#35950000
1!
1A
1L
0I
0J
1M
1?
0@
0N
1F
0.
1-
0O
1G
1O
#35960000
0!
0A
#35970000
1!
1A
1I
1J
1@
1^
1Z
0V
1R
1N
0F
1.
0K
0G
0O
0S
0W
0[
1e
0b
0_
#35980000
0!
0A
#35990000
1!
1A
1f
0c
0`
0\
0X
0T
0P
0L
0I
0J
0M
0Q
0U
0Y
0]
0a
0d
1g
18
09
0:
0;
0<
0=
0>
0?
0@
0^
0Z
0R
0N
1F
0.
0-
0,
0+
0*
0)
0(
0'
1&
1G
#36000000
0!
0A
#36010000
1!
1A
1I
1J
1@
1N
0F
1.
1K
0G
#36020000
0!
0A
#36030000
1!
1A
1L
0I
0J
1M
1?
0@
0N
1F
0.
1-
1O
1G
0O
#36040000
0!
0A
#36050000
1!
1A
1I
1J
1@
1R
1N
0F
1.
0K
0G
1O
#36060000
0!
0A
#36070000
1!
1A
1P
0L
0I
0J
0M
1Q
1>
0?
0@
0R
0N
1F
0.
0-
1,
1S
1G
0S
#36080000
0!
0A
#36090000
1!
1A
1I
1J
1@
1N
0F
1.
1K
0G
#36100000
0!
0A
#36110000
1!
1A
1L
0I
0J
1M
1?
0@
0N
1F
0.
1-
0O
1G
1O
#36120000
0!
0A
#36130000
1!
1A
1I
1J
1@
1R
1N
0F
1.
0K
0G
0O
1S
#36140000
0!
0A
#36150000
1!
1A
1T
0P
0L
0I
0J
0M
0Q
1U
1=
0>
0?
0@
0R
0N
1F
0.
0-
0,
1+
1G
#36160000
0!
0A
#36170000
1!
1A
1I
1J
1@
1N
0F
1.
1K
0G
#36180000
0!
0A
#36190000
1!
1A
1L
0I
0J
1M
1?
0@
0N
1F
0.
1-
1O
1G
0O
#36200000
0!
0A
#36210000
1!
1A
1I
1J
1@
1R
1N
0F
1.
0K
0G
1O
#36220000
0!
0A
#36230000
1!
1A
1P
0L
0I
0J
0M
1Q
1>
0?
0@
0R
0N
1F
0.
0-
1,
0S
1G
1S
#36240000
0!
0A
#36250000
1!
1A
1I
1J
1@
1N
0F
1.
1K
0G
#36260000
0!
0A
#36270000
1!
1A
1L
0I
0J
1M
1?
0@
0N
1F
0.
1-
0O
1G
1O
#36280000
0!
0A
#36290000
1!
1A
1I
1J
1@
1Z
1V
1R
1N
0F
1.
0K
0G
0O
0S
1W
#36300000
0!
0A
#36310000
1!
1A
1X
0T
0P
0L
0I
0J
0M
0Q
0U
1Y
1<
0=
0>
0?
0@
0Z
0R
0N
1F
0.
0-
0,
0+
1*
1[
1G
0[
#36320000
0!
0A
#36330000
1!
1A
1I
1J
1@
1N
0F
1.
1K
0G
#36340000
0!
0A
#36350000
1!
1A
1L
0I
0J
1M
1?
0@
0N
1F
0.
1-
1O
1G
0O
#36360000
0!
0A
#36370000
1!
1A
1I
1J
1@
1R
1N
0F
1.
0K
0G
1O
#36380000
0!
0A
#36390000
1!
1A
1P
0L
0I
0J
0M
1Q
1>
0?
0@
0R
0N
1F
0.
0-
1,
1S
1G
0S
#36400000
0!
0A
#36410000
1!
1A
1I
1J
1@
1N
0F
1.
1K
0G
#36420000
0!
0A
#36430000
1!
1A
1L
0I
0J
1M
1?
0@
0N
1F
0.
1-
0O
1G
1O
#36440000
0!
0A
#36450000
1!
1A
1I
1J
1@
1R
1N
0F
1.
0K
0G
0O
1S
#36460000
0!
0A
#36470000
1!
1A
1T
0P
0L
0I
0J
0M
0Q
1U
1=
0>
0?
0@
0R
0N
1F
0.
0-
0,
1+
1G
#36480000
0!
0A
#36490000
1!
1A
1I
1J
1@
1N
0F
1.
1K
0G
#36500000
0!
0A
#36510000
1!
1A
1L
0I
0J
1M
1?
0@
0N
1F
0.
1-
1O
1G
0O
#36520000
0!
0A
#36530000
1!
1A
1I
1J
1@
1R
1N
0F
1.
0K
0G
1O
#36540000
0!
0A
#36550000
1!
1A
1P
0L
0I
0J
0M
1Q
1>
0?
0@
0R
0N
1F
0.
0-
1,
0S
1G
1S
#36560000
0!
0A
#36570000
1!
1A
1I
1J
1@
1N
0F
1.
1K
0G
#36580000
0!
0A
#36590000
1!
1A
1L
0I
0J
1M
1?
0@
0N
1F
0.
1-
0O
1G
1O
#36600000
0!
0A
#36610000
1!
1A
1I
1J
1@
1^
1Z
0V
1R
1N
0F
1.
0K
0G
0O
0S
0W
1[
#36620000
0!
0A
#36630000
1!
1A
1\
0X
0T
0P
0L
0I
0J
0M
0Q
0U
0Y
1]
1;
0<
0=
0>
0?
0@
1h
0^
0Z
0R
0N
1F
0.
0-
0,
0+
0*
1)
1_
1G
0_
#36640000
0!
0A
#36650000
1!
1A
1I
1J
1@
1N
0F
1.
1K
0G
#36660000
0!
0A
#36670000
1!
1A
1L
0I
0J
1M
1?
0@
0N
1F
0.
1-
1O
1G
0O
#36680000
0!
0A
#36690000
1!
1A
1I
1J
1@
1R
1N
0F
1.
0K
0G
1O
#36700000
0!
0A
#36710000
1!
1A
1P
0L
0I
0J
0M
1Q
1>
0?
0@
0R
0N
1F
0.
0-
1,
1S
1G
0S
#36720000
0!
0A
#36730000
1!
1A
1I
1J
1@
1N
0F
1.
1K
0G
#36740000
0!
0A
#36750000
1!
1A
1L
0I
0J
1M
1?
0@
0N
1F
0.
1-
0O
1G
1O
#36760000
0!
0A
#36770000
1!
1A
1I
1J
1@
1R
1N
0F
1.
0K
0G
0O
1S
#36780000
0!
0A
#36790000
1!
1A
1T
0P
0L
0I
0J
0M
0Q
1U
1=
0>
0?
0@
0R
0N
1F
0.
0-
0,
1+
1G
#36800000
0!
0A
#36810000
1!
1A
1I
1J
1@
1N
0F
1.
1K
0G
#36820000
0!
0A
#36830000
1!
1A
1L
0I
0J
1M
1?
0@
0N
1F
0.
1-
1O
1G
0O
#36840000
0!
0A
#36850000
1!
1A
1I
1J
1@
1R
1N
0F
1.
0K
0G
1O
#36860000
0!
0A
#36870000
1!
1A
1P
0L
0I
0J
0M
1Q
1>
0?
0@
0R
0N
1F
0.
0-
1,
0S
1G
1S
#36880000
0!
0A
#36890000
1!
1A
1I
1J
1@
1N
0F
1.
1K
0G
#36900000
0!
0A
#36910000
1!
1A
1L
0I
0J
1M
1?
0@
0N
1F
0.
1-
0O
1G
1O
#36920000
0!
0A
#36930000
1!
1A
1I
1J
1@
1Z
1V
1R
1N
0F
1.
0K
0G
0O
0S
1W
#36940000
0!
0A
#36950000
1!
1A
1X
0T
0P
0L
0I
0J
0M
0Q
0U
1Y
1<
0=
0>
0?
0@
0Z
0R
0N
1F
0.
0-
0,
0+
1*
0[
1G
1[
#36960000
0!
0A
#36970000
1!
1A
1I
1J
1@
1N
0F
1.
1K
0G
#36980000
0!
0A
#36990000
1!
1A
1L
0I
0J
1M
1?
0@
0N
1F
0.
1-
1O
1G
0O
#37000000
0!
0A
#37010000
1!
1A
1I
1J
1@
1R
1N
0F
1.
0K
0G
1O
#37020000
0!
0A
#37030000
1!
1A
1P
0L
0I
0J
0M
1Q
1>
0?
0@
0R
0N
1F
0.
0-
1,
1S
1G
0S
#37040000
0!
0A
#37050000
1!
1A
1I
1J
1@
1N
0F
1.
1K
0G
#37060000
0!
0A
#37070000
1!
1A
1L
0I
0J
1M
1?
0@
0N
1F
0.
1-
0O
1G
1O
#37080000
0!
0A
#37090000
1!
1A
1I
1J
1@
1R
1N
0F
1.
0K
0G
0O
1S
#37100000
0!
0A
#37110000
1!
1A
1T
0P
0L
0I
0J
0M
0Q
1U
1=
0>
0?
0@
0R
0N
1F
0.
0-
0,
1+
1G
#37120000
0!
0A
#37130000
1!
1A
1I
1J
1@
1N
0F
1.
1K
0G
#37140000
0!
0A
#37150000
1!
1A
1L
0I
0J
1M
1?
0@
0N
1F
0.
1-
1O
1G
0O
#37160000
0!
0A
#37170000
1!
1A
1I
1J
1@
1R
1N
0F
1.
0K
0G
1O
#37180000
0!
0A
#37190000
1!
1A
1P
0L
0I
0J
0M
1Q
1>
0?
0@
0R
0N
1F
0.
0-
1,
0S
1G
1S
#37200000
0!
0A
#37210000
1!
1A
1I
1J
1@
1N
0F
1.
1K
0G
#37220000
0!
0A
#37230000
1!
1A
1L
0I
0J
1M
1?
0@
0N
1F
0.
1-
0O
1G
1O
#37240000
0!
0A
#37250000
1!
1A
1I
1J
1@
1^
1Z
0V
1R
1N
0F
1.
0K
0G
0O
0S
0W
0[
1_
#37260000
0!
0A
#37270000
1!
1A
1`
0\
0X
0T
0P
0L
0I
0J
0M
0Q
0U
0Y
0]
1a
1:
0;
0<
0=
0>
0?
0@
0h
0^
0Z
0R
0N
1F
0.
0-
0,
0+
0*
0)
1(
1G
#37280000
0!
0A
#37290000
1!
1A
1I
1J
1@
1N
0F
1.
1K
0G
#37300000
0!
0A
#37310000
1!
1A
1L
0I
0J
1M
1?
0@
0N
1F
0.
1-
1O
1G
0O
#37320000
0!
0A
#37330000
1!
1A
1I
1J
1@
1R
1N
0F
1.
0K
0G
1O
#37340000
0!
0A
#37350000
1!
1A
1P
0L
0I
0J
0M
1Q
1>
0?
0@
0R
0N
1F
0.
0-
1,
1S
1G
0S
#37360000
0!
0A
#37370000
1!
1A
1I
1J
1@
1N
0F
1.
1K
0G
#37380000
0!
0A
#37390000
1!
1A
1L
0I
0J
1M
1?
0@
0N
1F
0.
1-
0O
1G
1O
#37400000
0!
0A
#37410000
1!
1A
1I
1J
1@
1R
1N
0F
1.
0K
0G
0O
1S
#37420000
0!
0A
#37430000
1!
1A
1T
0P
0L
0I
0J
0M
0Q
1U
1=
0>
0?
0@
0R
0N
1F
0.
0-
0,
1+
1G
#37440000
0!
0A
#37450000
1!
1A
1I
1J
1@
1N
0F
1.
1K
0G
#37460000
0!
0A
#37470000
1!
1A
1L
0I
0J
1M
1?
0@
0N
1F
0.
1-
1O
1G
0O
#37480000
0!
0A
#37490000
1!
1A
1I
1J
1@
1R
1N
0F
1.
0K
0G
1O
#37500000
0!
0A
#37510000
1!
1A
1P
0L
0I
0J
0M
1Q
1>
0?
0@
0R
0N
1F
0.
0-
1,
0S
1G
1S
#37520000
0!
0A
#37530000
1!
1A
1I
1J
1@
1N
0F
1.
1K
0G
#37540000
0!
0A
#37550000
1!
1A
1L
0I
0J
1M
1?
0@
0N
1F
0.
1-
0O
1G
1O
#37560000
0!
0A
#37570000
1!
1A
1I
1J
1@
1Z
1V
1R
1N
0F
1.
0K
0G
0O
0S
1W
#37580000
0!
0A
#37590000
1!
1A
1X
0T
0P
0L
0I
0J
0M
0Q
0U
1Y
1<
0=
0>
0?
0@
0Z
0R
0N
1F
0.
0-
0,
0+
1*
1[
1G
0[
#37600000
0!
0A
#37610000
1!
1A
1I
1J
1@
1N
0F
1.
1K
0G
#37620000
0!
0A
#37630000
1!
1A
1L
0I
0J
1M
1?
0@
0N
1F
0.
1-
1O
1G
0O
#37640000
0!
0A
#37650000
1!
1A
1I
1J
1@
1R
1N
0F
1.
0K
0G
1O
#37660000
0!
0A
#37670000
1!
1A
1P
0L
0I
0J
0M
1Q
1>
0?
0@
0R
0N
1F
0.
0-
1,
1S
1G
0S
#37680000
0!
0A
#37690000
1!
1A
1I
1J
1@
1N
0F
1.
1K
0G
#37700000
0!
0A
#37710000
1!
1A
1L
0I
0J
1M
1?
0@
0N
1F
0.
1-
0O
1G
1O
#37720000
0!
0A
#37730000
1!
1A
1I
1J
1@
1R
1N
0F
1.
0K
0G
0O
1S
#37740000
0!
0A
#37750000
1!
1A
1T
0P
0L
0I
0J
0M
0Q
1U
1=
0>
0?
0@
0R
0N
1F
0.
0-
0,
1+
1G
#37760000
0!
0A
#37770000
1!
1A
1I
1J
1@
1N
0F
1.
1K
0G
#37780000
0!
0A
#37790000
1!
1A
1L
0I
0J
1M
1?
0@
0N
1F
0.
1-
1O
1G
0O
#37800000
0!
0A
#37810000
1!
1A
1I
1J
1@
1R
1N
0F
1.
0K
0G
1O
#37820000
0!
0A
#37830000
1!
1A
1P
0L
0I
0J
0M
1Q
1>
0?
0@
0R
0N
1F
0.
0-
1,
0S
1G
1S
#37840000
0!
0A
#37850000
1!
1A
1I
1J
1@
1N
0F
1.
1K
0G
#37860000
0!
0A
#37870000
1!
1A
1L
0I
0J
1M
1?
0@
0N
1F
0.
1-
0O
1G
1O
#37880000
0!
0A
#37890000
1!
1A
1I
1J
1@
1^
1Z
0V
1R
1N
0F
1.
0K
0G
0O
0S
0W
1[
#37900000
0!
0A
#37910000
1!
1A
1\
0X
0T
0P
0L
0I
0J
0M
0Q
0U
0Y
1]
1;
0<
0=
0>
0?
0@
1h
0^
0Z
0R
0N
1F
0.
0-
0,
0+
0*
1)
1b
0_
1G
0b
1_
#37920000
0!
0A
#37930000
1!
1A
1I
1J
1@
1N
0F
1.
1K
0G
#37940000
0!
0A
#37950000
1!
1A
1L
0I
0J
1M
1?
0@
0N
1F
0.
1-
1O
1G
0O
#37960000
0!
0A
#37970000
1!
1A
1I
1J
1@
1R
1N
0F
1.
0K
0G
1O
#37980000
0!
0A
#37990000
1!
1A
1P
0L
0I
0J
0M
1Q
1>
0?
0@
0R
0N
1F
0.
0-
1,
1S
1G
0S
#38000000
0!
0A
#38010000
1!
1A
1I
1J
1@
1N
0F
1.
1K
0G
#38020000
0!
0A
#38030000
1!
1A
1L
0I
0J
1M
1?
0@
0N
1F
0.
1-
0O
1G
1O
#38040000
0!
0A
#38050000
1!
1A
1I
1J
1@
1R
1N
0F
1.
0K
0G
0O
1S
#38060000
0!
0A
#38070000
1!
1A
1T
0P
0L
0I
0J
0M
0Q
1U
1=
0>
0?
0@
0R
0N
1F
0.
0-
0,
1+
1G
#38080000
0!
0A
#38090000
1!
1A
1I
1J
1@
1N
0F
1.
1K
0G
#38100000
0!
0A
#38110000
1!
1A
1L
0I
0J
1M
1?
0@
0N
1F
0.
1-
1O
1G
0O
#38120000
0!
0A
#38130000
1!
1A
1I
1J
1@
1R
1N
0F
1.
0K
0G
1O
#38140000
0!
0A
#38150000
1!
1A
1P
0L
0I
0J
0M
1Q
1>
0?
0@
0R
0N
1F
0.
0-
1,
0S
1G
1S
#38160000
0!
0A
#38170000
1!
1A
1I
1J
1@
1N
0F
1.
1K
0G
#38180000
0!
0A
#38190000
1!
1A
1L
0I
0J
1M
1?
0@
0N
1F
0.
1-
0O
1G
1O
#38200000
0!
0A
#38210000
1!
1A
1I
1J
1@
1Z
1V
1R
1N
0F
1.
0K
0G
0O
0S
1W
#38220000
0!
0A
#38230000
1!
1A
1X
0T
0P
0L
0I
0J
0M
0Q
0U
1Y
1<
0=
0>
0?
0@
0Z
0R
0N
1F
0.
0-
0,
0+
1*
0[
1G
1[
#38240000
0!
0A
#38250000
1!
1A
1I
1J
1@
1N
0F
1.
1K
0G
#38260000
0!
0A
#38270000
1!
1A
1L
0I
0J
1M
1?
0@
0N
1F
0.
1-
1O
1G
0O
#38280000
0!
0A
#38290000
1!
1A
1I
1J
1@
1R
1N
0F
1.
0K
0G
1O
#38300000
0!
0A
#38310000
1!
1A
1P
0L
0I
0J
0M
1Q
1>
0?
0@
0R
0N
1F
0.
0-
1,
1S
1G
0S
#38320000
0!
0A
#38330000
1!
1A
1I
1J
1@
1N
0F
1.
1K
0G
#38340000
0!
0A
#38350000
1!
1A
1L
0I
0J
1M
1?
0@
0N
1F
0.
1-
0O
1G
1O
#38360000
0!
0A
#38370000
1!
1A
1I
1J
1@
1R
1N
0F
1.
0K
0G
0O
1S
#38380000
0!
0A
#38390000
1!
1A
1T
0P
0L
0I
0J
0M
0Q
1U
1=
0>
0?
0@
0R
0N
1F
0.
0-
0,
1+
1G
#38400000
0!
0A
#38410000
1!
1A
1I
1J
1@
1N
0F
1.
1K
0G
#38420000
0!
0A
#38430000
1!
1A
1L
0I
0J
1M
1?
0@
0N
1F
0.
1-
1O
1G
0O
#38440000
0!
0A
#38450000
1!
1A
1I
1J
1@
1R
1N
0F
1.
0K
0G
1O
#38460000
0!
0A
#38470000
1!
1A
1P
0L
0I
0J
0M
1Q
1>
0?
0@
0R
0N
1F
0.
0-
1,
0S
1G
1S
#38480000
0!
0A
#38490000
1!
1A
1I
1J
1@
1N
0F
1.
1K
0G
#38500000
0!
0A
#38510000
1!
1A
1L
0I
0J
1M
1?
0@
0N
1F
0.
1-
0O
1G
1O
#38520000
0!
0A
#38530000
1!
1A
1I
1J
1@
1^
1Z
0V
1R
1N
0F
1.
0K
0G
0O
0S
0W
0[
1b
0_
#38540000
0!
0A
#38550000
1!
1A
1c
0`
0\
0X
0T
0P
0L
0I
0J
0M
0Q
0U
0Y
0]
0a
1d
19
0:
0;
0<
0=
0>
0?
0@
0h
0^
0Z
0R
0N
1F
0.
0-
0,
0+
0*
0)
0(
1'
1G
#38560000
0!
0A
#38570000
1!
1A
1I
1J
1@
1N
0F
1.
1K
0G
#38580000
0!
0A
#38590000
1!
1A
1L
0I
0J
1M
1?
0@
0N
1F
0.
1-
1O
1G
0O
#38600000
0!
0A
#38610000
1!
1A
1I
1J
1@
1R
1N
0F
1.
0K
0G
1O
#38620000
0!
0A
#38630000
1!
1A
1P
0L
0I
0J
0M
1Q
1>
0?
0@
0R
0N
1F
0.
0-
1,
1S
1G
0S
#38640000
0!
0A
#38650000
1!
1A
1I
1J
1@
1N
0F
1.
1K
0G
#38660000
0!
0A
#38670000
1!
1A
1L
0I
0J
1M
1?
0@
0N
1F
0.
1-
0O
1G
1O
#38680000
0!
0A
#38690000
1!
1A
1I
1J
1@
1R
1N
0F
1.
0K
0G
0O
1S
#38700000
0!
0A
#38710000
1!
1A
1T
0P
0L
0I
0J
0M
0Q
1U
1=
0>
0?
0@
0R
0N
1F
0.
0-
0,
1+
1G
#38720000
0!
0A
#38730000
1!
1A
1I
1J
1@
1N
0F
1.
1K
0G
#38740000
0!
0A
#38750000
1!
1A
1L
0I
0J
1M
1?
0@
0N
1F
0.
1-
1O
1G
0O
#38760000
0!
0A
#38770000
1!
1A
1I
1J
1@
1R
1N
0F
1.
0K
0G
1O
#38780000
0!
0A
#38790000
1!
1A
1P
0L
0I
0J
0M
1Q
1>
0?
0@
0R
0N
1F
0.
0-
1,
0S
1G
1S
#38800000
0!
0A
#38810000
1!
1A
1I
1J
1@
1N
0F
1.
1K
0G
#38820000
0!
0A
#38830000
1!
1A
1L
0I
0J
1M
1?
0@
0N
1F
0.
1-
0O
1G
1O
#38840000
0!
0A
#38850000
1!
1A
1I
1J
1@
1Z
1V
1R
1N
0F
1.
0K
0G
0O
0S
1W
#38860000
0!
0A
#38870000
1!
1A
1X
0T
0P
0L
0I
0J
0M
0Q
0U
1Y
1<
0=
0>
0?
0@
0Z
0R
0N
1F
0.
0-
0,
0+
1*
1[
1G
0[
#38880000
0!
0A
#38890000
1!
1A
1I
1J
1@
1N
0F
1.
1K
0G
#38900000
0!
0A
#38910000
1!
1A
1L
0I
0J
1M
1?
0@
0N
1F
0.
1-
1O
1G
0O
#38920000
0!
0A
#38930000
1!
1A
1I
1J
1@
1R
1N
0F
1.
0K
0G
1O
#38940000
0!
0A
#38950000
1!
1A
1P
0L
0I
0J
0M
1Q
1>
0?
0@
0R
0N
1F
0.
0-
1,
1S
1G
0S
#38960000
0!
0A
#38970000
1!
1A
1I
1J
1@
1N
0F
1.
1K
0G
#38980000
0!
0A
#38990000
1!
1A
1L
0I
0J
1M
1?
0@
0N
1F
0.
1-
0O
1G
1O
#39000000
0!
0A
#39010000
1!
1A
1I
1J
1@
1R
1N
0F
1.
0K
0G
0O
1S
#39020000
0!
0A
#39030000
1!
1A
1T
0P
0L
0I
0J
0M
0Q
1U
1=
0>
0?
0@
0R
0N
1F
0.
0-
0,
1+
1G
#39040000
0!
0A
#39050000
1!
1A
1I
1J
1@
1N
0F
1.
1K
0G
#39060000
0!
0A
#39070000
1!
1A
1L
0I
0J
1M
1?
0@
0N
1F
0.
1-
1O
1G
0O
#39080000
0!
0A
#39090000
1!
1A
1I
1J
1@
1R
1N
0F
1.
0K
0G
1O
#39100000
0!
0A
#39110000
1!
1A
1P
0L
0I
0J
0M
1Q
1>
0?
0@
0R
0N
1F
0.
0-
1,
0S
1G
1S
#39120000
0!
0A
#39130000
1!
1A
1I
1J
1@
1N
0F
1.
1K
0G
#39140000
0!
0A
#39150000
1!
1A
1L
0I
0J
1M
1?
0@
0N
1F
0.
1-
0O
1G
1O
#39160000
0!
0A
#39170000
1!
1A
1I
1J
1@
1^
1Z
0V
1R
1N
0F
1.
0K
0G
0O
0S
0W
1[
#39180000
0!
0A
#39190000
1!
1A
1\
0X
0T
0P
0L
0I
0J
0M
0Q
0U
0Y
1]
1;
0<
0=
0>
0?
0@
1h
0^
0Z
0R
0N
1F
0.
0-
0,
0+
0*
1)
1_
1G
0_
#39200000
0!
0A
#39210000
1!
1A
1I
1J
1@
1N
0F
1.
1K
0G
#39220000
0!
0A
#39230000
1!
1A
1L
0I
0J
1M
1?
0@
0N
1F
0.
1-
1O
1G
0O
#39240000
0!
0A
#39250000
1!
1A
1I
1J
1@
1R
1N
0F
1.
0K
0G
1O
#39260000
0!
0A
#39270000
1!
1A
1P
0L
0I
0J
0M
1Q
1>
0?
0@
0R
0N
1F
0.
0-
1,
1S
1G
0S
#39280000
0!
0A
#39290000
1!
1A
1I
1J
1@
1N
0F
1.
1K
0G
#39300000
0!
0A
#39310000
1!
1A
1L
0I
0J
1M
1?
0@
0N
1F
0.
1-
0O
1G
1O
#39320000
0!
0A
#39330000
1!
1A
1I
1J
1@
1R
1N
0F
1.
0K
0G
0O
1S
#39340000
0!
0A
#39350000
1!
1A
1T
0P
0L
0I
0J
0M
0Q
1U
1=
0>
0?
0@
0R
0N
1F
0.
0-
0,
1+
1G
#39360000
0!
0A
#39370000
1!
1A
1I
1J
1@
1N
0F
1.
1K
0G
#39380000
0!
0A
#39390000
1!
1A
1L
0I
0J
1M
1?
0@
0N
1F
0.
1-
1O
1G
0O
#39400000
0!
0A
#39410000
1!
1A
1I
1J
1@
1R
1N
0F
1.
0K
0G
1O
#39420000
0!
0A
#39430000
1!
1A
1P
0L
0I
0J
0M
1Q
1>
0?
0@
0R
0N
1F
0.
0-
1,
0S
1G
1S
#39440000
0!
0A
#39450000
1!
1A
1I
1J
1@
1N
0F
1.
1K
0G
#39460000
0!
0A
#39470000
1!
1A
1L
0I
0J
1M
1?
0@
0N
1F
0.
1-
0O
1G
1O
#39480000
0!
0A
#39490000
1!
1A
1I
1J
1@
1Z
1V
1R
1N
0F
1.
0K
0G
0O
0S
1W
#39500000
0!
0A
#39510000
1!
1A
1X
0T
0P
0L
0I
0J
0M
0Q
0U
1Y
1<
0=
0>
0?
0@
0Z
0R
0N
1F
0.
0-
0,
0+
1*
0[
1G
1[
#39520000
0!
0A
#39530000
1!
1A
1I
1J
1@
1N
0F
1.
1K
0G
#39540000
0!
0A
#39550000
1!
1A
1L
0I
0J
1M
1?
0@
0N
1F
0.
1-
1O
1G
0O
#39560000
0!
0A
#39570000
1!
1A
1I
1J
1@
1R
1N
0F
1.
0K
0G
1O
#39580000
0!
0A
#39590000
1!
1A
1P
0L
0I
0J
0M
1Q
1>
0?
0@
0R
0N
1F
0.
0-
1,
1S
1G
0S
#39600000
0!
0A
#39610000
1!
1A
1I
1J
1@
1N
0F
1.
1K
0G
#39620000
0!
0A
#39630000
1!
1A
1L
0I
0J
1M
1?
0@
0N
1F
0.
1-
0O
1G
1O
#39640000
0!
0A
#39650000
1!
1A
1I
1J
1@
1R
1N
0F
1.
0K
0G
0O
1S
#39660000
0!
0A
#39670000
1!
1A
1T
0P
0L
0I
0J
0M
0Q
1U
1=
0>
0?
0@
0R
0N
1F
0.
0-
0,
1+
1G
#39680000
0!
0A
#39690000
1!
1A
1I
1J
1@
1N
0F
1.
1K
0G
#39700000
0!
0A
#39710000
1!
1A
1L
0I
0J
1M
1?
0@
0N
1F
0.
1-
1O
1G
0O
#39720000
0!
0A
#39730000
1!
1A
1I
1J
1@
1R
1N
0F
1.
0K
0G
1O
#39740000
0!
0A
#39750000
1!
1A
1P
0L
0I
0J
0M
1Q
1>
0?
0@
0R
0N
1F
0.
0-
1,
0S
1G
1S
#39760000
0!
0A
#39770000
1!
1A
1I
1J
1@
1N
0F
1.
1K
0G
#39780000
0!
0A
#39790000
1!
1A
1L
0I
0J
1M
1?
0@
0N
1F
0.
1-
0O
1G
1O
#39800000
0!
0A
#39810000
1!
1A
1I
1J
1@
1^
1Z
0V
1R
1N
0F
1.
0K
0G
0O
0S
0W
0[
1_
#39820000
0!
0A
#39830000
1!
1A
1`
0\
0X
0T
0P
0L
0I
0J
0M
0Q
0U
0Y
0]
1a
1:
0;
0<
0=
0>
0?
0@
0h
0^
0Z
0R
0N
1F
0.
0-
0,
0+
0*
0)
1(
0i
1G
1i
#39840000
0!
0A
#39850000
1!
1A
1I
1J
1@
1N
0F
1.
1K
0G
#39860000
0!
0A
#39870000
1!
1A
1L
0I
0J
1M
1?
0@
0N
1F
0.
1-
1O
1G
0O
#39880000
0!
0A
#39890000
1!
1A
1I
1J
1@
1R
1N
0F
1.
0K
0G
1O
#39900000
0!
0A
#39910000
1!
1A
1P
0L
0I
0J
0M
1Q
1>
0?
0@
0R
0N
1F
0.
0-
1,
1S
1G
0S
#39920000
0!
0A
#39930000
1!
1A
1I
1J
1@
1N
0F
1.
1K
0G
#39940000
0!
0A
#39950000
1!
1A
1L
0I
0J
1M
1?
0@
0N
1F
0.
1-
0O
1G
1O
#39960000
0!
0A
#39970000
1!
1A
1I
1J
1@
1R
1N
0F
1.
0K
0G
0O
1S
#39980000
0!
0A
#39990000
1!
1A
1T
0P
0L
0I
0J
0M
0Q
1U
1=
0>
0?
0@
0R
0N
1F
0.
0-
0,
1+
1G
#40000000
0!
0A
#40010000
1!
1A
1I
1J
1@
1N
0F
1.
1K
0G
#40020000
0!
0A
#40030000
1!
1A
1L
0I
0J
1M
1?
0@
0N
1F
0.
1-
1O
1G
0O
#40040000
0!
0A
#40050000
1!
1A
1I
1J
1@
1R
1N
0F
1.
0K
0G
1O
#40060000
0!
0A
#40070000
1!
1A
1P
0L
0I
0J
0M
1Q
1>
0?
0@
0R
0N
1F
0.
0-
1,
0S
1G
1S
#40080000
0!
0A
#40090000
1!
1A
1I
1J
1@
1N
0F
1.
1K
0G
#40100000
0!
0A
#40110000
1!
1A
1L
0I
0J
1M
1?
0@
0N
1F
0.
1-
0O
1G
1O
#40120000
0!
0A
#40130000
1!
1A
1I
1J
1@
1Z
1V
1R
1N
0F
1.
0K
0G
0O
0S
1W
#40140000
0!
0A
#40150000
1!
1A
1X
0T
0P
0L
0I
0J
0M
0Q
0U
1Y
1<
0=
0>
0?
0@
0Z
0R
0N
1F
0.
0-
0,
0+
1*
1[
1G
0[
#40160000
0!
0A
#40170000
1!
1A
1I
1J
1@
1N
0F
1.
1K
0G
#40180000
0!
0A
#40190000
1!
1A
1L
0I
0J
1M
1?
0@
0N
1F
0.
1-
1O
1G
0O
#40200000
0!
0A
#40210000
1!
1A
1I
1J
1@
1R
1N
0F
1.
0K
0G
1O
#40220000
0!
0A
#40230000
1!
1A
1P
0L
0I
0J
0M
1Q
1>
0?
0@
0R
0N
1F
0.
0-
1,
1S
1G
0S
#40240000
0!
0A
#40250000
1!
1A
1I
1J
1@
1N
0F
1.
1K
0G
#40260000
0!
0A
#40270000
1!
1A
1L
0I
0J
1M
1?
0@
0N
1F
0.
1-
0O
1G
1O
#40280000
0!
0A
#40290000
1!
1A
1I
1J
1@
1R
1N
0F
1.
0K
0G
0O
1S
#40300000
0!
0A
#40310000
1!
1A
1T
0P
0L
0I
0J
0M
0Q
1U
1=
0>
0?
0@
0R
0N
1F
0.
0-
0,
1+
1G
#40320000
0!
0A
#40330000
1!
1A
1I
1J
1@
1N
0F
1.
1K
0G
#40340000
0!
0A
#40350000
1!
1A
1L
0I
0J
1M
1?
0@
0N
1F
0.
1-
1O
1G
0O
#40360000
0!
0A
#40370000
1!
1A
1I
1J
1@
1R
1N
0F
1.
0K
0G
1O
#40380000
0!
0A
#40390000
1!
1A
1P
0L
0I
0J
0M
1Q
1>
0?
0@
0R
0N
1F
0.
0-
1,
0S
1G
1S
#40400000
0!
0A
#40410000
1!
1A
1I
1J
1@
1N
0F
1.
1K
0G
#40420000
0!
0A
#40430000
1!
1A
1L
0I
0J
1M
1?
0@
0N
1F
0.
1-
0O
1G
1O
#40440000
0!
0A
#40450000
1!
1A
1I
1J
1@
1^
1Z
0V
1R
1N
0F
1.
0K
0G
0O
0S
0W
1[
#40460000
0!
0A
#40470000
1!
1A
1\
0X
0T
0P
0L
0I
0J
0M
0Q
0U
0Y
1]
1;
0<
0=
0>
0?
0@
1h
0^
0Z
0R
0N
1F
0.
0-
0,
0+
0*
1)
1l
0e
0b
0_
16
1/
1G
0l
1e
1b
1_
06
0/
#40480000
0!
0A
#40490000
1!
1A
1I
1J
1@
1N
0F
1.
1K
0G
#40500000
0!
0A
#40510000
1!
1A
1L
0I
0J
1M
1?
0@
0N
1F
0.
1-
1O
1G
0O
#40520000
0!
0A
#40530000
1!
1A
1I
1J
1@
1R
1N
0F
1.
0K
0G
1O
#40540000
0!
0A
#40550000
1!
1A
1P
0L
0I
0J
0M
1Q
1>
0?
0@
0R
0N
1F
0.
0-
1,
1S
1G
0S
#40560000
0!
0A
#40570000
1!
1A
1I
1J
1@
1N
0F
1.
1K
0G
#40580000
0!
0A
#40590000
1!
1A
1L
0I
0J
1M
1?
0@
0N
1F
0.
1-
0O
1G
1O
#40600000
0!
0A
#40610000
1!
1A
1I
1J
1@
1R
1N
0F
1.
0K
0G
0O
1S
#40620000
0!
0A
#40630000
1!
1A
1T
0P
0L
0I
0J
0M
0Q
1U
1=
0>
0?
0@
0R
0N
1F
0.
0-
0,
1+
1G
#40640000
0!
0A
#40650000
1!
1A
1I
1J
1@
1N
0F
1.
1K
0G
#40660000
0!
0A
#40670000
1!
1A
1L
0I
0J
1M
1?
0@
0N
1F
0.
1-
1O
1G
0O
#40680000
0!
0A
#40690000
1!
1A
1I
1J
1@
1R
1N
0F
1.
0K
0G
1O
#40700000
0!
0A
#40710000
1!
1A
1P
0L
0I
0J
0M
1Q
1>
0?
0@
0R
0N
1F
0.
0-
1,
0S
1G
1S
#40720000
0!
0A
#40730000
1!
1A
1I
1J
1@
1N
0F
1.
1K
0G
#40740000
0!
0A
#40750000
1!
1A
1L
0I
0J
1M
1?
0@
0N
1F
0.
1-
0O
1G
1O
#40760000
0!
0A
#40770000
1!
1A
1I
1J
1@
1Z
1V
1R
1N
0F
1.
0K
0G
0O
0S
1W
#40780000
0!
0A
#40790000
1!
1A
1X
0T
0P
0L
0I
0J
0M
0Q
0U
1Y
1<
0=
0>
0?
0@
0Z
0R
0N
1F
0.
0-
0,
0+
1*
0[
1G
1[
#40800000
0!
0A
#40810000
1!
1A
1I
1J
1@
1N
0F
1.
1K
0G
#40820000
0!
0A
#40830000
1!
1A
1L
0I
0J
1M
1?
0@
0N
1F
0.
1-
1O
1G
0O
#40840000
0!
0A
#40850000
1!
1A
1I
1J
1@
1R
1N
0F
1.
0K
0G
1O
#40860000
0!
0A
#40870000
1!
1A
1P
0L
0I
0J
0M
1Q
1>
0?
0@
0R
0N
1F
0.
0-
1,
1S
1G
0S
#40880000
0!
0A
#40890000
1!
1A
1I
1J
1@
1N
0F
1.
1K
0G
#40900000
0!
0A
#40910000
1!
1A
1L
0I
0J
1M
1?
0@
0N
1F
0.
1-
0O
1G
1O
#40920000
0!
0A
#40930000
1!
1A
1I
1J
1@
1R
1N
0F
1.
0K
0G
0O
1S
#40940000
0!
0A
#40950000
1!
1A
1T
0P
0L
0I
0J
0M
0Q
1U
1=
0>
0?
0@
0R
0N
1F
0.
0-
0,
1+
1G
#40960000
0!
0A
#40970000
1!
1A
1I
1J
1@
1N
0F
1.
1K
0G
#40980000
0!
0A
#40990000
1!
1A
1L
0I
0J
1M
1?
0@
0N
1F
0.
1-
1O
1G
0O
#41000000
0!
0A
#41010000
1!
1A
1I
1J
1@
1R
1N
0F
1.
0K
0G
1O
#41020000
0!
0A
#41030000
1!
1A
1P
0L
0I
0J
0M
1Q
1>
0?
0@
0R
0N
1F
0.
0-
1,
0S
1G
1S
#41040000
0!
0A
#41050000
1!
1A
1I
1J
1@
1N
0F
1.
1K
0G
#41060000
0!
0A
#41070000
1!
1A
1L
0I
0J
1M
1?
0@
0N
1F
0.
1-
0O
1G
1O
#41080000
0!
0A
#41090000
1!
1A
1I
1J
1@
1^
1Z
0V
1R
1N
0F
1.
0K
0G
0O
0S
0W
0[
1l
0i
0e
0b
0_
16
1/
#41100000
0!
0A
#41110000
1!
1A
0j
0f
0c
0`
0\
0X
0T
0P
0L
0I
0J
0M
0Q
0U
0Y
0]
0a
0d
0g
0k
07
08
09
0:
0;
0<
0=
0>
0?
0@
0h
0^
0Z
0R
0N
1F
0.
0-
0,
0+
0*
0)
0(
0'
0&
0%
0l
06
0/
1G
#41120000
0!
0A
#41130000
1!
1A
1I
1J
1@
1N
0F
1.
1K
0G
#41140000
0!
0A
#41150000
1!
1A
1L
0I
0J
1M
1?
0@
0N
1F
0.
1-
1O
1G
0O
#41160000
0!
0A
#41170000
1!
1A
1I
1J
1@
1R
1N
0F
1.
0K
0G
1O
#41180000
0!
0A
#41190000
1!
1A
1P
0L
0I
0J
0M
1Q
1>
0?
0@
0R
0N
1F
0.
0-
1,
1S
1G
0S
#41200000
0!
0A
#41210000
1!
1A
1I
1J
1@
1N
0F
1.
1K
0G
#41220000
0!
0A
#41230000
1!
1A
1L
0I
0J
1M
1?
0@
0N
1F
0.
1-
0O
1G
1O
#41240000
0!
0A
#41250000
1!
1A
1I
1J
1@
1R
1N
0F
1.
0K
0G
0O
1S
#41260000
0!
0A
#41270000
1!
1A
1T
0P
0L
0I
0J
0M
0Q
1U
1=
0>
0?
0@
0R
0N
1F
0.
0-
0,
1+
1G
#41280000
0!
0A
#41290000
1!
1A
1I
1J
1@
1N
0F
1.
1K
0G
#41300000
0!
0A
#41310000
1!
1A
1L
0I
0J
1M
1?
0@
0N
1F
0.
1-
1O
1G
0O
#41320000
0!
0A
#41330000
1!
1A
1I
1J
1@
1R
1N
0F
1.
0K
0G
1O
#41340000
0!
0A
#41350000
1!
1A
1P
0L
0I
0J
0M
1Q
1>
0?
0@
0R
0N
1F
0.
0-
1,
0S
1G
1S
#41360000
0!
0A
#41370000
1!
1A
1I
1J
1@
1N
0F
1.
1K
0G
#41380000
0!
0A
#41390000
1!
1A
1L
0I
0J
1M
1?
0@
0N
1F
0.
1-
0O
1G
1O
#41400000
0!
0A
#41410000
1!
1A
1I
1J
1@
1Z
1V
1R
1N
0F
1.
0K
0G
0O
0S
1W
#41420000
0!
0A
#41430000
1!
1A
1X
0T
0P
0L
0I
0J
0M
0Q
0U
1Y
1<
0=
0>
0?
0@
0Z
0R
0N
1F
0.
0-
0,
0+
1*
1[
1G
0[
#41440000
0!
0A
#41450000
1!
1A
1I
1J
1@
1N
0F
1.
1K
0G
#41460000
0!
0A
#41470000
1!
1A
1L
0I
0J
1M
1?
0@
0N
1F
0.
1-
1O
1G
0O
#41480000
0!
0A
#41490000
1!
1A
1I
1J
1@
1R
1N
0F
1.
0K
0G
1O
#41500000
0!
0A
#41510000
1!
1A
1P
0L
0I
0J
0M
1Q
1>
0?
0@
0R
0N
1F
0.
0-
1,
1S
1G
0S
#41520000
0!
0A
#41530000
1!
1A
1I
1J
1@
1N
0F
1.
1K
0G
#41540000
0!
0A
#41550000
1!
1A
1L
0I
0J
1M
1?
0@
0N
1F
0.
1-
0O
1G
1O
#41560000
0!
0A
#41570000
1!
1A
1I
1J
1@
1R
1N
0F
1.
0K
0G
0O
1S
#41580000
0!
0A
#41590000
1!
1A
1T
0P
0L
0I
0J
0M
0Q
1U
1=
0>
0?
0@
0R
0N
1F
0.
0-
0,
1+
1G
#41600000
0!
0A
#41610000
1!
1A
1I
1J
1@
1N
0F
1.
1K
0G
#41620000
0!
0A
#41630000
1!
1A
1L
0I
0J
1M
1?
0@
0N
1F
0.
1-
1O
1G
0O
#41640000
0!
0A
#41650000
1!
1A
1I
1J
1@
1R
1N
0F
1.
0K
0G
1O
#41660000
0!
0A
#41670000
1!
1A
1P
0L
0I
0J
0M
1Q
1>
0?
0@
0R
0N
1F
0.
0-
1,
0S
1G
1S
#41680000
0!
0A
#41690000
1!
1A
1I
1J
1@
1N
0F
1.
1K
0G
#41700000
0!
0A
#41710000
1!
1A
1L
0I
0J
1M
1?
0@
0N
1F
0.
1-
0O
1G
1O
#41720000
0!
0A
#41730000
1!
1A
1I
1J
1@
1^
1Z
0V
1R
1N
0F
1.
0K
0G
0O
0S
0W
1[
#41740000
0!
0A
#41750000
1!
1A
1\
0X
0T
0P
0L
0I
0J
0M
0Q
0U
0Y
1]
1;
0<
0=
0>
0?
0@
0^
0Z
0R
0N
1F
0.
0-
0,
0+
0*
1)
1_
1G
0_
#41760000
0!
0A
#41770000
1!
1A
1I
1J
1@
1N
0F
1.
1K
0G
#41780000
0!
0A
#41790000
1!
1A
1L
0I
0J
1M
1?
0@
0N
1F
0.
1-
1O
1G
0O
#41800000
0!
0A
#41810000
1!
1A
1I
1J
1@
1R
1N
0F
1.
0K
0G
1O
#41820000
0!
0A
#41830000
1!
1A
1P
0L
0I
0J
0M
1Q
1>
0?
0@
0R
0N
1F
0.
0-
1,
1S
1G
0S
#41840000
0!
0A
#41850000
1!
1A
1I
1J
1@
1N
0F
1.
1K
0G
#41860000
0!
0A
#41870000
1!
1A
1L
0I
0J
1M
1?
0@
0N
1F
0.
1-
0O
1G
1O
#41880000
0!
0A
#41890000
1!
1A
1I
1J
1@
1R
1N
0F
1.
0K
0G
0O
1S
#41900000
0!
0A
#41910000
1!
1A
1T
0P
0L
0I
0J
0M
0Q
1U
1=
0>
0?
0@
0R
0N
1F
0.
0-
0,
1+
1G
#41920000
0!
0A
#41930000
1!
1A
1I
1J
1@
1N
0F
1.
1K
0G
#41940000
0!
0A
#41950000
1!
1A
1L
0I
0J
1M
1?
0@
0N
1F
0.
1-
1O
1G
0O
#41960000
0!
0A
#41970000
1!
1A
1I
1J
1@
1R
1N
0F
1.
0K
0G
1O
#41980000
0!
0A
#41990000
1!
1A
1P
0L
0I
0J
0M
1Q
1>
0?
0@
0R
0N
1F
0.
0-
1,
0S
1G
1S
#42000000
0!
0A
#42010000
1!
1A
1I
1J
1@
1N
0F
1.
1K
0G
#42020000
0!
0A
#42030000
1!
1A
1L
0I
0J
1M
1?
0@
0N
1F
0.
1-
0O
1G
1O
#42040000
0!
0A
#42050000
1!
1A
1I
1J
1@
1Z
1V
1R
1N
0F
1.
0K
0G
0O
0S
1W
#42060000
0!
0A
#42070000
1!
1A
1X
0T
0P
0L
0I
0J
0M
0Q
0U
1Y
1<
0=
0>
0?
0@
0Z
0R
0N
1F
0.
0-
0,
0+
1*
0[
1G
1[
#42080000
0!
0A
#42090000
1!
1A
1I
1J
1@
1N
0F
1.
1K
0G
#42100000
0!
0A
#42110000
1!
1A
1L
0I
0J
1M
1?
0@
0N
1F
0.
1-
1O
1G
0O
#42120000
0!
0A
#42130000
1!
1A
1I
1J
1@
1R
1N
0F
1.
0K
0G
1O
#42140000
0!
0A
#42150000
1!
1A
1P
0L
0I
0J
0M
1Q
1>
0?
0@
0R
0N
1F
0.
0-
1,
1S
1G
0S
#42160000
0!
0A
#42170000
1!
1A
1I
1J
1@
1N
0F
1.
1K
0G
#42180000
0!
0A
#42190000
1!
1A
1L
0I
0J
1M
1?
0@
0N
1F
0.
1-
0O
1G
1O
#42200000
0!
0A
#42210000
1!
1A
1I
1J
1@
1R
1N
0F
1.
0K
0G
0O
1S
#42220000
0!
0A
#42230000
1!
1A
1T
0P
0L
0I
0J
0M
0Q
1U
1=
0>
0?
0@
0R
0N
1F
0.
0-
0,
1+
1G
#42240000
0!
0A
#42250000
1!
1A
1I
1J
1@
1N
0F
1.
1K
0G
#42260000
0!
0A
#42270000
1!
1A
1L
0I
0J
1M
1?
0@
0N
1F
0.
1-
1O
1G
0O
#42280000
0!
0A
#42290000
1!
1A
1I
1J
1@
1R
1N
0F
1.
0K
0G
1O
#42300000
0!
0A
#42310000
1!
1A
1P
0L
0I
0J
0M
1Q
1>
0?
0@
0R
0N
1F
0.
0-
1,
0S
1G
1S
#42320000
0!
0A
#42330000
1!
1A
1I
1J
1@
1N
0F
1.
1K
0G
#42340000
0!
0A
#42350000
1!
1A
1L
0I
0J
1M
1?
0@
0N
1F
0.
1-
0O
1G
1O
#42360000
0!
0A
#42370000
1!
1A
1I
1J
1@
1^
1Z
0V
1R
1N
0F
1.
0K
0G
0O
0S
0W
0[
1_
#42380000
0!
0A
#42390000
1!
1A
1`
0\
0X
0T
0P
0L
0I
0J
0M
0Q
0U
0Y
0]
1a
1:
0;
0<
0=
0>
0?
0@
0^
0Z
0R
0N
1F
0.
0-
0,
0+
0*
0)
1(
1G
#42400000
0!
0A
#42410000
1!
1A
1I
1J
1@
1N
0F
1.
1K
0G
#42420000
0!
0A
#42430000
1!
1A
1L
0I
0J
1M
1?
0@
0N
1F
0.
1-
1O
1G
0O
#42440000
0!
0A
#42450000
1!
1A
1I
1J
1@
1R
1N
0F
1.
0K
0G
1O
#42460000
0!
0A
#42470000
1!
1A
1P
0L
0I
0J
0M
1Q
1>
0?
0@
0R
0N
1F
0.
0-
1,
1S
1G
0S
#42480000
0!
0A
#42490000
1!
1A
1I
1J
1@
1N
0F
1.
1K
0G
#42500000
0!
0A
#42510000
1!
1A
1L
0I
0J
1M
1?
0@
0N
1F
0.
1-
0O
1G
1O
#42520000
0!
0A
#42530000
1!
1A
1I
1J
1@
1R
1N
0F
1.
0K
0G
0O
1S
#42540000
0!
0A
#42550000
1!
1A
1T
0P
0L
0I
0J
0M
0Q
1U
1=
0>
0?
0@
0R
0N
1F
0.
0-
0,
1+
1G
#42560000
0!
0A
#42570000
1!
1A
1I
1J
1@
1N
0F
1.
1K
0G
#42580000
0!
0A
#42590000
1!
1A
1L
0I
0J
1M
1?
0@
0N
1F
0.
1-
1O
1G
0O
#42600000
0!
0A
#42610000
1!
1A
1I
1J
1@
1R
1N
0F
1.
0K
0G
1O
#42620000
0!
0A
#42630000
1!
1A
1P
0L
0I
0J
0M
1Q
1>
0?
0@
0R
0N
1F
0.
0-
1,
0S
1G
1S
#42640000
0!
0A
#42650000
1!
1A
1I
1J
1@
1N
0F
1.
1K
0G
#42660000
0!
0A
#42670000
1!
1A
1L
0I
0J
1M
1?
0@
0N
1F
0.
1-
0O
1G
1O
#42680000
0!
0A
#42690000
1!
1A
1I
1J
1@
1Z
1V
1R
1N
0F
1.
0K
0G
0O
0S
1W
#42700000
0!
0A
#42710000
1!
1A
1X
0T
0P
0L
0I
0J
0M
0Q
0U
1Y
1<
0=
0>
0?
0@
0Z
0R
0N
1F
0.
0-
0,
0+
1*
1[
1G
0[
#42720000
0!
0A
#42730000
1!
1A
1I
1J
1@
1N
0F
1.
1K
0G
#42740000
0!
0A
#42750000
1!
1A
1L
0I
0J
1M
1?
0@
0N
1F
0.
1-
1O
1G
0O
#42760000
0!
0A
#42770000
1!
1A
1I
1J
1@
1R
1N
0F
1.
0K
0G
1O
#42780000
0!
0A
#42790000
1!
1A
1P
0L
0I
0J
0M
1Q
1>
0?
0@
0R
0N
1F
0.
0-
1,
1S
1G
0S
#42800000
0!
0A
#42810000
1!
1A
1I
1J
1@
1N
0F
1.
1K
0G
#42820000
0!
0A
#42830000
1!
1A
1L
0I
0J
1M
1?
0@
0N
1F
0.
1-
0O
1G
1O
#42840000
0!
0A
#42850000
1!
1A
1I
1J
1@
1R
1N
0F
1.
0K
0G
0O
1S
#42860000
0!
0A
#42870000
1!
1A
1T
0P
0L
0I
0J
0M
0Q
1U
1=
0>
0?
0@
0R
0N
1F
0.
0-
0,
1+
1G
#42880000
0!
0A
#42890000
1!
1A
1I
1J
1@
1N
0F
1.
1K
0G
#42900000
0!
0A
#42910000
1!
1A
1L
0I
0J
1M
1?
0@
0N
1F
0.
1-
1O
1G
0O
#42920000
0!
0A
#42930000
1!
1A
1I
1J
1@
1R
1N
0F
1.
0K
0G
1O
#42940000
0!
0A
#42950000
1!
1A
1P
0L
0I
0J
0M
1Q
1>
0?
0@
0R
0N
1F
0.
0-
1,
0S
1G
1S
#42960000
0!
0A
#42970000
1!
1A
1I
1J
1@
1N
0F
1.
1K
0G
#42980000
0!
0A
#42990000
1!
1A
1L
0I
0J
1M
1?
0@
0N
1F
0.
1-
0O
1G
1O
#43000000
0!
0A
#43010000
1!
1A
1I
1J
1@
1^
1Z
0V
1R
1N
0F
1.
0K
0G
0O
0S
0W
1[
#43020000
0!
0A
#43030000
1!
1A
1\
0X
0T
0P
0L
0I
0J
0M
0Q
0U
0Y
1]
1;
0<
0=
0>
0?
0@
0^
0Z
0R
0N
1F
0.
0-
0,
0+
0*
1)
1b
0_
1G
0b
1_
#43040000
0!
0A
#43050000
1!
1A
1I
1J
1@
1N
0F
1.
1K
0G
#43060000
0!
0A
#43070000
1!
1A
1L
0I
0J
1M
1?
0@
0N
1F
0.
1-
1O
1G
0O
#43080000
0!
0A
#43090000
1!
1A
1I
1J
1@
1R
1N
0F
1.
0K
0G
1O
#43100000
0!
0A
#43110000
1!
1A
1P
0L
0I
0J
0M
1Q
1>
0?
0@
0R
0N
1F
0.
0-
1,
1S
1G
0S
#43120000
0!
0A
#43130000
1!
1A
1I
1J
1@
1N
0F
1.
1K
0G
#43140000
0!
0A
#43150000
1!
1A
1L
0I
0J
1M
1?
0@
0N
1F
0.
1-
0O
1G
1O
#43160000
0!
0A
#43170000
1!
1A
1I
1J
1@
1R
1N
0F
1.
0K
0G
0O
1S
#43180000
0!
0A
#43190000
1!
1A
1T
0P
0L
0I
0J
0M
0Q
1U
1=
0>
0?
0@
0R
0N
1F
0.
0-
0,
1+
1G
#43200000
0!
0A
#43210000
1!
1A
1I
1J
1@
1N
0F
1.
1K
0G
#43220000
0!
0A
#43230000
1!
1A
1L
0I
0J
1M
1?
0@
0N
1F
0.
1-
1O
1G
0O
#43240000
0!
0A
#43250000
1!
1A
1I
1J
1@
1R
1N
0F
1.
0K
0G
1O
#43260000
0!
0A
#43270000
1!
1A
1P
0L
0I
0J
0M
1Q
1>
0?
0@
0R
0N
1F
0.
0-
1,
0S
1G
1S
#43280000
0!
0A
#43290000
1!
1A
1I
1J
1@
1N
0F
1.
1K
0G
#43300000
0!
0A
#43310000
1!
1A
1L
0I
0J
1M
1?
0@
0N
1F
0.
1-
0O
1G
1O
#43320000
0!
0A
#43330000
1!
1A
1I
1J
1@
1Z
1V
1R
1N
0F
1.
0K
0G
0O
0S
1W
#43340000
0!
0A
#43350000
1!
1A
1X
0T
0P
0L
0I
0J
0M
0Q
0U
1Y
1<
0=
0>
0?
0@
0Z
0R
0N
1F
0.
0-
0,
0+
1*
0[
1G
1[
#43360000
0!
0A
#43370000
1!
1A
1I
1J
1@
1N
0F
1.
1K
0G
#43380000
0!
0A
#43390000
1!
1A
1L
0I
0J
1M
1?
0@
0N
1F
0.
1-
1O
1G
0O
#43400000
0!
0A
#43410000
1!
1A
1I
1J
1@
1R
1N
0F
1.
0K
0G
1O
#43420000
0!
0A
#43430000
1!
1A
1P
0L
0I
0J
0M
1Q
1>
0?
0@
0R
0N
1F
0.
0-
1,
1S
1G
0S
#43440000
0!
0A
#43450000
1!
1A
1I
1J
1@
1N
0F
1.
1K
0G
#43460000
0!
0A
#43470000
1!
1A
1L
0I
0J
1M
1?
0@
0N
1F
0.
1-
0O
1G
1O
#43480000
0!
0A
#43490000
1!
1A
1I
1J
1@
1R
1N
0F
1.
0K
0G
0O
1S
#43500000
0!
0A
#43510000
1!
1A
1T
0P
0L
0I
0J
0M
0Q
1U
1=
0>
0?
0@
0R
0N
1F
0.
0-
0,
1+
1G
#43520000
0!
0A
#43530000
1!
1A
1I
1J
1@
1N
0F
1.
1K
0G
#43540000
0!
0A
#43550000
1!
1A
1L
0I
0J
1M
1?
0@
0N
1F
0.
1-
1O
1G
0O
#43560000
0!
0A
#43570000
1!
1A
1I
1J
1@
1R
1N
0F
1.
0K
0G
1O
#43580000
0!
0A
#43590000
1!
1A
1P
0L
0I
0J
0M
1Q
1>
0?
0@
0R
0N
1F
0.
0-
1,
0S
1G
1S
#43600000
0!
0A
#43610000
1!
1A
1I
1J
1@
1N
0F
1.
1K
0G
#43620000
0!
0A
#43630000
1!
1A
1L
0I
0J
1M
1?
0@
0N
1F
0.
1-
0O
1G
1O
#43640000
0!
0A
#43650000
1!
1A
1I
1J
1@
1^
1Z
0V
1R
1N
0F
1.
0K
0G
0O
0S
0W
0[
1b
0_
#43660000
0!
0A
#43670000
1!
1A
1c
0`
0\
0X
0T
0P
0L
0I
0J
0M
0Q
0U
0Y
0]
0a
1d
19
0:
0;
0<
0=
0>
0?
0@
0^
0Z
0R
0N
1F
0.
0-
0,
0+
0*
0)
0(
1'
1G
#43680000
0!
0A
#43690000
1!
1A
1I
1J
1@
1N
0F
1.
1K
0G
#43700000
0!
0A
#43710000
1!
1A
1L
0I
0J
1M
1?
0@
0N
1F
0.
1-
1O
1G
0O
#43720000
0!
0A
#43730000
1!
1A
1I
1J
1@
1R
1N
0F
1.
0K
0G
1O
#43740000
0!
0A
#43750000
1!
1A
1P
0L
0I
0J
0M
1Q
1>
0?
0@
0R
0N
1F
0.
0-
1,
1S
1G
0S
#43760000
0!
0A
#43770000
1!
1A
1I
1J
1@
1N
0F
1.
1K
0G
#43780000
0!
0A
#43790000
1!
1A
1L
0I
0J
1M
1?
0@
0N
1F
0.
1-
0O
1G
1O
#43800000
0!
0A
#43810000
1!
1A
1I
1J
1@
1R
1N
0F
1.
0K
0G
0O
1S
#43820000
0!
0A
#43830000
1!
1A
1T
0P
0L
0I
0J
0M
0Q
1U
1=
0>
0?
0@
0R
0N
1F
0.
0-
0,
1+
1G
#43840000
0!
0A
#43850000
1!
1A
1I
1J
1@
1N
0F
1.
1K
0G
#43860000
0!
0A
#43870000
1!
1A
1L
0I
0J
1M
1?
0@
0N
1F
0.
1-
1O
1G
0O
#43880000
0!
0A
#43890000
1!
1A
1I
1J
1@
1R
1N
0F
1.
0K
0G
1O
#43900000
0!
0A
#43910000
1!
1A
1P
0L
0I
0J
0M
1Q
1>
0?
0@
0R
0N
1F
0.
0-
1,
0S
1G
1S
#43920000
0!
0A
#43930000
1!
1A
1I
1J
1@
1N
0F
1.
1K
0G
#43940000
0!
0A
#43950000
1!
1A
1L
0I
0J
1M
1?
0@
0N
1F
0.
1-
0O
1G
1O
#43960000
0!
0A
#43970000
1!
1A
1I
1J
1@
1Z
1V
1R
1N
0F
1.
0K
0G
0O
0S
1W
#43980000
0!
0A
#43990000
1!
1A
1X
0T
0P
0L
0I
0J
0M
0Q
0U
1Y
1<
0=
0>
0?
0@
0Z
0R
0N
1F
0.
0-
0,
0+
1*
1[
1G
0[
#44000000
0!
0A
#44010000
1!
1A
1I
1J
1@
1N
0F
1.
1K
0G
#44020000
0!
0A
#44030000
1!
1A
1L
0I
0J
1M
1?
0@
0N
1F
0.
1-
1O
1G
0O
#44040000
0!
0A
#44050000
1!
1A
1I
1J
1@
1R
1N
0F
1.
0K
0G
1O
#44060000
0!
0A
#44070000
1!
1A
1P
0L
0I
0J
0M
1Q
1>
0?
0@
0R
0N
1F
0.
0-
1,
1S
1G
0S
#44080000
0!
0A
#44090000
1!
1A
1I
1J
1@
1N
0F
1.
1K
0G
#44100000
0!
0A
#44110000
1!
1A
1L
0I
0J
1M
1?
0@
0N
1F
0.
1-
0O
1G
1O
#44120000
0!
0A
#44130000
1!
1A
1I
1J
1@
1R
1N
0F
1.
0K
0G
0O
1S
#44140000
0!
0A
#44150000
1!
1A
1T
0P
0L
0I
0J
0M
0Q
1U
1=
0>
0?
0@
0R
0N
1F
0.
0-
0,
1+
1G
#44160000
0!
0A
#44170000
1!
1A
1I
1J
1@
1N
0F
1.
1K
0G
#44180000
0!
0A
#44190000
1!
1A
1L
0I
0J
1M
1?
0@
0N
1F
0.
1-
1O
1G
0O
#44200000
0!
0A
#44210000
1!
1A
1I
1J
1@
1R
1N
0F
1.
0K
0G
1O
#44220000
0!
0A
#44230000
1!
1A
1P
0L
0I
0J
0M
1Q
1>
0?
0@
0R
0N
1F
0.
0-
1,
0S
1G
1S
#44240000
0!
0A
#44250000
1!
1A
1I
1J
1@
1N
0F
1.
1K
0G
#44260000
0!
0A
#44270000
1!
1A
1L
0I
0J
1M
1?
0@
0N
1F
0.
1-
0O
1G
1O
#44280000
0!
0A
#44290000
1!
1A
1I
1J
1@
1^
1Z
0V
1R
1N
0F
1.
0K
0G
0O
0S
0W
1[
#44300000
0!
0A
#44310000
1!
1A
1\
0X
0T
0P
0L
0I
0J
0M
0Q
0U
0Y
1]
1;
0<
0=
0>
0?
0@
0^
0Z
0R
0N
1F
0.
0-
0,
0+
0*
1)
1_
1G
0_
#44320000
0!
0A
#44330000
1!
1A
1I
1J
1@
1N
0F
1.
1K
0G
#44340000
0!
0A
#44350000
1!
1A
1L
0I
0J
1M
1?
0@
0N
1F
0.
1-
1O
1G
0O
#44360000
0!
0A
#44370000
1!
1A
1I
1J
1@
1R
1N
0F
1.
0K
0G
1O
#44380000
0!
0A
#44390000
1!
1A
1P
0L
0I
0J
0M
1Q
1>
0?
0@
0R
0N
1F
0.
0-
1,
1S
1G
0S
#44400000
0!
0A
#44410000
1!
1A
1I
1J
1@
1N
0F
1.
1K
0G
#44420000
0!
0A
#44430000
1!
1A
1L
0I
0J
1M
1?
0@
0N
1F
0.
1-
0O
1G
1O
#44440000
0!
0A
#44450000
1!
1A
1I
1J
1@
1R
1N
0F
1.
0K
0G
0O
1S
#44460000
0!
0A
#44470000
1!
1A
1T
0P
0L
0I
0J
0M
0Q
1U
1=
0>
0?
0@
0R
0N
1F
0.
0-
0,
1+
1G
#44480000
0!
0A
#44490000
1!
1A
1I
1J
1@
1N
0F
1.
1K
0G
#44500000
0!
0A
#44510000
1!
1A
1L
0I
0J
1M
1?
0@
0N
1F
0.
1-
1O
1G
0O
#44520000
0!
0A
#44530000
1!
1A
1I
1J
1@
1R
1N
0F
1.
0K
0G
1O
#44540000
0!
0A
#44550000
1!
1A
1P
0L
0I
0J
0M
1Q
1>
0?
0@
0R
0N
1F
0.
0-
1,
0S
1G
1S
#44560000
0!
0A
#44570000
1!
1A
1I
1J
1@
1N
0F
1.
1K
0G
#44580000
0!
0A
#44590000
1!
1A
1L
0I
0J
1M
1?
0@
0N
1F
0.
1-
0O
1G
1O
#44600000
0!
0A
#44610000
1!
1A
1I
1J
1@
1Z
1V
1R
1N
0F
1.
0K
0G
0O
0S
1W
#44620000
0!
0A
#44630000
1!
1A
1X
0T
0P
0L
0I
0J
0M
0Q
0U
1Y
1<
0=
0>
0?
0@
0Z
0R
0N
1F
0.
0-
0,
0+
1*
0[
1G
1[
#44640000
0!
0A
#44650000
1!
1A
1I
1J
1@
1N
0F
1.
1K
0G
#44660000
0!
0A
#44670000
1!
1A
1L
0I
0J
1M
1?
0@
0N
1F
0.
1-
1O
1G
0O
#44680000
0!
0A
#44690000
1!
1A
1I
1J
1@
1R
1N
0F
1.
0K
0G
1O
#44700000
0!
0A
#44710000
1!
1A
1P
0L
0I
0J
0M
1Q
1>
0?
0@
0R
0N
1F
0.
0-
1,
1S
1G
0S
#44720000
0!
0A
#44730000
1!
1A
1I
1J
1@
1N
0F
1.
1K
0G
#44740000
0!
0A
#44750000
1!
1A
1L
0I
0J
1M
1?
0@
0N
1F
0.
1-
0O
1G
1O
#44760000
0!
0A
#44770000
1!
1A
1I
1J
1@
1R
1N
0F
1.
0K
0G
0O
1S
#44780000
0!
0A
#44790000
1!
1A
1T
0P
0L
0I
0J
0M
0Q
1U
1=
0>
0?
0@
0R
0N
1F
0.
0-
0,
1+
1G
#44800000
0!
0A
#44810000
1!
1A
1I
1J
1@
1N
0F
1.
1K
0G
#44820000
0!
0A
#44830000
1!
1A
1L
0I
0J
1M
1?
0@
0N
1F
0.
1-
1O
1G
0O
#44840000
0!
0A
#44850000
1!
1A
1I
1J
1@
1R
1N
0F
1.
0K
0G
1O
#44860000
0!
0A
#44870000
1!
1A
1P
0L
0I
0J
0M
1Q
1>
0?
0@
0R
0N
1F
0.
0-
1,
0S
1G
1S
#44880000
0!
0A
#44890000
1!
1A
1I
1J
1@
1N
0F
1.
1K
0G
#44900000
0!
0A
#44910000
1!
1A
1L
0I
0J
1M
1?
0@
0N
1F
0.
1-
0O
1G
1O
#44920000
0!
0A
#44930000
1!
1A
1I
1J
1@
1^
1Z
0V
1R
1N
0F
1.
0K
0G
0O
0S
0W
0[
1_
#44940000
0!
0A
#44950000
1!
1A
1`
0\
0X
0T
0P
0L
0I
0J
0M
0Q
0U
0Y
0]
1a
1:
0;
0<
0=
0>
0?
0@
0^
0Z
0R
0N
1F
0.
0-
0,
0+
0*
0)
1(
1G
#44960000
0!
0A
#44970000
1!
1A
1I
1J
1@
1N
0F
1.
1K
0G
#44980000
0!
0A
#44990000
1!
1A
1L
0I
0J
1M
1?
0@
0N
1F
0.
1-
1O
1G
0O
#45000000
0!
0A
#45010000
1!
1A
1I
1J
1@
1R
1N
0F
1.
0K
0G
1O
#45020000
0!
0A
#45030000
1!
1A
1P
0L
0I
0J
0M
1Q
1>
0?
0@
0R
0N
1F
0.
0-
1,
1S
1G
0S
#45040000
0!
0A
#45050000
1!
1A
1I
1J
1@
1N
0F
1.
1K
0G
#45060000
0!
0A
#45070000
1!
1A
1L
0I
0J
1M
1?
0@
0N
1F
0.
1-
0O
1G
1O
#45080000
0!
0A
#45090000
1!
1A
1I
1J
1@
1R
1N
0F
1.
0K
0G
0O
1S
#45100000
0!
0A
#45110000
1!
1A
1T
0P
0L
0I
0J
0M
0Q
1U
1=
0>
0?
0@
0R
0N
1F
0.
0-
0,
1+
1G
#45120000
0!
0A
#45130000
1!
1A
1I
1J
1@
1N
0F
1.
1K
0G
#45140000
0!
0A
#45150000
1!
1A
1L
0I
0J
1M
1?
0@
0N
1F
0.
1-
1O
1G
0O
#45160000
0!
0A
#45170000
1!
1A
1I
1J
1@
1R
1N
0F
1.
0K
0G
1O
#45180000
0!
0A
#45190000
1!
1A
1P
0L
0I
0J
0M
1Q
1>
0?
0@
0R
0N
1F
0.
0-
1,
0S
1G
1S
#45200000
0!
0A
#45210000
1!
1A
1I
1J
1@
1N
0F
1.
1K
0G
#45220000
0!
0A
#45230000
1!
1A
1L
0I
0J
1M
1?
0@
0N
1F
0.
1-
0O
1G
1O
#45240000
0!
0A
#45250000
1!
1A
1I
1J
1@
1Z
1V
1R
1N
0F
1.
0K
0G
0O
0S
1W
#45260000
0!
0A
#45270000
1!
1A
1X
0T
0P
0L
0I
0J
0M
0Q
0U
1Y
1<
0=
0>
0?
0@
0Z
0R
0N
1F
0.
0-
0,
0+
1*
1[
1G
0[
#45280000
0!
0A
#45290000
1!
1A
1I
1J
1@
1N
0F
1.
1K
0G
#45300000
0!
0A
#45310000
1!
1A
1L
0I
0J
1M
1?
0@
0N
1F
0.
1-
1O
1G
0O
#45320000
0!
0A
#45330000
1!
1A
1I
1J
1@
1R
1N
0F
1.
0K
0G
1O
#45340000
0!
0A
#45350000
1!
1A
1P
0L
0I
0J
0M
1Q
1>
0?
0@
0R
0N
1F
0.
0-
1,
1S
1G
0S
#45360000
0!
0A
#45370000
1!
1A
1I
1J
1@
1N
0F
1.
1K
0G
#45380000
0!
0A
#45390000
1!
1A
1L
0I
0J
1M
1?
0@
0N
1F
0.
1-
0O
1G
1O
#45400000
0!
0A
#45410000
1!
1A
1I
1J
1@
1R
1N
0F
1.
0K
0G
0O
1S
#45420000
0!
0A
#45430000
1!
1A
1T
0P
0L
0I
0J
0M
0Q
1U
1=
0>
0?
0@
0R
0N
1F
0.
0-
0,
1+
1G
#45440000
0!
0A
#45450000
1!
1A
1I
1J
1@
1N
0F
1.
1K
0G
#45460000
0!
0A
#45470000
1!
1A
1L
0I
0J
1M
1?
0@
0N
1F
0.
1-
1O
1G
0O
#45480000
0!
0A
#45490000
1!
1A
1I
1J
1@
1R
1N
0F
1.
0K
0G
1O
#45500000
0!
0A
#45510000
1!
1A
1P
0L
0I
0J
0M
1Q
1>
0?
0@
0R
0N
1F
0.
0-
1,
0S
1G
1S
#45520000
0!
0A
#45530000
1!
1A
1I
1J
1@
1N
0F
1.
1K
0G
#45540000
0!
0A
#45550000
1!
1A
1L
0I
0J
1M
1?
0@
0N
1F
0.
1-
0O
1G
1O
#45560000
0!
0A
#45570000
1!
1A
1I
1J
1@
1^
1Z
0V
1R
1N
0F
1.
0K
0G
0O
0S
0W
1[
#45580000
0!
0A
#45590000
1!
1A
1\
0X
0T
0P
0L
0I
0J
0M
0Q
0U
0Y
1]
1;
0<
0=
0>
0?
0@
0^
0Z
0R
0N
1F
0.
0-
0,
0+
0*
1)
1e
0b
0_
1G
0e
1b
1_
#45600000
0!
0A
#45610000
1!
1A
1I
1J
1@
1N
0F
1.
1K
0G
#45620000
0!
0A
#45630000
1!
1A
1L
0I
0J
1M
1?
0@
0N
1F
0.
1-
1O
1G
0O
#45640000
0!
0A
#45650000
1!
1A
1I
1J
1@
1R
1N
0F
1.
0K
0G
1O
#45660000
0!
0A
#45670000
1!
1A
1P
0L
0I
0J
0M
1Q
1>
0?
0@
0R
0N
1F
0.
0-
1,
1S
1G
0S
#45680000
0!
0A
#45690000
1!
1A
1I
1J
1@
1N
0F
1.
1K
0G
#45700000
0!
0A
#45710000
1!
1A
1L
0I
0J
1M
1?
0@
0N
1F
0.
1-
0O
1G
1O
#45720000
0!
0A
#45730000
1!
1A
1I
1J
1@
1R
1N
0F
1.
0K
0G
0O
1S
#45740000
0!
0A
#45750000
1!
1A
1T
0P
0L
0I
0J
0M
0Q
1U
1=
0>
0?
0@
0R
0N
1F
0.
0-
0,
1+
1G
#45760000
0!
0A
#45770000
1!
1A
1I
1J
1@
1N
0F
1.
1K
0G
#45780000
0!
0A
#45790000
1!
1A
1L
0I
0J
1M
1?
0@
0N
1F
0.
1-
1O
1G
0O
#45800000
0!
0A
#45810000
1!
1A
1I
1J
1@
1R
1N
0F
1.
0K
0G
1O
#45820000
0!
0A
#45830000
1!
1A
1P
0L
0I
0J
0M
1Q
1>
0?
0@
0R
0N
1F
0.
0-
1,
0S
1G
1S
#45840000
0!
0A
#45850000
1!
1A
1I
1J
1@
1N
0F
1.
1K
0G
#45860000
0!
0A
#45870000
1!
1A
1L
0I
0J
1M
1?
0@
0N
1F
0.
1-
0O
1G
1O
#45880000
0!
0A
#45890000
1!
1A
1I
1J
1@
1Z
1V
1R
1N
0F
1.
0K
0G
0O
0S
1W
#45900000
0!
0A
#45910000
1!
1A
1X
0T
0P
0L
0I
0J
0M
0Q
0U
1Y
1<
0=
0>
0?
0@
0Z
0R
0N
1F
0.
0-
0,
0+
1*
0[
1G
1[
#45920000
0!
0A
#45930000
1!
1A
1I
1J
1@
1N
0F
1.
1K
0G
#45940000
0!
0A
#45950000
1!
1A
1L
0I
0J
1M
1?
0@
0N
1F
0.
1-
1O
1G
0O
#45960000
0!
0A
#45970000
1!
1A
1I
1J
1@
1R
1N
0F
1.
0K
0G
1O
#45980000
0!
0A
#45990000
1!
1A
1P
0L
0I
0J
0M
1Q
1>
0?
0@
0R
0N
1F
0.
0-
1,
1S
1G
0S
#46000000
0!
0A
#46010000
1!
1A
1I
1J
1@
1N
0F
1.
1K
0G
#46020000
0!
0A
#46030000
1!
1A
1L
0I
0J
1M
1?
0@
0N
1F
0.
1-
0O
1G
1O
#46040000
0!
0A
#46050000
1!
1A
1I
1J
1@
1R
1N
0F
1.
0K
0G
0O
1S
#46060000
0!
0A
#46070000
1!
1A
1T
0P
0L
0I
0J
0M
0Q
1U
1=
0>
0?
0@
0R
0N
1F
0.
0-
0,
1+
1G
#46080000
0!
0A
#46090000
1!
1A
1I
1J
1@
1N
0F
1.
1K
0G
#46100000
0!
0A
#46110000
1!
1A
1L
0I
0J
1M
1?
0@
0N
1F
0.
1-
1O
1G
0O
#46120000
0!
0A
#46130000
1!
1A
1I
1J
1@
1R
1N
0F
1.
0K
0G
1O
#46140000
0!
0A
#46150000
1!
1A
1P
0L
0I
0J
0M
1Q
1>
0?
0@
0R
0N
1F
0.
0-
1,
0S
1G
1S
#46160000
0!
0A
#46170000
1!
1A
1I
1J
1@
1N
0F
1.
1K
0G
#46180000
0!
0A
#46190000
1!
1A
1L
0I
0J
1M
1?
0@
0N
1F
0.
1-
0O
1G
1O
#46200000
0!
0A
#46210000
1!
1A
1I
1J
1@
1^
1Z
0V
1R
1N
0F
1.
0K
0G
0O
0S
0W
0[
1e
0b
0_
#46220000
0!
0A
#46230000
1!
1A
1f
0c
0`
0\
0X
0T
0P
0L
0I
0J
0M
0Q
0U
0Y
0]
0a
0d
1g
18
09
0:
0;
0<
0=
0>
0?
0@
0^
0Z
0R
0N
1F
0.
0-
0,
0+
0*
0)
0(
0'
1&
1G
#46240000
0!
0A
#46250000
1!
1A
1I
1J
1@
1N
0F
1.
1K
0G
#46260000
0!
0A
#46270000
1!
1A
1L
0I
0J
1M
1?
0@
0N
1F
0.
1-
1O
1G
0O
#46280000
0!
0A
#46290000
1!
1A
1I
1J
1@
1R
1N
0F
1.
0K
0G
1O
#46300000
0!
0A
#46310000
1!
1A
1P
0L
0I
0J
0M
1Q
1>
0?
0@
0R
0N
1F
0.
0-
1,
1S
1G
0S
#46320000
0!
0A
#46330000
1!
1A
1I
1J
1@
1N
0F
1.
1K
0G
#46340000
0!
0A
#46350000
1!
1A
1L
0I
0J
1M
1?
0@
0N
1F
0.
1-
0O
1G
1O
#46360000
0!
0A
#46370000
1!
1A
1I
1J
1@
1R
1N
0F
1.
0K
0G
0O
1S
#46380000
0!
0A
#46390000
1!
1A
1T
0P
0L
0I
0J
0M
0Q
1U
1=
0>
0?
0@
0R
0N
1F
0.
0-
0,
1+
1G
#46400000
0!
0A
#46410000
1!
1A
1I
1J
1@
1N
0F
1.
1K
0G
#46420000
0!
0A
#46430000
1!
1A
1L
0I
0J
1M
1?
0@
0N
1F
0.
1-
1O
1G
0O
#46440000
0!
0A
#46450000
1!
1A
1I
1J
1@
1R
1N
0F
1.
0K
0G
1O
#46460000
0!
0A
#46470000
1!
1A
1P
0L
0I
0J
0M
1Q
1>
0?
0@
0R
0N
1F
0.
0-
1,
0S
1G
1S
#46480000
0!
0A
#46490000
1!
1A
1I
1J
1@
1N
0F
1.
1K
0G
#46500000
0!
0A
#46510000
1!
1A
1L
0I
0J
1M
1?
0@
0N
1F
0.
1-
0O
1G
1O
#46520000
0!
0A
#46530000
1!
1A
1I
1J
1@
1Z
1V
1R
1N
0F
1.
0K
0G
0O
0S
1W
#46540000
0!
0A
#46550000
1!
1A
1X
0T
0P
0L
0I
0J
0M
0Q
0U
1Y
1<
0=
0>
0?
0@
0Z
0R
0N
1F
0.
0-
0,
0+
1*
1[
1G
0[
#46560000
0!
0A
#46570000
1!
1A
1I
1J
1@
1N
0F
1.
1K
0G
#46580000
0!
0A
#46590000
1!
1A
1L
0I
0J
1M
1?
0@
0N
1F
0.
1-
1O
1G
0O
#46600000
0!
0A
#46610000
1!
1A
1I
1J
1@
1R
1N
0F
1.
0K
0G
1O
#46620000
0!
0A
#46630000
1!
1A
1P
0L
0I
0J
0M
1Q
1>
0?
0@
0R
0N
1F
0.
0-
1,
1S
1G
0S
#46640000
0!
0A
#46650000
1!
1A
1I
1J
1@
1N
0F
1.
1K
0G
#46660000
0!
0A
#46670000
1!
1A
1L
0I
0J
1M
1?
0@
0N
1F
0.
1-
0O
1G
1O
#46680000
0!
0A
#46690000
1!
1A
1I
1J
1@
1R
1N
0F
1.
0K
0G
0O
1S
#46700000
0!
0A
#46710000
1!
1A
1T
0P
0L
0I
0J
0M
0Q
1U
1=
0>
0?
0@
0R
0N
1F
0.
0-
0,
1+
1G
#46720000
0!
0A
#46730000
1!
1A
1I
1J
1@
1N
0F
1.
1K
0G
#46740000
0!
0A
#46750000
1!
1A
1L
0I
0J
1M
1?
0@
0N
1F
0.
1-
1O
1G
0O
#46760000
0!
0A
#46770000
1!
1A
1I
1J
1@
1R
1N
0F
1.
0K
0G
1O
#46780000
0!
0A
#46790000
1!
1A
1P
0L
0I
0J
0M
1Q
1>
0?
0@
0R
0N
1F
0.
0-
1,
0S
1G
1S
#46800000
0!
0A
#46810000
1!
1A
1I
1J
1@
1N
0F
1.
1K
0G
#46820000
0!
0A
#46830000
1!
1A
1L
0I
0J
1M
1?
0@
0N
1F
0.
1-
0O
1G
1O
#46840000
0!
0A
#46850000
1!
1A
1I
1J
1@
1^
1Z
0V
1R
1N
0F
1.
0K
0G
0O
0S
0W
1[
#46860000
0!
0A
#46870000
1!
1A
1\
0X
0T
0P
0L
0I
0J
0M
0Q
0U
0Y
1]
1;
0<
0=
0>
0?
0@
1h
0^
0Z
0R
0N
1F
0.
0-
0,
0+
0*
1)
1_
1G
0_
#46880000
0!
0A
#46890000
1!
1A
1I
1J
1@
1N
0F
1.
1K
0G
#46900000
0!
0A
#46910000
1!
1A
1L
0I
0J
1M
1?
0@
0N
1F
0.
1-
1O
1G
0O
#46920000
0!
0A
#46930000
1!
1A
1I
1J
1@
1R
1N
0F
1.
0K
0G
1O
#46940000
0!
0A
#46950000
1!
1A
1P
0L
0I
0J
0M
1Q
1>
0?
0@
0R
0N
1F
0.
0-
1,
1S
1G
0S
#46960000
0!
0A
#46970000
1!
1A
1I
1J
1@
1N
0F
1.
1K
0G
#46980000
0!
0A
#46990000
1!
1A
1L
0I
0J
1M
1?
0@
0N
1F
0.
1-
0O
1G
1O
#47000000
0!
0A
#47010000
1!
1A
1I
1J
1@
1R
1N
0F
1.
0K
0G
0O
1S
#47020000
0!
0A
#47030000
1!
1A
1T
0P
0L
0I
0J
0M
0Q
1U
1=
0>
0?
0@
0R
0N
1F
0.
0-
0,
1+
1G
#47040000
0!
0A
#47050000
1!
1A
1I
1J
1@
1N
0F
1.
1K
0G
#47060000
0!
0A
#47070000
1!
1A
1L
0I
0J
1M
1?
0@
0N
1F
0.
1-
1O
1G
0O
#47080000
0!
0A
#47090000
1!
1A
1I
1J
1@
1R
1N
0F
1.
0K
0G
1O
#47100000
0!
0A
#47110000
1!
1A
1P
0L
0I
0J
0M
1Q
1>
0?
0@
0R
0N
1F
0.
0-
1,
0S
1G
1S
#47120000
0!
0A
#47130000
1!
1A
1I
1J
1@
1N
0F
1.
1K
0G
#47140000
0!
0A
#47150000
1!
1A
1L
0I
0J
1M
1?
0@
0N
1F
0.
1-
0O
1G
1O
#47160000
0!
0A
#47170000
1!
1A
1I
1J
1@
1Z
1V
1R
1N
0F
1.
0K
0G
0O
0S
1W
#47180000
0!
0A
#47190000
1!
1A
1X
0T
0P
0L
0I
0J
0M
0Q
0U
1Y
1<
0=
0>
0?
0@
0Z
0R
0N
1F
0.
0-
0,
0+
1*
0[
1G
1[
#47200000
0!
0A
#47210000
1!
1A
1I
1J
1@
1N
0F
1.
1K
0G
#47220000
0!
0A
#47230000
1!
1A
1L
0I
0J
1M
1?
0@
0N
1F
0.
1-
1O
1G
0O
#47240000
0!
0A
#47250000
1!
1A
1I
1J
1@
1R
1N
0F
1.
0K
0G
1O
#47260000
0!
0A
#47270000
1!
1A
1P
0L
0I
0J
0M
1Q
1>
0?
0@
0R
0N
1F
0.
0-
1,
1S
1G
0S
#47280000
0!
0A
#47290000
1!
1A
1I
1J
1@
1N
0F
1.
1K
0G
#47300000
0!
0A
#47310000
1!
1A
1L
0I
0J
1M
1?
0@
0N
1F
0.
1-
0O
1G
1O
#47320000
0!
0A
#47330000
1!
1A
1I
1J
1@
1R
1N
0F
1.
0K
0G
0O
1S
#47340000
0!
0A
#47350000
1!
1A
1T
0P
0L
0I
0J
0M
0Q
1U
1=
0>
0?
0@
0R
0N
1F
0.
0-
0,
1+
1G
#47360000
0!
0A
#47370000
1!
1A
1I
1J
1@
1N
0F
1.
1K
0G
#47380000
0!
0A
#47390000
1!
1A
1L
0I
0J
1M
1?
0@
0N
1F
0.
1-
1O
1G
0O
#47400000
0!
0A
#47410000
1!
1A
1I
1J
1@
1R
1N
0F
1.
0K
0G
1O
#47420000
0!
0A
#47430000
1!
1A
1P
0L
0I
0J
0M
1Q
1>
0?
0@
0R
0N
1F
0.
0-
1,
0S
1G
1S
#47440000
0!
0A
#47450000
1!
1A
1I
1J
1@
1N
0F
1.
1K
0G
#47460000
0!
0A
#47470000
1!
1A
1L
0I
0J
1M
1?
0@
0N
1F
0.
1-
0O
1G
1O
#47480000
0!
0A
#47490000
1!
1A
1I
1J
1@
1^
1Z
0V
1R
1N
0F
1.
0K
0G
0O
0S
0W
0[
1_
#47500000
0!
0A
#47510000
1!
1A
1`
0\
0X
0T
0P
0L
0I
0J
0M
0Q
0U
0Y
0]
1a
1:
0;
0<
0=
0>
0?
0@
0h
0^
0Z
0R
0N
1F
0.
0-
0,
0+
0*
0)
1(
1G
#47520000
0!
0A
#47530000
1!
1A
1I
1J
1@
1N
0F
1.
1K
0G
#47540000
0!
0A
#47550000
1!
1A
1L
0I
0J
1M
1?
0@
0N
1F
0.
1-
1O
1G
0O
#47560000
0!
0A
#47570000
1!
1A
1I
1J
1@
1R
1N
0F
1.
0K
0G
1O
#47580000
0!
0A
#47590000
1!
1A
1P
0L
0I
0J
0M
1Q
1>
0?
0@
0R
0N
1F
0.
0-
1,
1S
1G
0S
#47600000
0!
0A
#47610000
1!
1A
1I
1J
1@
1N
0F
1.
1K
0G
#47620000
0!
0A
#47630000
1!
1A
1L
0I
0J
1M
1?
0@
0N
1F
0.
1-
0O
1G
1O
#47640000
0!
0A
#47650000
1!
1A
1I
1J
1@
1R
1N
0F
1.
0K
0G
0O
1S
#47660000
0!
0A
#47670000
1!
1A
1T
0P
0L
0I
0J
0M
0Q
1U
1=
0>
0?
0@
0R
0N
1F
0.
0-
0,
1+
1G
#47680000
0!
0A
#47690000
1!
1A
1I
1J
1@
1N
0F
1.
1K
0G
#47700000
0!
0A
#47710000
1!
1A
1L
0I
0J
1M
1?
0@
0N
1F
0.
1-
1O
1G
0O
#47720000
0!
0A
#47730000
1!
1A
1I
1J
1@
1R
1N
0F
1.
0K
0G
1O
#47740000
0!
0A
#47750000
1!
1A
1P
0L
0I
0J
0M
1Q
1>
0?
0@
0R
0N
1F
0.
0-
1,
0S
1G
1S
#47760000
0!
0A
#47770000
1!
1A
1I
1J
1@
1N
0F
1.
1K
0G
#47780000
0!
0A
#47790000
1!
1A
1L
0I
0J
1M
1?
0@
0N
1F
0.
1-
0O
1G
1O
#47800000
0!
0A
#47810000
1!
1A
1I
1J
1@
1Z
1V
1R
1N
0F
1.
0K
0G
0O
0S
1W
#47820000
0!
0A
#47830000
1!
1A
1X
0T
0P
0L
0I
0J
0M
0Q
0U
1Y
1<
0=
0>
0?
0@
0Z
0R
0N
1F
0.
0-
0,
0+
1*
1[
1G
0[
#47840000
0!
0A
#47850000
1!
1A
1I
1J
1@
1N
0F
1.
1K
0G
#47860000
0!
0A
#47870000
1!
1A
1L
0I
0J
1M
1?
0@
0N
1F
0.
1-
1O
1G
0O
#47880000
0!
0A
#47890000
1!
1A
1I
1J
1@
1R
1N
0F
1.
0K
0G
1O
#47900000
0!
0A
#47910000
1!
1A
1P
0L
0I
0J
0M
1Q
1>
0?
0@
0R
0N
1F
0.
0-
1,
1S
1G
0S
#47920000
0!
0A
#47930000
1!
1A
1I
1J
1@
1N
0F
1.
1K
0G
#47940000
0!
0A
#47950000
1!
1A
1L
0I
0J
1M
1?
0@
0N
1F
0.
1-
0O
1G
1O
#47960000
0!
0A
#47970000
1!
1A
1I
1J
1@
1R
1N
0F
1.
0K
0G
0O
1S
#47980000
0!
0A
#47990000
1!
1A
1T
0P
0L
0I
0J
0M
0Q
1U
1=
0>
0?
0@
0R
0N
1F
0.
0-
0,
1+
1G
#48000000
0!
0A
#48010000
1!
1A
1I
1J
1@
1N
0F
1.
1K
0G
#48020000
0!
0A
#48030000
1!
1A
1L
0I
0J
1M
1?
0@
0N
1F
0.
1-
1O
1G
0O
#48040000
0!
0A
#48050000
1!
1A
1I
1J
1@
1R
1N
0F
1.
0K
0G
1O
#48060000
0!
0A
#48070000
1!
1A
1P
0L
0I
0J
0M
1Q
1>
0?
0@
0R
0N
1F
0.
0-
1,
0S
1G
1S
#48080000
0!
0A
#48090000
1!
1A
1I
1J
1@
1N
0F
1.
1K
0G
#48100000
0!
0A
#48110000
1!
1A
1L
0I
0J
1M
1?
0@
0N
1F
0.
1-
0O
1G
1O
#48120000
0!
0A
#48130000
1!
1A
1I
1J
1@
1^
1Z
0V
1R
1N
0F
1.
0K
0G
0O
0S
0W
1[
#48140000
0!
0A
#48150000
1!
1A
1\
0X
0T
0P
0L
0I
0J
0M
0Q
0U
0Y
1]
1;
0<
0=
0>
0?
0@
1h
0^
0Z
0R
0N
1F
0.
0-
0,
0+
0*
1)
1b
0_
1G
0b
1_
#48160000
0!
0A
#48170000
1!
1A
1I
1J
1@
1N
0F
1.
1K
0G
#48180000
0!
0A
#48190000
1!
1A
1L
0I
0J
1M
1?
0@
0N
1F
0.
1-
1O
1G
0O
#48200000
0!
0A
#48210000
1!
1A
1I
1J
1@
1R
1N
0F
1.
0K
0G
1O
#48220000
0!
0A
#48230000
1!
1A
1P
0L
0I
0J
0M
1Q
1>
0?
0@
0R
0N
1F
0.
0-
1,
1S
1G
0S
#48240000
0!
0A
#48250000
1!
1A
1I
1J
1@
1N
0F
1.
1K
0G
#48260000
0!
0A
#48270000
1!
1A
1L
0I
0J
1M
1?
0@
0N
1F
0.
1-
0O
1G
1O
#48280000
0!
0A
#48290000
1!
1A
1I
1J
1@
1R
1N
0F
1.
0K
0G
0O
1S
#48300000
0!
0A
#48310000
1!
1A
1T
0P
0L
0I
0J
0M
0Q
1U
1=
0>
0?
0@
0R
0N
1F
0.
0-
0,
1+
1G
#48320000
0!
0A
#48330000
1!
1A
1I
1J
1@
1N
0F
1.
1K
0G
#48340000
0!
0A
#48350000
1!
1A
1L
0I
0J
1M
1?
0@
0N
1F
0.
1-
1O
1G
0O
#48360000
0!
0A
#48370000
1!
1A
1I
1J
1@
1R
1N
0F
1.
0K
0G
1O
#48380000
0!
0A
#48390000
1!
1A
1P
0L
0I
0J
0M
1Q
1>
0?
0@
0R
0N
1F
0.
0-
1,
0S
1G
1S
#48400000
0!
0A
#48410000
1!
1A
1I
1J
1@
1N
0F
1.
1K
0G
#48420000
0!
0A
#48430000
1!
1A
1L
0I
0J
1M
1?
0@
0N
1F
0.
1-
0O
1G
1O
#48440000
0!
0A
#48450000
1!
1A
1I
1J
1@
1Z
1V
1R
1N
0F
1.
0K
0G
0O
0S
1W
#48460000
0!
0A
#48470000
1!
1A
1X
0T
0P
0L
0I
0J
0M
0Q
0U
1Y
1<
0=
0>
0?
0@
0Z
0R
0N
1F
0.
0-
0,
0+
1*
0[
1G
1[
#48480000
0!
0A
#48490000
1!
1A
1I
1J
1@
1N
0F
1.
1K
0G
#48500000
0!
0A
#48510000
1!
1A
1L
0I
0J
1M
1?
0@
0N
1F
0.
1-
1O
1G
0O
#48520000
0!
0A
#48530000
1!
1A
1I
1J
1@
1R
1N
0F
1.
0K
0G
1O
#48540000
0!
0A
#48550000
1!
1A
1P
0L
0I
0J
0M
1Q
1>
0?
0@
0R
0N
1F
0.
0-
1,
1S
1G
0S
#48560000
0!
0A
#48570000
1!
1A
1I
1J
1@
1N
0F
1.
1K
0G
#48580000
0!
0A
#48590000
1!
1A
1L
0I
0J
1M
1?
0@
0N
1F
0.
1-
0O
1G
1O
#48600000
0!
0A
#48610000
1!
1A
1I
1J
1@
1R
1N
0F
1.
0K
0G
0O
1S
#48620000
0!
0A
#48630000
1!
1A
1T
0P
0L
0I
0J
0M
0Q
1U
1=
0>
0?
0@
0R
0N
1F
0.
0-
0,
1+
1G
#48640000
0!
0A
#48650000
1!
1A
1I
1J
1@
1N
0F
1.
1K
0G
#48660000
0!
0A
#48670000
1!
1A
1L
0I
0J
1M
1?
0@
0N
1F
0.
1-
1O
1G
0O
#48680000
0!
0A
#48690000
1!
1A
1I
1J
1@
1R
1N
0F
1.
0K
0G
1O
#48700000
0!
0A
#48710000
1!
1A
1P
0L
0I
0J
0M
1Q
1>
0?
0@
0R
0N
1F
0.
0-
1,
0S
1G
1S
#48720000
0!
0A
#48730000
1!
1A
1I
1J
1@
1N
0F
1.
1K
0G
#48740000
0!
0A
#48750000
1!
1A
1L
0I
0J
1M
1?
0@
0N
1F
0.
1-
0O
1G
1O
#48760000
0!
0A
#48770000
1!
1A
1I
1J
1@
1^
1Z
0V
1R
1N
0F
1.
0K
0G
0O
0S
0W
0[
1b
0_
#48780000
0!
0A
#48790000
1!
1A
1c
0`
0\
0X
0T
0P
0L
0I
0J
0M
0Q
0U
0Y
0]
0a
1d
19
0:
0;
0<
0=
0>
0?
0@
0h
0^
0Z
0R
0N
1F
0.
0-
0,
0+
0*
0)
0(
1'
1G
#48800000
0!
0A
#48810000
1!
1A
1I
1J
1@
1N
0F
1.
1K
0G
#48820000
0!
0A
#48830000
1!
1A
1L
0I
0J
1M
1?
0@
0N
1F
0.
1-
1O
1G
0O
#48840000
0!
0A
#48850000
1!
1A
1I
1J
1@
1R
1N
0F
1.
0K
0G
1O
#48860000
0!
0A
#48870000
1!
1A
1P
0L
0I
0J
0M
1Q
1>
0?
0@
0R
0N
1F
0.
0-
1,
1S
1G
0S
#48880000
0!
0A
#48890000
1!
1A
1I
1J
1@
1N
0F
1.
1K
0G
#48900000
0!
0A
#48910000
1!
1A
1L
0I
0J
1M
1?
0@
0N
1F
0.
1-
0O
1G
1O
#48920000
0!
0A
#48930000
1!
1A
1I
1J
1@
1R
1N
0F
1.
0K
0G
0O
1S
#48940000
0!
0A
#48950000
1!
1A
1T
0P
0L
0I
0J
0M
0Q
1U
1=
0>
0?
0@
0R
0N
1F
0.
0-
0,
1+
1G
#48960000
0!
0A
#48970000
1!
1A
1I
1J
1@
1N
0F
1.
1K
0G
#48980000
0!
0A
#48990000
1!
1A
1L
0I
0J
1M
1?
0@
0N
1F
0.
1-
1O
1G
0O
#49000000
0!
0A
#49010000
1!
1A
1I
1J
1@
1R
1N
0F
1.
0K
0G
1O
#49020000
0!
0A
#49030000
1!
1A
1P
0L
0I
0J
0M
1Q
1>
0?
0@
0R
0N
1F
0.
0-
1,
0S
1G
1S
#49040000
0!
0A
#49050000
1!
1A
1I
1J
1@
1N
0F
1.
1K
0G
#49060000
0!
0A
#49070000
1!
1A
1L
0I
0J
1M
1?
0@
0N
1F
0.
1-
0O
1G
1O
#49080000
0!
0A
#49090000
1!
1A
1I
1J
1@
1Z
1V
1R
1N
0F
1.
0K
0G
0O
0S
1W
#49100000
0!
0A
#49110000
1!
1A
1X
0T
0P
0L
0I
0J
0M
0Q
0U
1Y
1<
0=
0>
0?
0@
0Z
0R
0N
1F
0.
0-
0,
0+
1*
1[
1G
0[
#49120000
0!
0A
#49130000
1!
1A
1I
1J
1@
1N
0F
1.
1K
0G
#49140000
0!
0A
#49150000
1!
1A
1L
0I
0J
1M
1?
0@
0N
1F
0.
1-
1O
1G
0O
#49160000
0!
0A
#49170000
1!
1A
1I
1J
1@
1R
1N
0F
1.
0K
0G
1O
#49180000
0!
0A
#49190000
1!
1A
1P
0L
0I
0J
0M
1Q
1>
0?
0@
0R
0N
1F
0.
0-
1,
1S
1G
0S
#49200000
0!
0A
#49210000
1!
1A
1I
1J
1@
1N
0F
1.
1K
0G
#49220000
0!
0A
#49230000
1!
1A
1L
0I
0J
1M
1?
0@
0N
1F
0.
1-
0O
1G
1O
#49240000
0!
0A
#49250000
1!
1A
1I
1J
1@
1R
1N
0F
1.
0K
0G
0O
1S
#49260000
0!
0A
#49270000
1!
1A
1T
0P
0L
0I
0J
0M
0Q
1U
1=
0>
0?
0@
0R
0N
1F
0.
0-
0,
1+
1G
#49280000
0!
0A
#49290000
1!
1A
1I
1J
1@
1N
0F
1.
1K
0G
#49300000
0!
0A
#49310000
1!
1A
1L
0I
0J
1M
1?
0@
0N
1F
0.
1-
1O
1G
0O
#49320000
0!
0A
#49330000
1!
1A
1I
1J
1@
1R
1N
0F
1.
0K
0G
1O
#49340000
0!
0A
#49350000
1!
1A
1P
0L
0I
0J
0M
1Q
1>
0?
0@
0R
0N
1F
0.
0-
1,
0S
1G
1S
#49360000
0!
0A
#49370000
1!
1A
1I
1J
1@
1N
0F
1.
1K
0G
#49380000
0!
0A
#49390000
1!
1A
1L
0I
0J
1M
1?
0@
0N
1F
0.
1-
0O
1G
1O
#49400000
0!
0A
#49410000
1!
1A
1I
1J
1@
1^
1Z
0V
1R
1N
0F
1.
0K
0G
0O
0S
0W
1[
#49420000
0!
0A
#49430000
1!
1A
1\
0X
0T
0P
0L
0I
0J
0M
0Q
0U
0Y
1]
1;
0<
0=
0>
0?
0@
1h
0^
0Z
0R
0N
1F
0.
0-
0,
0+
0*
1)
1_
1G
0_
#49440000
0!
0A
#49450000
1!
1A
1I
1J
1@
1N
0F
1.
1K
0G
#49460000
0!
0A
#49470000
1!
1A
1L
0I
0J
1M
1?
0@
0N
1F
0.
1-
1O
1G
0O
#49480000
0!
0A
#49490000
1!
1A
1I
1J
1@
1R
1N
0F
1.
0K
0G
1O
#49500000
0!
0A
#49510000
1!
1A
1P
0L
0I
0J
0M
1Q
1>
0?
0@
0R
0N
1F
0.
0-
1,
1S
1G
0S
#49520000
0!
0A
#49530000
1!
1A
1I
1J
1@
1N
0F
1.
1K
0G
#49540000
0!
0A
#49550000
1!
1A
1L
0I
0J
1M
1?
0@
0N
1F
0.
1-
0O
1G
1O
#49560000
0!
0A
#49570000
1!
1A
1I
1J
1@
1R
1N
0F
1.
0K
0G
0O
1S
#49580000
0!
0A
#49590000
1!
1A
1T
0P
0L
0I
0J
0M
0Q
1U
1=
0>
0?
0@
0R
0N
1F
0.
0-
0,
1+
1G
#49600000
0!
0A
#49610000
1!
1A
1I
1J
1@
1N
0F
1.
1K
0G
#49620000
0!
0A
#49630000
1!
1A
1L
0I
0J
1M
1?
0@
0N
1F
0.
1-
1O
1G
0O
#49640000
0!
0A
#49650000
1!
1A
1I
1J
1@
1R
1N
0F
1.
0K
0G
1O
#49660000
0!
0A
#49670000
1!
1A
1P
0L
0I
0J
0M
1Q
1>
0?
0@
0R
0N
1F
0.
0-
1,
0S
1G
1S
#49680000
0!
0A
#49690000
1!
1A
1I
1J
1@
1N
0F
1.
1K
0G
#49700000
0!
0A
#49710000
1!
1A
1L
0I
0J
1M
1?
0@
0N
1F
0.
1-
0O
1G
1O
#49720000
0!
0A
#49730000
1!
1A
1I
1J
1@
1Z
1V
1R
1N
0F
1.
0K
0G
0O
0S
1W
#49740000
0!
0A
#49750000
1!
1A
1X
0T
0P
0L
0I
0J
0M
0Q
0U
1Y
1<
0=
0>
0?
0@
0Z
0R
0N
1F
0.
0-
0,
0+
1*
0[
1G
1[
#49760000
0!
0A
#49770000
1!
1A
1I
1J
1@
1N
0F
1.
1K
0G
#49780000
0!
0A
#49790000
1!
1A
1L
0I
0J
1M
1?
0@
0N
1F
0.
1-
1O
1G
0O
#49800000
0!
0A
#49810000
1!
1A
1I
1J
1@
1R
1N
0F
1.
0K
0G
1O
#49820000
0!
0A
#49830000
1!
1A
1P
0L
0I
0J
0M
1Q
1>
0?
0@
0R
0N
1F
0.
0-
1,
1S
1G
0S
#49840000
0!
0A
#49850000
1!
1A
1I
1J
1@
1N
0F
1.
1K
0G
#49860000
0!
0A
#49870000
1!
1A
1L
0I
0J
1M
1?
0@
0N
1F
0.
1-
0O
1G
1O
#49880000
0!
0A
#49890000
1!
1A
1I
1J
1@
1R
1N
0F
1.
0K
0G
0O
1S
#49900000
0!
0A
#49910000
1!
1A
1T
0P
0L
0I
0J
0M
0Q
1U
1=
0>
0?
0@
0R
0N
1F
0.
0-
0,
1+
1G
#49920000
0!
0A
#49930000
1!
1A
1I
1J
1@
1N
0F
1.
1K
0G
#49940000
0!
0A
#49950000
1!
1A
1L
0I
0J
1M
1?
0@
0N
1F
0.
1-
1O
1G
0O
#49960000
0!
0A
#49970000
1!
1A
1I
1J
1@
1R
1N
0F
1.
0K
0G
1O
#49980000
0!
0A
#49990000
1!
1A
1P
0L
0I
0J
0M
1Q
1>
0?
0@
0R
0N
1F
0.
0-
1,
0S
1G
1S
#50000000
0!
0A
#50010000
1!
1A
1I
1J
1@
1N
0F
1.
1K
0G
#50020000
0!
0A
#50030000
1!
1A
1L
0I
0J
1M
1?
0@
0N
1F
0.
1-
0O
1G
1O
#50040000
0!
0A
#50050000
1!
1A
1I
1J
1@
1^
1Z
0V
1R
1N
0F
1.
0K
0G
0O
0S
0W
0[
1_
#50060000
0!
0A
#50070000
1!
1A
1`
0\
0X
0T
0P
0L
0I
0J
0M
0Q
0U
0Y
0]
1a
1:
0;
0<
0=
0>
0?
0@
0h
0^
0Z
0R
0N
1F
0.
0-
0,
0+
0*
0)
1(
1i
1G
0i
#50080000
0!
0A
#50090000
1!
1A
1I
1J
1@
1N
0F
1.
1K
0G
#50100000
0!
0A
#50110000
1!
1A
1L
0I
0J
1M
1?
0@
0N
1F
0.
1-
1O
1G
0O
#50120000
0!
0A
#50130000
1!
1A
1I
1J
1@
1R
1N
0F
1.
0K
0G
1O
#50140000
0!
0A
#50150000
1!
1A
1P
0L
0I
0J
0M
1Q
1>
0?
0@
0R
0N
1F
0.
0-
1,
1S
1G
0S
#50160000
0!
0A
#50170000
1!
1A
1I
1J
1@
1N
0F
1.
1K
0G
#50180000
0!
0A
#50190000
1!
1A
1L
0I
0J
1M
1?
0@
0N
1F
0.
1-
0O
1G
1O
#50200000
0!
0A
#50210000
1!
1A
1I
1J
1@
1R
1N
0F
1.
0K
0G
0O
1S
#50220000
0!
0A
#50230000
1!
1A
1T
0P
0L
0I
0J
0M
0Q
1U
1=
0>
0?
0@
0R
0N
1F
0.
0-
0,
1+
1G
#50240000
0!
0A
#50250000
1!
1A
1I
1J
1@
1N
0F
1.
1K
0G
#50260000
0!
0A
#50270000
1!
1A
1L
0I
0J
1M
1?
0@
0N
1F
0.
1-
1O
1G
0O
#50280000
0!
0A
#50290000
1!
1A
1I
1J
1@
1R
1N
0F
1.
0K
0G
1O
#50300000
0!
0A
#50310000
1!
1A
1P
0L
0I
0J
0M
1Q
1>
0?
0@
0R
0N
1F
0.
0-
1,
0S
1G
1S
#50320000
0!
0A
#50330000
1!
1A
1I
1J
1@
1N
0F
1.
1K
0G
#50340000
0!
0A
#50350000
1!
1A
1L
0I
0J
1M
1?
0@
0N
1F
0.
1-
0O
1G
1O
#50360000
0!
0A
#50370000
1!
1A
1I
1J
1@
1Z
1V
1R
1N
0F
1.
0K
0G
0O
0S
1W
#50380000
0!
0A
#50390000
1!
1A
1X
0T
0P
0L
0I
0J
0M
0Q
0U
1Y
1<
0=
0>
0?
0@
0Z
0R
0N
1F
0.
0-
0,
0+
1*
1[
1G
0[
#50400000
0!
0A
#50410000
1!
1A
1I
1J
1@
1N
0F
1.
1K
0G
#50420000
0!
0A
#50430000
1!
1A
1L
0I
0J
1M
1?
0@
0N
1F
0.
1-
1O
1G
0O
#50440000
0!
0A
#50450000
1!
1A
1I
1J
1@
1R
1N
0F
1.
0K
0G
1O
#50460000
0!
0A
#50470000
1!
1A
1P
0L
0I
0J
0M
1Q
1>
0?
0@
0R
0N
1F
0.
0-
1,
1S
1G
0S
#50480000
0!
0A
#50490000
1!
1A
1I
1J
1@
1N
0F
1.
1K
0G
#50500000
0!
0A
#50510000
1!
1A
1L
0I
0J
1M
1?
0@
0N
1F
0.
1-
0O
1G
1O
#50520000
0!
0A
#50530000
1!
1A
1I
1J
1@
1R
1N
0F
1.
0K
0G
0O
1S
#50540000
0!
0A
#50550000
1!
1A
1T
0P
0L
0I
0J
0M
0Q
1U
1=
0>
0?
0@
0R
0N
1F
0.
0-
0,
1+
1G
#50560000
0!
0A
#50570000
1!
1A
1I
1J
1@
1N
0F
1.
1K
0G
#50580000
0!
0A
#50590000
1!
1A
1L
0I
0J
1M
1?
0@
0N
1F
0.
1-
1O
1G
0O
#50600000
0!
0A
#50610000
1!
1A
1I
1J
1@
1R
1N
0F
1.
0K
0G
1O
#50620000
0!
0A
#50630000
1!
1A
1P
0L
0I
0J
0M
1Q
1>
0?
0@
0R
0N
1F
0.
0-
1,
0S
1G
1S
#50640000
0!
0A
#50650000
1!
1A
1I
1J
1@
1N
0F
1.
1K
0G
#50660000
0!
0A
#50670000
1!
1A
1L
0I
0J
1M
1?
0@
0N
1F
0.
1-
0O
1G
1O
#50680000
0!
0A
#50690000
1!
1A
1I
1J
1@
1^
1Z
0V
1R
1N
0F
1.
0K
0G
0O
0S
0W
1[
#50700000
0!
0A
#50710000
1!
1A
1\
0X
0T
0P
0L
0I
0J
0M
0Q
0U
0Y
1]
1;
0<
0=
0>
0?
0@
1h
0^
0Z
0R
0N
1F
0.
0-
0,
0+
0*
1)
0e
0b
0_
1G
1e
1b
1_
#50720000
0!
0A
#50730000
1!
1A
1I
1J
1@
1N
0F
1.
1K
0G
#50740000
0!
0A
#50750000
1!
1A
1L
0I
0J
1M
1?
0@
0N
1F
0.
1-
1O
1G
0O
#50760000
0!
0A
#50770000
1!
1A
1I
1J
1@
1R
1N
0F
1.
0K
0G
1O
#50780000
0!
0A
#50790000
1!
1A
1P
0L
0I
0J
0M
1Q
1>
0?
0@
0R
0N
1F
0.
0-
1,
1S
1G
0S
#50800000
0!
0A
#50810000
1!
1A
1I
1J
1@
1N
0F
1.
1K
0G
#50820000
0!
0A
#50830000
1!
1A
1L
0I
0J
1M
1?
0@
0N
1F
0.
1-
0O
1G
1O
#50840000
0!
0A
#50850000
1!
1A
1I
1J
1@
1R
1N
0F
1.
0K
0G
0O
1S
#50860000
0!
0A
#50870000
1!
1A
1T
0P
0L
0I
0J
0M
0Q
1U
1=
0>
0?
0@
0R
0N
1F
0.
0-
0,
1+
1G
#50880000
0!
0A
#50890000
1!
1A
1I
1J
1@
1N
0F
1.
1K
0G
#50900000
0!
0A
#50910000
1!
1A
1L
0I
0J
1M
1?
0@
0N
1F
0.
1-
1O
1G
0O
#50920000
0!
0A
#50930000
1!
1A
1I
1J
1@
1R
1N
0F
1.
0K
0G
1O
#50940000
0!
0A
#50950000
1!
1A
1P
0L
0I
0J
0M
1Q
1>
0?
0@
0R
0N
1F
0.
0-
1,
0S
1G
1S
#50960000
0!
0A
#50970000
1!
1A
1I
1J
1@
1N
0F
1.
1K
0G
#50980000
0!
0A
#50990000
1!
1A
1L
0I
0J
1M
1?
0@
0N
1F
0.
1-
0O
1G
1O
#51000000
0!
0A
#51010000
1!
1A
1I
1J
1@
1Z
1V
1R
1N
0F
1.
0K
0G
0O
0S
1W
#51020000
0!
0A
#51030000
1!
1A
1X
0T
0P
0L
0I
0J
0M
0Q
0U
1Y
1<
0=
0>
0?
0@
0Z
0R
0N
1F
0.
0-
0,
0+
1*
0[
1G
1[
#51040000
0!
0A
#51050000
1!
1A
1I
1J
1@
1N
0F
1.
1K
0G
#51060000
0!
0A
#51070000
1!
1A
1L
0I
0J
1M
1?
0@
0N
1F
0.
1-
1O
1G
0O
#51080000
0!
0A
#51090000
1!
1A
1I
1J
1@
1R
1N
0F
1.
0K
0G
1O
#51100000
0!
0A
#51110000
1!
1A
1P
0L
0I
0J
0M
1Q
1>
0?
0@
0R
0N
1F
0.
0-
1,
1S
1G
0S
#51120000
0!
0A
#51130000
1!
1A
1I
1J
1@
1N
0F
1.
1K
0G
#51140000
0!
0A
#51150000
1!
1A
1L
0I
0J
1M
1?
0@
0N
1F
0.
1-
0O
1G
1O
#51160000
0!
0A
#51170000
1!
1A
1I
1J
1@
1R
1N
0F
1.
0K
0G
0O
1S
#51180000
0!
0A
#51190000
1!
1A
1T
0P
0L
0I
0J
0M
0Q
1U
1=
0>
0?
0@
0R
0N
1F
0.
0-
0,
1+
1G
#51200000
0!
0A
#51210000
1!
1A
1I
1J
1@
1N
0F
1.
1K
0G
#51220000
0!
0A
#51230000
1!
1A
1L
0I
0J
1M
1?
0@
0N
1F
0.
1-
1O
1G
0O
#51240000
0!
0A
#51250000
1!
1A
1I
1J
1@
1R
1N
0F
1.
0K
0G
1O
#51260000
0!
0A
#51270000
1!
1A
1P
0L
0I
0J
0M
1Q
1>
0?
0@
0R
0N
1F
0.
0-
1,
0S
1G
1S
#51280000
0!
0A
#51290000
1!
1A
1I
1J
1@
1N
0F
1.
1K
0G
#51300000
0!
0A
#51310000
1!
1A
1L
0I
0J
1M
1?
0@
0N
1F
0.
1-
0O
1G
1O
#51320000
0!
0A
#51330000
1!
1A
1I
1J
1@
1^
1Z
0V
1R
1N
0F
1.
0K
0G
0O
0S
0W
0[
1i
0e
0b
0_
#51340000
0!
0A
#51350000
1!
1A
1j
0f
0c
0`
0\
0X
0T
0P
0L
0I
0J
0M
0Q
0U
0Y
0]
0a
0d
0g
1k
17
08
09
0:
0;
0<
0=
0>
0?
0@
0h
0^
0Z
0R
0N
1F
0.
0-
0,
0+
0*
0)
0(
0'
0&
1%
1G
#51360000
0!
0A
#51370000
1!
1A
1I
1J
1@
1N
0F
1.
1K
0G
#51380000
0!
0A
#51390000
1!
1A
1L
0I
0J
1M
1?
0@
0N
1F
0.
1-
1O
1G
0O
#51400000
0!
0A
#51410000
1!
1A
1I
1J
1@
1R
1N
0F
1.
0K
0G
1O
#51420000
0!
0A
#51430000
1!
1A
1P
0L
0I
0J
0M
1Q
1>
0?
0@
0R
0N
1F
0.
0-
1,
1S
1G
0S
#51440000
0!
0A
#51450000
1!
1A
1I
1J
1@
1N
0F
1.
1K
0G
#51460000
0!
0A
#51470000
1!
1A
1L
0I
0J
1M
1?
0@
0N
1F
0.
1-
0O
1G
1O
#51480000
0!
0A
#51490000
1!
1A
1I
1J
1@
1R
1N
0F
1.
0K
0G
0O
1S
#51500000
0!
0A
#51510000
1!
1A
1T
0P
0L
0I
0J
0M
0Q
1U
1=
0>
0?
0@
0R
0N
1F
0.
0-
0,
1+
1G
#51520000
0!
0A
#51530000
1!
1A
1I
1J
1@
1N
0F
1.
1K
0G
#51540000
0!
0A
#51550000
1!
1A
1L
0I
0J
1M
1?
0@
0N
1F
0.
1-
1O
1G
0O
#51560000
0!
0A
#51570000
1!
1A
1I
1J
1@
1R
1N
0F
1.
0K
0G
1O
#51580000
0!
0A
#51590000
1!
1A
1P
0L
0I
0J
0M
1Q
1>
0?
0@
0R
0N
1F
0.
0-
1,
0S
1G
1S
#51600000
0!
0A
#51610000
1!
1A
1I
1J
1@
1N
0F
1.
1K
0G
#51620000
0!
0A
#51630000
1!
1A
1L
0I
0J
1M
1?
0@
0N
1F
0.
1-
0O
1G
1O
#51640000
0!
0A
#51650000
1!
1A
1I
1J
1@
1Z
1V
1R
1N
0F
1.
0K
0G
0O
0S
1W
#51660000
0!
0A
#51670000
1!
1A
1X
0T
0P
0L
0I
0J
0M
0Q
0U
1Y
1<
0=
0>
0?
0@
0Z
0R
0N
1F
0.
0-
0,
0+
1*
1[
1G
0[
#51680000
0!
0A
#51690000
1!
1A
1I
1J
1@
1N
0F
1.
1K
0G
#51700000
0!
0A
#51710000
1!
1A
1L
0I
0J
1M
1?
0@
0N
1F
0.
1-
1O
1G
0O
#51720000
0!
0A
#51730000
1!
1A
1I
1J
1@
1R
1N
0F
1.
0K
0G
1O
#51740000
0!
0A
#51750000
1!
1A
1P
0L
0I
0J
0M
1Q
1>
0?
0@
0R
0N
1F
0.
0-
1,
1S
1G
0S
#51760000
0!
0A
#51770000
1!
1A
1I
1J
1@
1N
0F
1.
1K
0G
#51780000
0!
0A
#51790000
1!
1A
1L
0I
0J
1M
1?
0@
0N
1F
0.
1-
0O
1G
1O
#51800000
0!
0A
#51810000
1!
1A
1I
1J
1@
1R
1N
0F
1.
0K
0G
0O
1S
#51820000
0!
0A
#51830000
1!
1A
1T
0P
0L
0I
0J
0M
0Q
1U
1=
0>
0?
0@
0R
0N
1F
0.
0-
0,
1+
1G
#51840000
0!
0A
#51850000
1!
1A
1I
1J
1@
1N
0F
1.
1K
0G
#51860000
0!
0A
#51870000
1!
1A
1L
0I
0J
1M
1?
0@
0N
1F
0.
1-
1O
1G
0O
#51880000
0!
0A
#51890000
1!
1A
1I
1J
1@
1R
1N
0F
1.
0K
0G
1O
#51900000
0!
0A
#51910000
1!
1A
1P
0L
0I
0J
0M
1Q
1>
0?
0@
0R
0N
1F
0.
0-
1,
0S
1G
1S
#51920000
0!
0A
#51930000
1!
1A
1I
1J
1@
1N
0F
1.
1K
0G
#51940000
0!
0A
#51950000
1!
1A
1L
0I
0J
1M
1?
0@
0N
1F
0.
1-
0O
1G
1O
#51960000
0!
0A
#51970000
1!
1A
1I
1J
1@
1^
1Z
0V
1R
1N
0F
1.
0K
0G
0O
0S
0W
1[
#51980000
0!
0A
#51990000
1!
1A
1\
0X
0T
0P
0L
0I
0J
0M
0Q
0U
0Y
1]
1;
0<
0=
0>
0?
0@
0^
0Z
0R
0N
1F
0.
0-
0,
0+
0*
1)
1_
1G
0_
#52000000
0!
0A
#52010000
1!
1A
1I
1J
1@
1N
0F
1.
1K
0G
#52020000
0!
0A
#52030000
1!
1A
1L
0I
0J
1M
1?
0@
0N
1F
0.
1-
1O
1G
0O
#52040000
0!
0A
#52050000
1!
1A
1I
1J
1@
1R
1N
0F
1.
0K
0G
1O
#52060000
0!
0A
#52070000
1!
1A
1P
0L
0I
0J
0M
1Q
1>
0?
0@
0R
0N
1F
0.
0-
1,
1S
1G
0S
#52080000
0!
0A
#52090000
1!
1A
1I
1J
1@
1N
0F
1.
1K
0G
#52100000
0!
0A
#52110000
1!
1A
1L
0I
0J
1M
1?
0@
0N
1F
0.
1-
0O
1G
1O
#52120000
0!
0A
#52130000
1!
1A
1I
1J
1@
1R
1N
0F
1.
0K
0G
0O
1S
#52140000
0!
0A
#52150000
1!
1A
1T
0P
0L
0I
0J
0M
0Q
1U
1=
0>
0?
0@
0R
0N
1F
0.
0-
0,
1+
1G
#52160000
0!
0A
#52170000
1!
1A
1I
1J
1@
1N
0F
1.
1K
0G
#52180000
0!
0A
#52190000
1!
1A
1L
0I
0J
1M
1?
0@
0N
1F
0.
1-
1O
1G
0O
#52200000
0!
0A
#52210000
1!
1A
1I
1J
1@
1R
1N
0F
1.
0K
0G
1O
#52220000
0!
0A
#52230000
1!
1A
1P
0L
0I
0J
0M
1Q
1>
0?
0@
0R
0N
1F
0.
0-
1,
0S
1G
1S
#52240000
0!
0A
#52250000
1!
1A
1I
1J
1@
1N
0F
1.
1K
0G
#52260000
0!
0A
#52270000
1!
1A
1L
0I
0J
1M
1?
0@
0N
1F
0.
1-
0O
1G
1O
#52280000
0!
0A
#52290000
1!
1A
1I
1J
1@
1Z
1V
1R
1N
0F
1.
0K
0G
0O
0S
1W
#52300000
0!
0A
#52310000
1!
1A
1X
0T
0P
0L
0I
0J
0M
0Q
0U
1Y
1<
0=
0>
0?
0@
0Z
0R
0N
1F
0.
0-
0,
0+
1*
0[
1G
1[
#52320000
0!
0A
#52330000
1!
1A
1I
1J
1@
1N
0F
1.
1K
0G
#52340000
0!
0A
#52350000
1!
1A
1L
0I
0J
1M
1?
0@
0N
1F
0.
1-
1O
1G
0O
#52360000
0!
0A
#52370000
1!
1A
1I
1J
1@
1R
1N
0F
1.
0K
0G
1O
#52380000
0!
0A
#52390000
1!
1A
1P
0L
0I
0J
0M
1Q
1>
0?
0@
0R
0N
1F
0.
0-
1,
1S
1G
0S
#52400000
0!
0A
#52410000
1!
1A
1I
1J
1@
1N
0F
1.
1K
0G
#52420000
0!
0A
#52430000
1!
1A
1L
0I
0J
1M
1?
0@
0N
1F
0.
1-
0O
1G
1O
#52440000
0!
0A
#52450000
1!
1A
1I
1J
1@
1R
1N
0F
1.
0K
0G
0O
1S
#52460000
0!
0A
#52470000
1!
1A
1T
0P
0L
0I
0J
0M
0Q
1U
1=
0>
0?
0@
0R
0N
1F
0.
0-
0,
1+
1G
#52480000
0!
0A
#52490000
1!
1A
1I
1J
1@
1N
0F
1.
1K
0G
#52500000
0!
0A
#52510000
1!
1A
1L
0I
0J
1M
1?
0@
0N
1F
0.
1-
1O
1G
0O
#52520000
0!
0A
#52530000
1!
1A
1I
1J
1@
1R
1N
0F
1.
0K
0G
1O
#52540000
0!
0A
#52550000
1!
1A
1P
0L
0I
0J
0M
1Q
1>
0?
0@
0R
0N
1F
0.
0-
1,
0S
1G
1S
#52560000
0!
0A
#52570000
1!
1A
1I
1J
1@
1N
0F
1.
1K
0G
#52580000
0!
0A
#52590000
1!
1A
1L
0I
0J
1M
1?
0@
0N
1F
0.
1-
0O
1G
1O
#52600000
0!
0A
#52610000
1!
1A
1I
1J
1@
1^
1Z
0V
1R
1N
0F
1.
0K
0G
0O
0S
0W
0[
1_
#52620000
0!
0A
#52630000
1!
1A
1`
0\
0X
0T
0P
0L
0I
0J
0M
0Q
0U
0Y
0]
1a
1:
0;
0<
0=
0>
0?
0@
0^
0Z
0R
0N
1F
0.
0-
0,
0+
0*
0)
1(
1G
#52640000
0!
0A
#52650000
1!
1A
1I
1J
1@
1N
0F
1.
1K
0G
#52660000
0!
0A
#52670000
1!
1A
1L
0I
0J
1M
1?
0@
0N
1F
0.
1-
1O
1G
0O
#52680000
0!
0A
#52690000
1!
1A
1I
1J
1@
1R
1N
0F
1.
0K
0G
1O
#52700000
0!
0A
#52710000
1!
1A
1P
0L
0I
0J
0M
1Q
1>
0?
0@
0R
0N
1F
0.
0-
1,
1S
1G
0S
#52720000
0!
0A
#52730000
1!
1A
1I
1J
1@
1N
0F
1.
1K
0G
#52740000
0!
0A
#52750000
1!
1A
1L
0I
0J
1M
1?
0@
0N
1F
0.
1-
0O
1G
1O
#52760000
0!
0A
#52770000
1!
1A
1I
1J
1@
1R
1N
0F
1.
0K
0G
0O
1S
#52780000
0!
0A
#52790000
1!
1A
1T
0P
0L
0I
0J
0M
0Q
1U
1=
0>
0?
0@
0R
0N
1F
0.
0-
0,
1+
1G
#52800000
0!
0A
#52810000
1!
1A
1I
1J
1@
1N
0F
1.
1K
0G
#52820000
0!
0A
#52830000
1!
1A
1L
0I
0J
1M
1?
0@
0N
1F
0.
1-
1O
1G
0O
#52840000
0!
0A
#52850000
1!
1A
1I
1J
1@
1R
1N
0F
1.
0K
0G
1O
#52860000
0!
0A
#52870000
1!
1A
1P
0L
0I
0J
0M
1Q
1>
0?
0@
0R
0N
1F
0.
0-
1,
0S
1G
1S
#52880000
0!
0A
#52890000
1!
1A
1I
1J
1@
1N
0F
1.
1K
0G
#52900000
0!
0A
#52910000
1!
1A
1L
0I
0J
1M
1?
0@
0N
1F
0.
1-
0O
1G
1O
#52920000
0!
0A
#52930000
1!
1A
1I
1J
1@
1Z
1V
1R
1N
0F
1.
0K
0G
0O
0S
1W
#52940000
0!
0A
#52950000
1!
1A
1X
0T
0P
0L
0I
0J
0M
0Q
0U
1Y
1<
0=
0>
0?
0@
0Z
0R
0N
1F
0.
0-
0,
0+
1*
1[
1G
0[
#52960000
0!
0A
#52970000
1!
1A
1I
1J
1@
1N
0F
1.
1K
0G
#52980000
0!
0A
#52990000
1!
1A
1L
0I
0J
1M
1?
0@
0N
1F
0.
1-
1O
1G
0O
#53000000
0!
0A
#53010000
1!
1A
1I
1J
1@
1R
1N
0F
1.
0K
0G
1O
#53020000
0!
0A
#53030000
1!
1A
1P
0L
0I
0J
0M
1Q
1>
0?
0@
0R
0N
1F
0.
0-
1,
1S
1G
0S
#53040000
0!
0A
#53050000
1!
1A
1I
1J
1@
1N
0F
1.
1K
0G
#53060000
0!
0A
#53070000
1!
1A
1L
0I
0J
1M
1?
0@
0N
1F
0.
1-
0O
1G
1O
#53080000
0!
0A
#53090000
1!
1A
1I
1J
1@
1R
1N
0F
1.
0K
0G
0O
1S
#53100000
0!
0A
#53110000
1!
1A
1T
0P
0L
0I
0J
0M
0Q
1U
1=
0>
0?
0@
0R
0N
1F
0.
0-
0,
1+
1G
#53120000
0!
0A
#53130000
1!
1A
1I
1J
1@
1N
0F
1.
1K
0G
#53140000
0!
0A
#53150000
1!
1A
1L
0I
0J
1M
1?
0@
0N
1F
0.
1-
1O
1G
0O
#53160000
0!
0A
#53170000
1!
1A
1I
1J
1@
1R
1N
0F
1.
0K
0G
1O
#53180000
0!
0A
#53190000
1!
1A
1P
0L
0I
0J
0M
1Q
1>
0?
0@
0R
0N
1F
0.
0-
1,
0S
1G
1S
#53200000
0!
0A
#53210000
1!
1A
1I
1J
1@
1N
0F
1.
1K
0G
#53220000
0!
0A
#53230000
1!
1A
1L
0I
0J
1M
1?
0@
0N
1F
0.
1-
0O
1G
1O
#53240000
0!
0A
#53250000
1!
1A
1I
1J
1@
1^
1Z
0V
1R
1N
0F
1.
0K
0G
0O
0S
0W
1[
#53260000
0!
0A
#53270000
1!
1A
1\
0X
0T
0P
0L
0I
0J
0M
0Q
0U
0Y
1]
1;
0<
0=
0>
0?
0@
0^
0Z
0R
0N
1F
0.
0-
0,
0+
0*
1)
1b
0_
1G
0b
1_
#53280000
0!
0A
#53290000
1!
1A
1I
1J
1@
1N
0F
1.
1K
0G
#53300000
0!
0A
#53310000
1!
1A
1L
0I
0J
1M
1?
0@
0N
1F
0.
1-
1O
1G
0O
#53320000
0!
0A
#53330000
1!
1A
1I
1J
1@
1R
1N
0F
1.
0K
0G
1O
#53340000
0!
0A
#53350000
1!
1A
1P
0L
0I
0J
0M
1Q
1>
0?
0@
0R
0N
1F
0.
0-
1,
1S
1G
0S
#53360000
0!
0A
#53370000
1!
1A
1I
1J
1@
1N
0F
1.
1K
0G
#53380000
0!
0A
#53390000
1!
1A
1L
0I
0J
1M
1?
0@
0N
1F
0.
1-
0O
1G
1O
#53400000
0!
0A
#53410000
1!
1A
1I
1J
1@
1R
1N
0F
1.
0K
0G
0O
1S
#53420000
0!
0A
#53430000
1!
1A
1T
0P
0L
0I
0J
0M
0Q
1U
1=
0>
0?
0@
0R
0N
1F
0.
0-
0,
1+
1G
#53440000
0!
0A
#53450000
1!
1A
1I
1J
1@
1N
0F
1.
1K
0G
#53460000
0!
0A
#53470000
1!
1A
1L
0I
0J
1M
1?
0@
0N
1F
0.
1-
1O
1G
0O
#53480000
0!
0A
#53490000
1!
1A
1I
1J
1@
1R
1N
0F
1.
0K
0G
1O
#53500000
0!
0A
#53510000
1!
1A
1P
0L
0I
0J
0M
1Q
1>
0?
0@
0R
0N
1F
0.
0-
1,
0S
1G
1S
#53520000
0!
0A
#53530000
1!
1A
1I
1J
1@
1N
0F
1.
1K
0G
#53540000
0!
0A
#53550000
1!
1A
1L
0I
0J
1M
1?
0@
0N
1F
0.
1-
0O
1G
1O
#53560000
0!
0A
#53570000
1!
1A
1I
1J
1@
1Z
1V
1R
1N
0F
1.
0K
0G
0O
0S
1W
#53580000
0!
0A
#53590000
1!
1A
1X
0T
0P
0L
0I
0J
0M
0Q
0U
1Y
1<
0=
0>
0?
0@
0Z
0R
0N
1F
0.
0-
0,
0+
1*
0[
1G
1[
#53600000
0!
0A
#53610000
1!
1A
1I
1J
1@
1N
0F
1.
1K
0G
#53620000
0!
0A
#53630000
1!
1A
1L
0I
0J
1M
1?
0@
0N
1F
0.
1-
1O
1G
0O
#53640000
0!
0A
#53650000
1!
1A
1I
1J
1@
1R
1N
0F
1.
0K
0G
1O
#53660000
0!
0A
#53670000
1!
1A
1P
0L
0I
0J
0M
1Q
1>
0?
0@
0R
0N
1F
0.
0-
1,
1S
1G
0S
#53680000
0!
0A
#53690000
1!
1A
1I
1J
1@
1N
0F
1.
1K
0G
#53700000
0!
0A
#53710000
1!
1A
1L
0I
0J
1M
1?
0@
0N
1F
0.
1-
0O
1G
1O
#53720000
0!
0A
#53730000
1!
1A
1I
1J
1@
1R
1N
0F
1.
0K
0G
0O
1S
#53740000
0!
0A
#53750000
1!
1A
1T
0P
0L
0I
0J
0M
0Q
1U
1=
0>
0?
0@
0R
0N
1F
0.
0-
0,
1+
1G
#53760000
0!
0A
#53770000
1!
1A
1I
1J
1@
1N
0F
1.
1K
0G
#53780000
0!
0A
#53790000
1!
1A
1L
0I
0J
1M
1?
0@
0N
1F
0.
1-
1O
1G
0O
#53800000
0!
0A
#53810000
1!
1A
1I
1J
1@
1R
1N
0F
1.
0K
0G
1O
#53820000
0!
0A
#53830000
1!
1A
1P
0L
0I
0J
0M
1Q
1>
0?
0@
0R
0N
1F
0.
0-
1,
0S
1G
1S
#53840000
0!
0A
#53850000
1!
1A
1I
1J
1@
1N
0F
1.
1K
0G
#53860000
0!
0A
#53870000
1!
1A
1L
0I
0J
1M
1?
0@
0N
1F
0.
1-
0O
1G
1O
#53880000
0!
0A
#53890000
1!
1A
1I
1J
1@
1^
1Z
0V
1R
1N
0F
1.
0K
0G
0O
0S
0W
0[
1b
0_
#53900000
0!
0A
#53910000
1!
1A
1c
0`
0\
0X
0T
0P
0L
0I
0J
0M
0Q
0U
0Y
0]
0a
1d
19
0:
0;
0<
0=
0>
0?
0@
0^
0Z
0R
0N
1F
0.
0-
0,
0+
0*
0)
0(
1'
1G
#53920000
0!
0A
#53930000
1!
1A
1I
1J
1@
1N
0F
1.
1K
0G
#53940000
0!
0A
#53950000
1!
1A
1L
0I
0J
1M
1?
0@
0N
1F
0.
1-
1O
1G
0O
#53960000
0!
0A
#53970000
1!
1A
1I
1J
1@
1R
1N
0F
1.
0K
0G
1O
#53980000
0!
0A
#53990000
1!
1A
1P
0L
0I
0J
0M
1Q
1>
0?
0@
0R
0N
1F
0.
0-
1,
1S
1G
0S
#54000000
0!
0A
#54010000
1!
1A
1I
1J
1@
1N
0F
1.
1K
0G
#54020000
0!
0A
#54030000
1!
1A
1L
0I
0J
1M
1?
0@
0N
1F
0.
1-
0O
1G
1O
#54040000
0!
0A
#54050000
1!
1A
1I
1J
1@
1R
1N
0F
1.
0K
0G
0O
1S
#54060000
0!
0A
#54070000
1!
1A
1T
0P
0L
0I
0J
0M
0Q
1U
1=
0>
0?
0@
0R
0N
1F
0.
0-
0,
1+
1G
#54080000
0!
0A
#54090000
1!
1A
1I
1J
1@
1N
0F
1.
1K
0G
#54100000
0!
0A
#54110000
1!
1A
1L
0I
0J
1M
1?
0@
0N
1F
0.
1-
1O
1G
0O
#54120000
0!
0A
#54130000
1!
1A
1I
1J
1@
1R
1N
0F
1.
0K
0G
1O
#54140000
0!
0A
#54150000
1!
1A
1P
0L
0I
0J
0M
1Q
1>
0?
0@
0R
0N
1F
0.
0-
1,
0S
1G
1S
#54160000
0!
0A
#54170000
1!
1A
1I
1J
1@
1N
0F
1.
1K
0G
#54180000
0!
0A
#54190000
1!
1A
1L
0I
0J
1M
1?
0@
0N
1F
0.
1-
0O
1G
1O
#54200000
0!
0A
#54210000
1!
1A
1I
1J
1@
1Z
1V
1R
1N
0F
1.
0K
0G
0O
0S
1W
#54220000
0!
0A
#54230000
1!
1A
1X
0T
0P
0L
0I
0J
0M
0Q
0U
1Y
1<
0=
0>
0?
0@
0Z
0R
0N
1F
0.
0-
0,
0+
1*
1[
1G
0[
#54240000
0!
0A
#54250000
1!
1A
1I
1J
1@
1N
0F
1.
1K
0G
#54260000
0!
0A
#54270000
1!
1A
1L
0I
0J
1M
1?
0@
0N
1F
0.
1-
1O
1G
0O
#54280000
0!
0A
#54290000
1!
1A
1I
1J
1@
1R
1N
0F
1.
0K
0G
1O
#54300000
0!
0A
#54310000
1!
1A
1P
0L
0I
0J
0M
1Q
1>
0?
0@
0R
0N
1F
0.
0-
1,
1S
1G
0S
#54320000
0!
0A
#54330000
1!
1A
1I
1J
1@
1N
0F
1.
1K
0G
#54340000
0!
0A
#54350000
1!
1A
1L
0I
0J
1M
1?
0@
0N
1F
0.
1-
0O
1G
1O
#54360000
0!
0A
#54370000
1!
1A
1I
1J
1@
1R
1N
0F
1.
0K
0G
0O
1S
#54380000
0!
0A
#54390000
1!
1A
1T
0P
0L
0I
0J
0M
0Q
1U
1=
0>
0?
0@
0R
0N
1F
0.
0-
0,
1+
1G
#54400000
0!
0A
#54410000
1!
1A
1I
1J
1@
1N
0F
1.
1K
0G
#54420000
0!
0A
#54430000
1!
1A
1L
0I
0J
1M
1?
0@
0N
1F
0.
1-
1O
1G
0O
#54440000
0!
0A
#54450000
1!
1A
1I
1J
1@
1R
1N
0F
1.
0K
0G
1O
#54460000
0!
0A
#54470000
1!
1A
1P
0L
0I
0J
0M
1Q
1>
0?
0@
0R
0N
1F
0.
0-
1,
0S
1G
1S
#54480000
0!
0A
#54490000
1!
1A
1I
1J
1@
1N
0F
1.
1K
0G
#54500000
0!
0A
#54510000
1!
1A
1L
0I
0J
1M
1?
0@
0N
1F
0.
1-
0O
1G
1O
#54520000
0!
0A
#54530000
1!
1A
1I
1J
1@
1^
1Z
0V
1R
1N
0F
1.
0K
0G
0O
0S
0W
1[
#54540000
0!
0A
#54550000
1!
1A
1\
0X
0T
0P
0L
0I
0J
0M
0Q
0U
0Y
1]
1;
0<
0=
0>
0?
0@
0^
0Z
0R
0N
1F
0.
0-
0,
0+
0*
1)
1_
1G
0_
#54560000
0!
0A
#54570000
1!
1A
1I
1J
1@
1N
0F
1.
1K
0G
#54580000
0!
0A
#54590000
1!
1A
1L
0I
0J
1M
1?
0@
0N
1F
0.
1-
1O
1G
0O
#54600000
0!
0A
#54610000
1!
1A
1I
1J
1@
1R
1N
0F
1.
0K
0G
1O
#54620000
0!
0A
#54630000
1!
1A
1P
0L
0I
0J
0M
1Q
1>
0?
0@
0R
0N
1F
0.
0-
1,
1S
1G
0S
#54640000
0!
0A
#54650000
1!
1A
1I
1J
1@
1N
0F
1.
1K
0G
#54660000
0!
0A
#54670000
1!
1A
1L
0I
0J
1M
1?
0@
0N
1F
0.
1-
0O
1G
1O
#54680000
0!
0A
#54690000
1!
1A
1I
1J
1@
1R
1N
0F
1.
0K
0G
0O
1S
#54700000
0!
0A
#54710000
1!
1A
1T
0P
0L
0I
0J
0M
0Q
1U
1=
0>
0?
0@
0R
0N
1F
0.
0-
0,
1+
1G
#54720000
0!
0A
#54730000
1!
1A
1I
1J
1@
1N
0F
1.
1K
0G
#54740000
0!
0A
#54750000
1!
1A
1L
0I
0J
1M
1?
0@
0N
1F
0.
1-
1O
1G
0O
#54760000
0!
0A
#54770000
1!
1A
1I
1J
1@
1R
1N
0F
1.
0K
0G
1O
#54780000
0!
0A
#54790000
1!
1A
1P
0L
0I
0J
0M
1Q
1>
0?
0@
0R
0N
1F
0.
0-
1,
0S
1G
1S
#54800000
0!
0A
#54810000
1!
1A
1I
1J
1@
1N
0F
1.
1K
0G
#54820000
0!
0A
#54830000
1!
1A
1L
0I
0J
1M
1?
0@
0N
1F
0.
1-
0O
1G
1O
#54840000
0!
0A
#54850000
1!
1A
1I
1J
1@
1Z
1V
1R
1N
0F
1.
0K
0G
0O
0S
1W
#54860000
0!
0A
#54870000
1!
1A
1X
0T
0P
0L
0I
0J
0M
0Q
0U
1Y
1<
0=
0>
0?
0@
0Z
0R
0N
1F
0.
0-
0,
0+
1*
0[
1G
1[
#54880000
0!
0A
#54890000
1!
1A
1I
1J
1@
1N
0F
1.
1K
0G
#54900000
0!
0A
#54910000
1!
1A
1L
0I
0J
1M
1?
0@
0N
1F
0.
1-
1O
1G
0O
#54920000
0!
0A
#54930000
1!
1A
1I
1J
1@
1R
1N
0F
1.
0K
0G
1O
#54940000
0!
0A
#54950000
1!
1A
1P
0L
0I
0J
0M
1Q
1>
0?
0@
0R
0N
1F
0.
0-
1,
1S
1G
0S
#54960000
0!
0A
#54970000
1!
1A
1I
1J
1@
1N
0F
1.
1K
0G
#54980000
0!
0A
#54990000
1!
1A
1L
0I
0J
1M
1?
0@
0N
1F
0.
1-
0O
1G
1O
#55000000
0!
0A
#55010000
1!
1A
1I
1J
1@
1R
1N
0F
1.
0K
0G
0O
1S
#55020000
0!
0A
#55030000
1!
1A
1T
0P
0L
0I
0J
0M
0Q
1U
1=
0>
0?
0@
0R
0N
1F
0.
0-
0,
1+
1G
#55040000
0!
0A
#55050000
1!
1A
1I
1J
1@
1N
0F
1.
1K
0G
#55060000
0!
0A
#55070000
1!
1A
1L
0I
0J
1M
1?
0@
0N
1F
0.
1-
1O
1G
0O
#55080000
0!
0A
#55090000
1!
1A
1I
1J
1@
1R
1N
0F
1.
0K
0G
1O
#55100000
0!
0A
#55110000
1!
1A
1P
0L
0I
0J
0M
1Q
1>
0?
0@
0R
0N
1F
0.
0-
1,
0S
1G
1S
#55120000
0!
0A
#55130000
1!
1A
1I
1J
1@
1N
0F
1.
1K
0G
#55140000
0!
0A
#55150000
1!
1A
1L
0I
0J
1M
1?
0@
0N
1F
0.
1-
0O
1G
1O
#55160000
0!
0A
#55170000
1!
1A
1I
1J
1@
1^
1Z
0V
1R
1N
0F
1.
0K
0G
0O
0S
0W
0[
1_
#55180000
0!
0A
#55190000
1!
1A
1`
0\
0X
0T
0P
0L
0I
0J
0M
0Q
0U
0Y
0]
1a
1:
0;
0<
0=
0>
0?
0@
0^
0Z
0R
0N
1F
0.
0-
0,
0+
0*
0)
1(
1G
#55200000
0!
0A
#55210000
1!
1A
1I
1J
1@
1N
0F
1.
1K
0G
#55220000
0!
0A
#55230000
1!
1A
1L
0I
0J
1M
1?
0@
0N
1F
0.
1-
1O
1G
0O
#55240000
0!
0A
#55250000
1!
1A
1I
1J
1@
1R
1N
0F
1.
0K
0G
1O
#55260000
0!
0A
#55270000
1!
1A
1P
0L
0I
0J
0M
1Q
1>
0?
0@
0R
0N
1F
0.
0-
1,
1S
1G
0S
#55280000
0!
0A
#55290000
1!
1A
1I
1J
1@
1N
0F
1.
1K
0G
#55300000
0!
0A
#55310000
1!
1A
1L
0I
0J
1M
1?
0@
0N
1F
0.
1-
0O
1G
1O
#55320000
0!
0A
#55330000
1!
1A
1I
1J
1@
1R
1N
0F
1.
0K
0G
0O
1S
#55340000
0!
0A
#55350000
1!
1A
1T
0P
0L
0I
0J
0M
0Q
1U
1=
0>
0?
0@
0R
0N
1F
0.
0-
0,
1+
1G
#55360000
0!
0A
#55370000
1!
1A
1I
1J
1@
1N
0F
1.
1K
0G
#55380000
0!
0A
#55390000
1!
1A
1L
0I
0J
1M
1?
0@
0N
1F
0.
1-
1O
1G
0O
#55400000
0!
0A
#55410000
1!
1A
1I
1J
1@
1R
1N
0F
1.
0K
0G
1O
#55420000
0!
0A
#55430000
1!
1A
1P
0L
0I
0J
0M
1Q
1>
0?
0@
0R
0N
1F
0.
0-
1,
0S
1G
1S
#55440000
0!
0A
#55450000
1!
1A
1I
1J
1@
1N
0F
1.
1K
0G
#55460000
0!
0A
#55470000
1!
1A
1L
0I
0J
1M
1?
0@
0N
1F
0.
1-
0O
1G
1O
#55480000
0!
0A
#55490000
1!
1A
1I
1J
1@
1Z
1V
1R
1N
0F
1.
0K
0G
0O
0S
1W
#55500000
0!
0A
#55510000
1!
1A
1X
0T
0P
0L
0I
0J
0M
0Q
0U
1Y
1<
0=
0>
0?
0@
0Z
0R
0N
1F
0.
0-
0,
0+
1*
1[
1G
0[
#55520000
0!
0A
#55530000
1!
1A
1I
1J
1@
1N
0F
1.
1K
0G
#55540000
0!
0A
#55550000
1!
1A
1L
0I
0J
1M
1?
0@
0N
1F
0.
1-
1O
1G
0O
#55560000
0!
0A
#55570000
1!
1A
1I
1J
1@
1R
1N
0F
1.
0K
0G
1O
#55580000
0!
0A
#55590000
1!
1A
1P
0L
0I
0J
0M
1Q
1>
0?
0@
0R
0N
1F
0.
0-
1,
1S
1G
0S
#55600000
0!
0A
#55610000
1!
1A
1I
1J
1@
1N
0F
1.
1K
0G
#55620000
0!
0A
#55630000
1!
1A
1L
0I
0J
1M
1?
0@
0N
1F
0.
1-
0O
1G
1O
#55640000
0!
0A
#55650000
1!
1A
1I
1J
1@
1R
1N
0F
1.
0K
0G
0O
1S
#55660000
0!
0A
#55670000
1!
1A
1T
0P
0L
0I
0J
0M
0Q
1U
1=
0>
0?
0@
0R
0N
1F
0.
0-
0,
1+
1G
#55680000
0!
0A
#55690000
1!
1A
1I
1J
1@
1N
0F
1.
1K
0G
#55700000
0!
0A
#55710000
1!
1A
1L
0I
0J
1M
1?
0@
0N
1F
0.
1-
1O
1G
0O
#55720000
0!
0A
#55730000
1!
1A
1I
1J
1@
1R
1N
0F
1.
0K
0G
1O
#55740000
0!
0A
#55750000
1!
1A
1P
0L
0I
0J
0M
1Q
1>
0?
0@
0R
0N
1F
0.
0-
1,
0S
1G
1S
#55760000
0!
0A
#55770000
1!
1A
1I
1J
1@
1N
0F
1.
1K
0G
#55780000
0!
0A
#55790000
1!
1A
1L
0I
0J
1M
1?
0@
0N
1F
0.
1-
0O
1G
1O
#55800000
0!
0A
#55810000
1!
1A
1I
1J
1@
1^
1Z
0V
1R
1N
0F
1.
0K
0G
0O
0S
0W
1[
#55820000
0!
0A
#55830000
1!
1A
1\
0X
0T
0P
0L
0I
0J
0M
0Q
0U
0Y
1]
1;
0<
0=
0>
0?
0@
0^
0Z
0R
0N
1F
0.
0-
0,
0+
0*
1)
1e
0b
0_
1G
0e
1b
1_
#55840000
0!
0A
#55850000
1!
1A
1I
1J
1@
1N
0F
1.
1K
0G
#55860000
0!
0A
#55870000
1!
1A
1L
0I
0J
1M
1?
0@
0N
1F
0.
1-
1O
1G
0O
#55880000
0!
0A
#55890000
1!
1A
1I
1J
1@
1R
1N
0F
1.
0K
0G
1O
#55900000
0!
0A
#55910000
1!
1A
1P
0L
0I
0J
0M
1Q
1>
0?
0@
0R
0N
1F
0.
0-
1,
1S
1G
0S
#55920000
0!
0A
#55930000
1!
1A
1I
1J
1@
1N
0F
1.
1K
0G
#55940000
0!
0A
#55950000
1!
1A
1L
0I
0J
1M
1?
0@
0N
1F
0.
1-
0O
1G
1O
#55960000
0!
0A
#55970000
1!
1A
1I
1J
1@
1R
1N
0F
1.
0K
0G
0O
1S
#55980000
0!
0A
#55990000
1!
1A
1T
0P
0L
0I
0J
0M
0Q
1U
1=
0>
0?
0@
0R
0N
1F
0.
0-
0,
1+
1G
#56000000
0!
0A
#56010000
1!
1A
1I
1J
1@
1N
0F
1.
1K
0G
#56020000
0!
0A
#56030000
1!
1A
1L
0I
0J
1M
1?
0@
0N
1F
0.
1-
1O
1G
0O
#56040000
0!
0A
#56050000
1!
1A
1I
1J
1@
1R
1N
0F
1.
0K
0G
1O
#56060000
0!
0A
#56070000
1!
1A
1P
0L
0I
0J
0M
1Q
1>
0?
0@
0R
0N
1F
0.
0-
1,
0S
1G
1S
#56080000
0!
0A
#56090000
1!
1A
1I
1J
1@
1N
0F
1.
1K
0G
#56100000
0!
0A
#56110000
1!
1A
1L
0I
0J
1M
1?
0@
0N
1F
0.
1-
0O
1G
1O
#56120000
0!
0A
#56130000
1!
1A
1I
1J
1@
1Z
1V
1R
1N
0F
1.
0K
0G
0O
0S
1W
#56140000
0!
0A
#56150000
1!
1A
1X
0T
0P
0L
0I
0J
0M
0Q
0U
1Y
1<
0=
0>
0?
0@
0Z
0R
0N
1F
0.
0-
0,
0+
1*
0[
1G
1[
#56160000
0!
0A
#56170000
1!
1A
1I
1J
1@
1N
0F
1.
1K
0G
#56180000
0!
0A
#56190000
1!
1A
1L
0I
0J
1M
1?
0@
0N
1F
0.
1-
1O
1G
0O
#56200000
0!
0A
#56210000
1!
1A
1I
1J
1@
1R
1N
0F
1.
0K
0G
1O
#56220000
0!
0A
#56230000
1!
1A
1P
0L
0I
0J
0M
1Q
1>
0?
0@
0R
0N
1F
0.
0-
1,
1S
1G
0S
#56240000
0!
0A
#56250000
1!
1A
1I
1J
1@
1N
0F
1.
1K
0G
#56260000
0!
0A
#56270000
1!
1A
1L
0I
0J
1M
1?
0@
0N
1F
0.
1-
0O
1G
1O
#56280000
0!
0A
#56290000
1!
1A
1I
1J
1@
1R
1N
0F
1.
0K
0G
0O
1S
#56300000
0!
0A
#56310000
1!
1A
1T
0P
0L
0I
0J
0M
0Q
1U
1=
0>
0?
0@
0R
0N
1F
0.
0-
0,
1+
1G
#56320000
0!
0A
#56330000
1!
1A
1I
1J
1@
1N
0F
1.
1K
0G
#56340000
0!
0A
#56350000
1!
1A
1L
0I
0J
1M
1?
0@
0N
1F
0.
1-
1O
1G
0O
#56360000
0!
0A
#56370000
1!
1A
1I
1J
1@
1R
1N
0F
1.
0K
0G
1O
#56380000
0!
0A
#56390000
1!
1A
1P
0L
0I
0J
0M
1Q
1>
0?
0@
0R
0N
1F
0.
0-
1,
0S
1G
1S
#56400000
0!
0A
#56410000
1!
1A
1I
1J
1@
1N
0F
1.
1K
0G
#56420000
0!
0A
#56430000
1!
1A
1L
0I
0J
1M
1?
0@
0N
1F
0.
1-
0O
1G
1O
#56440000
0!
0A
#56450000
1!
1A
1I
1J
1@
1^
1Z
0V
1R
1N
0F
1.
0K
0G
0O
0S
0W
0[
1e
0b
0_
#56460000
0!
0A
#56470000
1!
1A
1f
0c
0`
0\
0X
0T
0P
0L
0I
0J
0M
0Q
0U
0Y
0]
0a
0d
1g
18
09
0:
0;
0<
0=
0>
0?
0@
0^
0Z
0R
0N
1F
0.
0-
0,
0+
0*
0)
0(
0'
1&
1G
#56480000
0!
0A
#56490000
1!
1A
1I
1J
1@
1N
0F
1.
1K
0G
#56500000
0!
0A
#56510000
1!
1A
1L
0I
0J
1M
1?
0@
0N
1F
0.
1-
1O
1G
0O
#56520000
0!
0A
#56530000
1!
1A
1I
1J
1@
1R
1N
0F
1.
0K
0G
1O
#56540000
0!
0A
#56550000
1!
1A
1P
0L
0I
0J
0M
1Q
1>
0?
0@
0R
0N
1F
0.
0-
1,
1S
1G
0S
#56560000
0!
0A
#56570000
1!
1A
1I
1J
1@
1N
0F
1.
1K
0G
#56580000
0!
0A
#56590000
1!
1A
1L
0I
0J
1M
1?
0@
0N
1F
0.
1-
0O
1G
1O
#56600000
0!
0A
#56610000
1!
1A
1I
1J
1@
1R
1N
0F
1.
0K
0G
0O
1S
#56620000
0!
0A
#56630000
1!
1A
1T
0P
0L
0I
0J
0M
0Q
1U
1=
0>
0?
0@
0R
0N
1F
0.
0-
0,
1+
1G
#56640000
0!
0A
#56650000
1!
1A
1I
1J
1@
1N
0F
1.
1K
0G
#56660000
0!
0A
#56670000
1!
1A
1L
0I
0J
1M
1?
0@
0N
1F
0.
1-
1O
1G
0O
#56680000
0!
0A
#56690000
1!
1A
1I
1J
1@
1R
1N
0F
1.
0K
0G
1O
#56700000
0!
0A
#56710000
1!
1A
1P
0L
0I
0J
0M
1Q
1>
0?
0@
0R
0N
1F
0.
0-
1,
0S
1G
1S
#56720000
0!
0A
#56730000
1!
1A
1I
1J
1@
1N
0F
1.
1K
0G
#56740000
0!
0A
#56750000
1!
1A
1L
0I
0J
1M
1?
0@
0N
1F
0.
1-
0O
1G
1O
#56760000
0!
0A
#56770000
1!
1A
1I
1J
1@
1Z
1V
1R
1N
0F
1.
0K
0G
0O
0S
1W
#56780000
0!
0A
#56790000
1!
1A
1X
0T
0P
0L
0I
0J
0M
0Q
0U
1Y
1<
0=
0>
0?
0@
0Z
0R
0N
1F
0.
0-
0,
0+
1*
1[
1G
0[
#56800000
0!
0A
#56810000
1!
1A
1I
1J
1@
1N
0F
1.
1K
0G
#56820000
0!
0A
#56830000
1!
1A
1L
0I
0J
1M
1?
0@
0N
1F
0.
1-
1O
1G
0O
#56840000
0!
0A
#56850000
1!
1A
1I
1J
1@
1R
1N
0F
1.
0K
0G
1O
#56860000
0!
0A
#56870000
1!
1A
1P
0L
0I
0J
0M
1Q
1>
0?
0@
0R
0N
1F
0.
0-
1,
1S
1G
0S
#56880000
0!
0A
#56890000
1!
1A
1I
1J
1@
1N
0F
1.
1K
0G
#56900000
0!
0A
#56910000
1!
1A
1L
0I
0J
1M
1?
0@
0N
1F
0.
1-
0O
1G
1O
#56920000
0!
0A
#56930000
1!
1A
1I
1J
1@
1R
1N
0F
1.
0K
0G
0O
1S
#56940000
0!
0A
#56950000
1!
1A
1T
0P
0L
0I
0J
0M
0Q
1U
1=
0>
0?
0@
0R
0N
1F
0.
0-
0,
1+
1G
#56960000
0!
0A
#56970000
1!
1A
1I
1J
1@
1N
0F
1.
1K
0G
#56980000
0!
0A
#56990000
1!
1A
1L
0I
0J
1M
1?
0@
0N
1F
0.
1-
1O
1G
0O
#57000000
0!
0A
#57010000
1!
1A
1I
1J
1@
1R
1N
0F
1.
0K
0G
1O
#57020000
0!
0A
#57030000
1!
1A
1P
0L
0I
0J
0M
1Q
1>
0?
0@
0R
0N
1F
0.
0-
1,
0S
1G
1S
#57040000
0!
0A
#57050000
1!
1A
1I
1J
1@
1N
0F
1.
1K
0G
#57060000
0!
0A
#57070000
1!
1A
1L
0I
0J
1M
1?
0@
0N
1F
0.
1-
0O
1G
1O
#57080000
0!
0A
#57090000
1!
1A
1I
1J
1@
1^
1Z
0V
1R
1N
0F
1.
0K
0G
0O
0S
0W
1[
#57100000
0!
0A
#57110000
1!
1A
1\
0X
0T
0P
0L
0I
0J
0M
0Q
0U
0Y
1]
1;
0<
0=
0>
0?
0@
1h
0^
0Z
0R
0N
1F
0.
0-
0,
0+
0*
1)
1_
1G
0_
#57120000
0!
0A
#57130000
1!
1A
1I
1J
1@
1N
0F
1.
1K
0G
#57140000
0!
0A
#57150000
1!
1A
1L
0I
0J
1M
1?
0@
0N
1F
0.
1-
1O
1G
0O
#57160000
0!
0A
#57170000
1!
1A
1I
1J
1@
1R
1N
0F
1.
0K
0G
1O
#57180000
0!
0A
#57190000
1!
1A
1P
0L
0I
0J
0M
1Q
1>
0?
0@
0R
0N
1F
0.
0-
1,
1S
1G
0S
#57200000
0!
0A
#57210000
1!
1A
1I
1J
1@
1N
0F
1.
1K
0G
#57220000
0!
0A
#57230000
1!
1A
1L
0I
0J
1M
1?
0@
0N
1F
0.
1-
0O
1G
1O
#57240000
0!
0A
#57250000
1!
1A
1I
1J
1@
1R
1N
0F
1.
0K
0G
0O
1S
#57260000
0!
0A
#57270000
1!
1A
1T
0P
0L
0I
0J
0M
0Q
1U
1=
0>
0?
0@
0R
0N
1F
0.
0-
0,
1+
1G
#57280000
0!
0A
#57290000
1!
1A
1I
1J
1@
1N
0F
1.
1K
0G
#57300000
0!
0A
#57310000
1!
1A
1L
0I
0J
1M
1?
0@
0N
1F
0.
1-
1O
1G
0O
#57320000
0!
0A
#57330000
1!
1A
1I
1J
1@
1R
1N
0F
1.
0K
0G
1O
#57340000
0!
0A
#57350000
1!
1A
1P
0L
0I
0J
0M
1Q
1>
0?
0@
0R
0N
1F
0.
0-
1,
0S
1G
1S
#57360000
0!
0A
#57370000
1!
1A
1I
1J
1@
1N
0F
1.
1K
0G
#57380000
0!
0A
#57390000
1!
1A
1L
0I
0J
1M
1?
0@
0N
1F
0.
1-
0O
1G
1O
#57400000
0!
0A
#57410000
1!
1A
1I
1J
1@
1Z
1V
1R
1N
0F
1.
0K
0G
0O
0S
1W
#57420000
0!
0A
#57430000
1!
1A
1X
0T
0P
0L
0I
0J
0M
0Q
0U
1Y
1<
0=
0>
0?
0@
0Z
0R
0N
1F
0.
0-
0,
0+
1*
0[
1G
1[
#57440000
0!
0A
#57450000
1!
1A
1I
1J
1@
1N
0F
1.
1K
0G
#57460000
0!
0A
#57470000
1!
1A
1L
0I
0J
1M
1?
0@
0N
1F
0.
1-
1O
1G
0O
#57480000
0!
0A
#57490000
1!
1A
1I
1J
1@
1R
1N
0F
1.
0K
0G
1O
#57500000
0!
0A
#57510000
1!
1A
1P
0L
0I
0J
0M
1Q
1>
0?
0@
0R
0N
1F
0.
0-
1,
1S
1G
0S
#57520000
0!
0A
#57530000
1!
1A
1I
1J
1@
1N
0F
1.
1K
0G
#57540000
0!
0A
#57550000
1!
1A
1L
0I
0J
1M
1?
0@
0N
1F
0.
1-
0O
1G
1O
#57560000
0!
0A
#57570000
1!
1A
1I
1J
1@
1R
1N
0F
1.
0K
0G
0O
1S
#57580000
0!
0A
#57590000
1!
1A
1T
0P
0L
0I
0J
0M
0Q
1U
1=
0>
0?
0@
0R
0N
1F
0.
0-
0,
1+
1G
#57600000
0!
0A
#57610000
1!
1A
1I
1J
1@
1N
0F
1.
1K
0G
#57620000
0!
0A
#57630000
1!
1A
1L
0I
0J
1M
1?
0@
0N
1F
0.
1-
1O
1G
0O
#57640000
0!
0A
#57650000
1!
1A
1I
1J
1@
1R
1N
0F
1.
0K
0G
1O
#57660000
0!
0A
#57670000
1!
1A
1P
0L
0I
0J
0M
1Q
1>
0?
0@
0R
0N
1F
0.
0-
1,
0S
1G
1S
#57680000
0!
0A
#57690000
1!
1A
1I
1J
1@
1N
0F
1.
1K
0G
#57700000
0!
0A
#57710000
1!
1A
1L
0I
0J
1M
1?
0@
0N
1F
0.
1-
0O
1G
1O
#57720000
0!
0A
#57730000
1!
1A
1I
1J
1@
1^
1Z
0V
1R
1N
0F
1.
0K
0G
0O
0S
0W
0[
1_
#57740000
0!
0A
#57750000
1!
1A
1`
0\
0X
0T
0P
0L
0I
0J
0M
0Q
0U
0Y
0]
1a
1:
0;
0<
0=
0>
0?
0@
0h
0^
0Z
0R
0N
1F
0.
0-
0,
0+
0*
0)
1(
1G
#57760000
0!
0A
#57770000
1!
1A
1I
1J
1@
1N
0F
1.
1K
0G
#57780000
0!
0A
#57790000
1!
1A
1L
0I
0J
1M
1?
0@
0N
1F
0.
1-
1O
1G
0O
#57800000
0!
0A
#57810000
1!
1A
1I
1J
1@
1R
1N
0F
1.
0K
0G
1O
#57820000
0!
0A
#57830000
1!
1A
1P
0L
0I
0J
0M
1Q
1>
0?
0@
0R
0N
1F
0.
0-
1,
1S
1G
0S
#57840000
0!
0A
#57850000
1!
1A
1I
1J
1@
1N
0F
1.
1K
0G
#57860000
0!
0A
#57870000
1!
1A
1L
0I
0J
1M
1?
0@
0N
1F
0.
1-
0O
1G
1O
#57880000
0!
0A
#57890000
1!
1A
1I
1J
1@
1R
1N
0F
1.
0K
0G
0O
1S
#57900000
0!
0A
#57910000
1!
1A
1T
0P
0L
0I
0J
0M
0Q
1U
1=
0>
0?
0@
0R
0N
1F
0.
0-
0,
1+
1G
#57920000
0!
0A
#57930000
1!
1A
1I
1J
1@
1N
0F
1.
1K
0G
#57940000
0!
0A
#57950000
1!
1A
1L
0I
0J
1M
1?
0@
0N
1F
0.
1-
1O
1G
0O
#57960000
0!
0A
#57970000
1!
1A
1I
1J
1@
1R
1N
0F
1.
0K
0G
1O
#57980000
0!
0A
#57990000
1!
1A
1P
0L
0I
0J
0M
1Q
1>
0?
0@
0R
0N
1F
0.
0-
1,
0S
1G
1S
#58000000
0!
0A
#58010000
1!
1A
1I
1J
1@
1N
0F
1.
1K
0G
#58020000
0!
0A
#58030000
1!
1A
1L
0I
0J
1M
1?
0@
0N
1F
0.
1-
0O
1G
1O
#58040000
0!
0A
#58050000
1!
1A
1I
1J
1@
1Z
1V
1R
1N
0F
1.
0K
0G
0O
0S
1W
#58060000
0!
0A
#58070000
1!
1A
1X
0T
0P
0L
0I
0J
0M
0Q
0U
1Y
1<
0=
0>
0?
0@
0Z
0R
0N
1F
0.
0-
0,
0+
1*
1[
1G
0[
#58080000
0!
0A
#58090000
1!
1A
1I
1J
1@
1N
0F
1.
1K
0G
#58100000
0!
0A
#58110000
1!
1A
1L
0I
0J
1M
1?
0@
0N
1F
0.
1-
1O
1G
0O
#58120000
0!
0A
#58130000
1!
1A
1I
1J
1@
1R
1N
0F
1.
0K
0G
1O
#58140000
0!
0A
#58150000
1!
1A
1P
0L
0I
0J
0M
1Q
1>
0?
0@
0R
0N
1F
0.
0-
1,
1S
1G
0S
#58160000
0!
0A
#58170000
1!
1A
1I
1J
1@
1N
0F
1.
1K
0G
#58180000
0!
0A
#58190000
1!
1A
1L
0I
0J
1M
1?
0@
0N
1F
0.
1-
0O
1G
1O
#58200000
0!
0A
#58210000
1!
1A
1I
1J
1@
1R
1N
0F
1.
0K
0G
0O
1S
#58220000
0!
0A
#58230000
1!
1A
1T
0P
0L
0I
0J
0M
0Q
1U
1=
0>
0?
0@
0R
0N
1F
0.
0-
0,
1+
1G
#58240000
0!
0A
#58250000
1!
1A
1I
1J
1@
1N
0F
1.
1K
0G
#58260000
0!
0A
#58270000
1!
1A
1L
0I
0J
1M
1?
0@
0N
1F
0.
1-
1O
1G
0O
#58280000
0!
0A
#58290000
1!
1A
1I
1J
1@
1R
1N
0F
1.
0K
0G
1O
#58300000
0!
0A
#58310000
1!
1A
1P
0L
0I
0J
0M
1Q
1>
0?
0@
0R
0N
1F
0.
0-
1,
0S
1G
1S
#58320000
0!
0A
#58330000
1!
1A
1I
1J
1@
1N
0F
1.
1K
0G
#58340000
0!
0A
#58350000
1!
1A
1L
0I
0J
1M
1?
0@
0N
1F
0.
1-
0O
1G
1O
#58360000
0!
0A
#58370000
1!
1A
1I
1J
1@
1^
1Z
0V
1R
1N
0F
1.
0K
0G
0O
0S
0W
1[
#58380000
0!
0A
#58390000
1!
1A
1\
0X
0T
0P
0L
0I
0J
0M
0Q
0U
0Y
1]
1;
0<
0=
0>
0?
0@
1h
0^
0Z
0R
0N
1F
0.
0-
0,
0+
0*
1)
1b
0_
1G
0b
1_
#58400000
0!
0A
#58410000
1!
1A
1I
1J
1@
1N
0F
1.
1K
0G
#58420000
0!
0A
#58430000
1!
1A
1L
0I
0J
1M
1?
0@
0N
1F
0.
1-
1O
1G
0O
#58440000
0!
0A
#58450000
1!
1A
1I
1J
1@
1R
1N
0F
1.
0K
0G
1O
#58460000
0!
0A
#58470000
1!
1A
1P
0L
0I
0J
0M
1Q
1>
0?
0@
0R
0N
1F
0.
0-
1,
1S
1G
0S
#58480000
0!
0A
#58490000
1!
1A
1I
1J
1@
1N
0F
1.
1K
0G
#58500000
0!
0A
#58510000
1!
1A
1L
0I
0J
1M
1?
0@
0N
1F
0.
1-
0O
1G
1O
#58520000
0!
0A
#58530000
1!
1A
1I
1J
1@
1R
1N
0F
1.
0K
0G
0O
1S
#58540000
0!
0A
#58550000
1!
1A
1T
0P
0L
0I
0J
0M
0Q
1U
1=
0>
0?
0@
0R
0N
1F
0.
0-
0,
1+
1G
#58560000
0!
0A
#58570000
1!
1A
1I
1J
1@
1N
0F
1.
1K
0G
#58580000
0!
0A
#58590000
1!
1A
1L
0I
0J
1M
1?
0@
0N
1F
0.
1-
1O
1G
0O
#58600000
0!
0A
#58610000
1!
1A
1I
1J
1@
1R
1N
0F
1.
0K
0G
1O
#58620000
0!
0A
#58630000
1!
1A
1P
0L
0I
0J
0M
1Q
1>
0?
0@
0R
0N
1F
0.
0-
1,
0S
1G
1S
#58640000
0!
0A
#58650000
1!
1A
1I
1J
1@
1N
0F
1.
1K
0G
#58660000
0!
0A
#58670000
1!
1A
1L
0I
0J
1M
1?
0@
0N
1F
0.
1-
0O
1G
1O
#58680000
0!
0A
#58690000
1!
1A
1I
1J
1@
1Z
1V
1R
1N
0F
1.
0K
0G
0O
0S
1W
#58700000
0!
0A
#58710000
1!
1A
1X
0T
0P
0L
0I
0J
0M
0Q
0U
1Y
1<
0=
0>
0?
0@
0Z
0R
0N
1F
0.
0-
0,
0+
1*
0[
1G
1[
#58720000
0!
0A
#58730000
1!
1A
1I
1J
1@
1N
0F
1.
1K
0G
#58740000
0!
0A
#58750000
1!
1A
1L
0I
0J
1M
1?
0@
0N
1F
0.
1-
1O
1G
0O
#58760000
0!
0A
#58770000
1!
1A
1I
1J
1@
1R
1N
0F
1.
0K
0G
1O
#58780000
0!
0A
#58790000
1!
1A
1P
0L
0I
0J
0M
1Q
1>
0?
0@
0R
0N
1F
0.
0-
1,
1S
1G
0S
#58800000
0!
0A
#58810000
1!
1A
1I
1J
1@
1N
0F
1.
1K
0G
#58820000
0!
0A
#58830000
1!
1A
1L
0I
0J
1M
1?
0@
0N
1F
0.
1-
0O
1G
1O
#58840000
0!
0A
#58850000
1!
1A
1I
1J
1@
1R
1N
0F
1.
0K
0G
0O
1S
#58860000
0!
0A
#58870000
1!
1A
1T
0P
0L
0I
0J
0M
0Q
1U
1=
0>
0?
0@
0R
0N
1F
0.
0-
0,
1+
1G
#58880000
0!
0A
#58890000
1!
1A
1I
1J
1@
1N
0F
1.
1K
0G
#58900000
0!
0A
#58910000
1!
1A
1L
0I
0J
1M
1?
0@
0N
1F
0.
1-
1O
1G
0O
#58920000
0!
0A
#58930000
1!
1A
1I
1J
1@
1R
1N
0F
1.
0K
0G
1O
#58940000
0!
0A
#58950000
1!
1A
1P
0L
0I
0J
0M
1Q
1>
0?
0@
0R
0N
1F
0.
0-
1,
0S
1G
1S
#58960000
0!
0A
#58970000
1!
1A
1I
1J
1@
1N
0F
1.
1K
0G
#58980000
0!
0A
#58990000
1!
1A
1L
0I
0J
1M
1?
0@
0N
1F
0.
1-
0O
1G
1O
#59000000
0!
0A
#59010000
1!
1A
1I
1J
1@
1^
1Z
0V
1R
1N
0F
1.
0K
0G
0O
0S
0W
0[
1b
0_
#59020000
0!
0A
#59030000
1!
1A
1c
0`
0\
0X
0T
0P
0L
0I
0J
0M
0Q
0U
0Y
0]
0a
1d
19
0:
0;
0<
0=
0>
0?
0@
0h
0^
0Z
0R
0N
1F
0.
0-
0,
0+
0*
0)
0(
1'
1G
#59040000
0!
0A
#59050000
1!
1A
1I
1J
1@
1N
0F
1.
1K
0G
#59060000
0!
0A
#59070000
1!
1A
1L
0I
0J
1M
1?
0@
0N
1F
0.
1-
1O
1G
0O
#59080000
0!
0A
#59090000
1!
1A
1I
1J
1@
1R
1N
0F
1.
0K
0G
1O
#59100000
0!
0A
#59110000
1!
1A
1P
0L
0I
0J
0M
1Q
1>
0?
0@
0R
0N
1F
0.
0-
1,
1S
1G
0S
#59120000
0!
0A
#59130000
1!
1A
1I
1J
1@
1N
0F
1.
1K
0G
#59140000
0!
0A
#59150000
1!
1A
1L
0I
0J
1M
1?
0@
0N
1F
0.
1-
0O
1G
1O
#59160000
0!
0A
#59170000
1!
1A
1I
1J
1@
1R
1N
0F
1.
0K
0G
0O
1S
#59180000
0!
0A
#59190000
1!
1A
1T
0P
0L
0I
0J
0M
0Q
1U
1=
0>
0?
0@
0R
0N
1F
0.
0-
0,
1+
1G
#59200000
0!
0A
#59210000
1!
1A
1I
1J
1@
1N
0F
1.
1K
0G
#59220000
0!
0A
#59230000
1!
1A
1L
0I
0J
1M
1?
0@
0N
1F
0.
1-
1O
1G
0O
#59240000
0!
0A
#59250000
1!
1A
1I
1J
1@
1R
1N
0F
1.
0K
0G
1O
#59260000
0!
0A
#59270000
1!
1A
1P
0L
0I
0J
0M
1Q
1>
0?
0@
0R
0N
1F
0.
0-
1,
0S
1G
1S
#59280000
0!
0A
#59290000
1!
1A
1I
1J
1@
1N
0F
1.
1K
0G
#59300000
0!
0A
#59310000
1!
1A
1L
0I
0J
1M
1?
0@
0N
1F
0.
1-
0O
1G
1O
#59320000
0!
0A
#59330000
1!
1A
1I
1J
1@
1Z
1V
1R
1N
0F
1.
0K
0G
0O
0S
1W
#59340000
0!
0A
#59350000
1!
1A
1X
0T
0P
0L
0I
0J
0M
0Q
0U
1Y
1<
0=
0>
0?
0@
0Z
0R
0N
1F
0.
0-
0,
0+
1*
1[
1G
0[
#59360000
0!
0A
#59370000
1!
1A
1I
1J
1@
1N
0F
1.
1K
0G
#59380000
0!
0A
#59390000
1!
1A
1L
0I
0J
1M
1?
0@
0N
1F
0.
1-
1O
1G
0O
#59400000
0!
0A
#59410000
1!
1A
1I
1J
1@
1R
1N
0F
1.
0K
0G
1O
#59420000
0!
0A
#59430000
1!
1A
1P
0L
0I
0J
0M
1Q
1>
0?
0@
0R
0N
1F
0.
0-
1,
1S
1G
0S
#59440000
0!
0A
#59450000
1!
1A
1I
1J
1@
1N
0F
1.
1K
0G
#59460000
0!
0A
#59470000
1!
1A
1L
0I
0J
1M
1?
0@
0N
1F
0.
1-
0O
1G
1O
#59480000
0!
0A
#59490000
1!
1A
1I
1J
1@
1R
1N
0F
1.
0K
0G
0O
1S
#59500000
0!
0A
#59510000
1!
1A
1T
0P
0L
0I
0J
0M
0Q
1U
1=
0>
0?
0@
0R
0N
1F
0.
0-
0,
1+
1G
#59520000
0!
0A
#59530000
1!
1A
1I
1J
1@
1N
0F
1.
1K
0G
#59540000
0!
0A
#59550000
1!
1A
1L
0I
0J
1M
1?
0@
0N
1F
0.
1-
1O
1G
0O
#59560000
0!
0A
#59570000
1!
1A
1I
1J
1@
1R
1N
0F
1.
0K
0G
1O
#59580000
0!
0A
#59590000
1!
1A
1P
0L
0I
0J
0M
1Q
1>
0?
0@
0R
0N
1F
0.
0-
1,
0S
1G
1S
#59600000
0!
0A
#59610000
1!
1A
1I
1J
1@
1N
0F
1.
1K
0G
#59620000
0!
0A
#59630000
1!
1A
1L
0I
0J
1M
1?
0@
0N
1F
0.
1-
0O
1G
1O
#59640000
0!
0A
#59650000
1!
1A
1I
1J
1@
1^
1Z
0V
1R
1N
0F
1.
0K
0G
0O
0S
0W
1[
#59660000
0!
0A
#59670000
1!
1A
1\
0X
0T
0P
0L
0I
0J
0M
0Q
0U
0Y
1]
1;
0<
0=
0>
0?
0@
1h
0^
0Z
0R
0N
1F
0.
0-
0,
0+
0*
1)
1_
1G
0_
#59680000
0!
0A
#59690000
1!
1A
1I
1J
1@
1N
0F
1.
1K
0G
#59700000
0!
0A
#59710000
1!
1A
1L
0I
0J
1M
1?
0@
0N
1F
0.
1-
1O
1G
0O
#59720000
0!
0A
#59730000
1!
1A
1I
1J
1@
1R
1N
0F
1.
0K
0G
1O
#59740000
0!
0A
#59750000
1!
1A
1P
0L
0I
0J
0M
1Q
1>
0?
0@
0R
0N
1F
0.
0-
1,
1S
1G
0S
#59760000
0!
0A
#59770000
1!
1A
1I
1J
1@
1N
0F
1.
1K
0G
#59780000
0!
0A
#59790000
1!
1A
1L
0I
0J
1M
1?
0@
0N
1F
0.
1-
0O
1G
1O
#59800000
0!
0A
#59810000
1!
1A
1I
1J
1@
1R
1N
0F
1.
0K
0G
0O
1S
#59820000
0!
0A
#59830000
1!
1A
1T
0P
0L
0I
0J
0M
0Q
1U
1=
0>
0?
0@
0R
0N
1F
0.
0-
0,
1+
1G
#59840000
0!
0A
#59850000
1!
1A
1I
1J
1@
1N
0F
1.
1K
0G
#59860000
0!
0A
#59870000
1!
1A
1L
0I
0J
1M
1?
0@
0N
1F
0.
1-
1O
1G
0O
#59880000
0!
0A
#59890000
1!
1A
1I
1J
1@
1R
1N
0F
1.
0K
0G
1O
#59900000
0!
0A
#59910000
1!
1A
1P
0L
0I
0J
0M
1Q
1>
0?
0@
0R
0N
1F
0.
0-
1,
0S
1G
1S
#59920000
0!
0A
#59930000
1!
1A
1I
1J
1@
1N
0F
1.
1K
0G
#59940000
0!
0A
#59950000
1!
1A
1L
0I
0J
1M
1?
0@
0N
1F
0.
1-
0O
1G
1O
#59960000
0!
0A
#59970000
1!
1A
1I
1J
1@
1Z
1V
1R
1N
0F
1.
0K
0G
0O
0S
1W
#59980000
0!
0A
#59990000
1!
1A
1X
0T
0P
0L
0I
0J
0M
0Q
0U
1Y
1<
0=
0>
0?
0@
0Z
0R
0N
1F
0.
0-
0,
0+
1*
0[
1G
1[
#60000000
0!
0A
#60010000
1!
1A
1I
1J
1@
1N
0F
1.
1K
0G
#60020000
0!
0A
#60030000
1!
1A
1L
0I
0J
1M
1?
0@
0N
1F
0.
1-
1O
1G
0O
#60040000
0!
0A
#60050000
1!
1A
1I
1J
1@
1R
1N
0F
1.
0K
0G
1O
#60060000
0!
0A
#60070000
1!
1A
1P
0L
0I
0J
0M
1Q
1>
0?
0@
0R
0N
1F
0.
0-
1,
1S
1G
0S
#60080000
0!
0A
#60090000
1!
1A
1I
1J
1@
1N
0F
1.
1K
0G
#60100000
0!
0A
#60110000
1!
1A
1L
0I
0J
1M
1?
0@
0N
1F
0.
1-
0O
1G
1O
#60120000
0!
0A
#60130000
1!
1A
1I
1J
1@
1R
1N
0F
1.
0K
0G
0O
1S
#60140000
0!
0A
#60150000
1!
1A
1T
0P
0L
0I
0J
0M
0Q
1U
1=
0>
0?
0@
0R
0N
1F
0.
0-
0,
1+
1G
#60160000
0!
0A
#60170000
1!
1A
1I
1J
1@
1N
0F
1.
1K
0G
#60180000
0!
0A
#60190000
1!
1A
1L
0I
0J
1M
1?
0@
0N
1F
0.
1-
1O
1G
0O
#60200000
0!
0A
#60210000
1!
1A
1I
1J
1@
1R
1N
0F
1.
0K
0G
1O
#60220000
0!
0A
#60230000
1!
1A
1P
0L
0I
0J
0M
1Q
1>
0?
0@
0R
0N
1F
0.
0-
1,
0S
1G
1S
#60240000
0!
0A
#60250000
1!
1A
1I
1J
1@
1N
0F
1.
1K
0G
#60260000
0!
0A
#60270000
1!
1A
1L
0I
0J
1M
1?
0@
0N
1F
0.
1-
0O
1G
1O
#60280000
0!
0A
#60290000
1!
1A
1I
1J
1@
1^
1Z
0V
1R
1N
0F
1.
0K
0G
0O
0S
0W
0[
1_
#60300000
0!
0A
#60310000
1!
1A
1`
0\
0X
0T
0P
0L
0I
0J
0M
0Q
0U
0Y
0]
1a
1:
0;
0<
0=
0>
0?
0@
0h
0^
0Z
0R
0N
1F
0.
0-
0,
0+
0*
0)
1(
0i
1G
1i
#60320000
0!
0A
#60330000
1!
1A
1I
1J
1@
1N
0F
1.
1K
0G
#60340000
0!
0A
#60350000
1!
1A
1L
0I
0J
1M
1?
0@
0N
1F
0.
1-
1O
1G
0O
#60360000
0!
0A
#60370000
1!
1A
1I
1J
1@
1R
1N
0F
1.
0K
0G
1O
#60380000
0!
0A
#60390000
1!
1A
1P
0L
0I
0J
0M
1Q
1>
0?
0@
0R
0N
1F
0.
0-
1,
1S
1G
0S
#60400000
0!
0A
#60410000
1!
1A
1I
1J
1@
1N
0F
1.
1K
0G
#60420000
0!
0A
#60430000
1!
1A
1L
0I
0J
1M
1?
0@
0N
1F
0.
1-
0O
1G
1O
#60440000
0!
0A
#60450000
1!
1A
1I
1J
1@
1R
1N
0F
1.
0K
0G
0O
1S
#60460000
0!
0A
#60470000
1!
1A
1T
0P
0L
0I
0J
0M
0Q
1U
1=
0>
0?
0@
0R
0N
1F
0.
0-
0,
1+
1G
#60480000
0!
0A
#60490000
1!
1A
1I
1J
1@
1N
0F
1.
1K
0G
#60500000
0!
0A
#60510000
1!
1A
1L
0I
0J
1M
1?
0@
0N
1F
0.
1-
1O
1G
0O
#60520000
0!
0A
#60530000
1!
1A
1I
1J
1@
1R
1N
0F
1.
0K
0G
1O
#60540000
0!
0A
#60550000
1!
1A
1P
0L
0I
0J
0M
1Q
1>
0?
0@
0R
0N
1F
0.
0-
1,
0S
1G
1S
#60560000
0!
0A
#60570000
1!
1A
1I
1J
1@
1N
0F
1.
1K
0G
#60580000
0!
0A
#60590000
1!
1A
1L
0I
0J
1M
1?
0@
0N
1F
0.
1-
0O
1G
1O
#60600000
0!
0A
#60610000
1!
1A
1I
1J
1@
1Z
1V
1R
1N
0F
1.
0K
0G
0O
0S
1W
#60620000
0!
0A
#60630000
1!
1A
1X
0T
0P
0L
0I
0J
0M
0Q
0U
1Y
1<
0=
0>
0?
0@
0Z
0R
0N
1F
0.
0-
0,
0+
1*
1[
1G
0[
#60640000
0!
0A
#60650000
1!
1A
1I
1J
1@
1N
0F
1.
1K
0G
#60660000
0!
0A
#60670000
1!
1A
1L
0I
0J
1M
1?
0@
0N
1F
0.
1-
1O
1G
0O
#60680000
0!
0A
#60690000
1!
1A
1I
1J
1@
1R
1N
0F
1.
0K
0G
1O
#60700000
0!
0A
#60710000
1!
1A
1P
0L
0I
0J
0M
1Q
1>
0?
0@
0R
0N
1F
0.
0-
1,
1S
1G
0S
#60720000
0!
0A
#60730000
1!
1A
1I
1J
1@
1N
0F
1.
1K
0G
#60740000
0!
0A
#60750000
1!
1A
1L
0I
0J
1M
1?
0@
0N
1F
0.
1-
0O
1G
1O
#60760000
0!
0A
#60770000
1!
1A
1I
1J
1@
1R
1N
0F
1.
0K
0G
0O
1S
#60780000
0!
0A
#60790000
1!
1A
1T
0P
0L
0I
0J
0M
0Q
1U
1=
0>
0?
0@
0R
0N
1F
0.
0-
0,
1+
1G
#60800000
0!
0A
#60810000
1!
1A
1I
1J
1@
1N
0F
1.
1K
0G
#60820000
0!
0A
#60830000
1!
1A
1L
0I
0J
1M
1?
0@
0N
1F
0.
1-
1O
1G
0O
#60840000
0!
0A
#60850000
1!
1A
1I
1J
1@
1R
1N
0F
1.
0K
0G
1O
#60860000
0!
0A
#60870000
1!
1A
1P
0L
0I
0J
0M
1Q
1>
0?
0@
0R
0N
1F
0.
0-
1,
0S
1G
1S
#60880000
0!
0A
#60890000
1!
1A
1I
1J
1@
1N
0F
1.
1K
0G
#60900000
0!
0A
#60910000
1!
1A
1L
0I
0J
1M
1?
0@
0N
1F
0.
1-
0O
1G
1O
#60920000
0!
0A
#60930000
1!
1A
1I
1J
1@
1^
1Z
0V
1R
1N
0F
1.
0K
0G
0O
0S
0W
1[
#60940000
0!
0A
#60950000
1!
1A
1\
0X
0T
0P
0L
0I
0J
0M
0Q
0U
0Y
1]
1;
0<
0=
0>
0?
0@
1h
0^
0Z
0R
0N
1F
0.
0-
0,
0+
0*
1)
1l
0e
0b
0_
16
1/
1G
0l
1e
1b
1_
06
0/
#60960000
0!
0A
#60970000
1!
1A
1I
1J
1@
1N
0F
1.
1K
0G
#60980000
0!
0A
#60990000
1!
1A
1L
0I
0J
1M
1?
0@
0N
1F
0.
1-
1O
1G
0O
#61000000
0!
0A
#61010000
1!
1A
1I
1J
1@
1R
1N
0F
1.
0K
0G
1O
#61020000
0!
0A
#61030000
1!
1A
1P
0L
0I
0J
0M
1Q
1>
0?
0@
0R
0N
1F
0.
0-
1,
1S
1G
0S
#61040000
0!
0A
#61050000
1!
1A
1I
1J
1@
1N
0F
1.
1K
0G
#61060000
0!
0A
#61070000
1!
1A
1L
0I
0J
1M
1?
0@
0N
1F
0.
1-
0O
1G
1O
#61080000
0!
0A
#61090000
1!
1A
1I
1J
1@
1R
1N
0F
1.
0K
0G
0O
1S
#61100000
0!
0A
#61110000
1!
1A
1T
0P
0L
0I
0J
0M
0Q
1U
1=
0>
0?
0@
0R
0N
1F
0.
0-
0,
1+
1G
#61120000
0!
0A
#61130000
1!
1A
1I
1J
1@
1N
0F
1.
1K
0G
#61140000
0!
0A
#61150000
1!
1A
1L
0I
0J
1M
1?
0@
0N
1F
0.
1-
1O
1G
0O
#61160000
0!
0A
#61170000
1!
1A
1I
1J
1@
1R
1N
0F
1.
0K
0G
1O
#61180000
0!
0A
#61190000
1!
1A
1P
0L
0I
0J
0M
1Q
1>
0?
0@
0R
0N
1F
0.
0-
1,
0S
1G
1S
#61200000
0!
0A
#61210000
1!
1A
1I
1J
1@
1N
0F
1.
1K
0G
#61220000
0!
0A
#61230000
1!
1A
1L
0I
0J
1M
1?
0@
0N
1F
0.
1-
0O
1G
1O
#61240000
0!
0A
#61250000
1!
1A
1I
1J
1@
1Z
1V
1R
1N
0F
1.
0K
0G
0O
0S
1W
#61260000
0!
0A
#61270000
1!
1A
1X
0T
0P
0L
0I
0J
0M
0Q
0U
1Y
1<
0=
0>
0?
0@
0Z
0R
0N
1F
0.
0-
0,
0+
1*
0[
1G
1[
#61280000
0!
0A
#61290000
1!
1A
1I
1J
1@
1N
0F
1.
1K
0G
#61300000
0!
0A
#61310000
1!
1A
1L
0I
0J
1M
1?
0@
0N
1F
0.
1-
1O
1G
0O
#61320000
0!
0A
#61330000
1!
1A
1I
1J
1@
1R
1N
0F
1.
0K
0G
1O
#61340000
0!
0A
#61350000
1!
1A
1P
0L
0I
0J
0M
1Q
1>
0?
0@
0R
0N
1F
0.
0-
1,
1S
1G
0S
#61360000
0!
0A
#61370000
1!
1A
1I
1J
1@
1N
0F
1.
1K
0G
#61380000
0!
0A
#61390000
1!
1A
1L
0I
0J
1M
1?
0@
0N
1F
0.
1-
0O
1G
1O
#61400000
0!
0A
#61410000
1!
1A
1I
1J
1@
1R
1N
0F
1.
0K
0G
0O
1S
#61420000
0!
0A
#61430000
1!
1A
1T
0P
0L
0I
0J
0M
0Q
1U
1=
0>
0?
0@
0R
0N
1F
0.
0-
0,
1+
1G
#61440000
0!
0A
#61450000
1!
1A
1I
1J
1@
1N
0F
1.
1K
0G
#61460000
0!
0A
#61470000
1!
1A
1L
0I
0J
1M
1?
0@
0N
1F
0.
1-
1O
1G
0O
#61480000
0!
0A
#61490000
1!
1A
1I
1J
1@
1R
1N
0F
1.
0K
0G
1O
#61500000
0!
0A
#61510000
1!
1A
1P
0L
0I
0J
0M
1Q
1>
0?
0@
0R
0N
1F
0.
0-
1,
0S
1G
1S
#61520000
0!
0A
#61530000
1!
1A
1I
1J
1@
1N
0F
1.
1K
0G
#61540000
0!
0A
#61550000
1!
1A
1L
0I
0J
1M
1?
0@
0N
1F
0.
1-
0O
1G
1O
#61560000
0!
0A
#61570000
1!
1A
1I
1J
1@
1^
1Z
0V
1R
1N
0F
1.
0K
0G
0O
0S
0W
0[
1l
0i
0e
0b
0_
16
1/
#61580000
0!
0A
#61590000
1!
1A
0j
0f
0c
0`
0\
0X
0T
0P
0L
0I
0J
0M
0Q
0U
0Y
0]
0a
0d
0g
0k
07
08
09
0:
0;
0<
0=
0>
0?
0@
0h
0^
0Z
0R
0N
1F
0.
0-
0,
0+
0*
0)
0(
0'
0&
0%
0l
06
0/
1G
#61600000
0!
0A
#61610000
1!
1A
1I
1J
1@
1N
0F
1.
1K
0G
#61620000
0!
0A
#61630000
1!
1A
1L
0I
0J
1M
1?
0@
0N
1F
0.
1-
1O
1G
0O
#61640000
0!
0A
#61650000
1!
1A
1I
1J
1@
1R
1N
0F
1.
0K
0G
1O
#61660000
0!
0A
#61670000
1!
1A
1P
0L
0I
0J
0M
1Q
1>
0?
0@
0R
0N
1F
0.
0-
1,
1S
1G
0S
#61680000
0!
0A
#61690000
1!
1A
1I
1J
1@
1N
0F
1.
1K
0G
#61700000
0!
0A
#61710000
1!
1A
1L
0I
0J
1M
1?
0@
0N
1F
0.
1-
0O
1G
1O
#61720000
0!
0A
#61730000
1!
1A
1I
1J
1@
1R
1N
0F
1.
0K
0G
0O
1S
#61740000
0!
0A
#61750000
1!
1A
1T
0P
0L
0I
0J
0M
0Q
1U
1=
0>
0?
0@
0R
0N
1F
0.
0-
0,
1+
1G
#61760000
0!
0A
#61770000
1!
1A
1I
1J
1@
1N
0F
1.
1K
0G
#61780000
0!
0A
#61790000
1!
1A
1L
0I
0J
1M
1?
0@
0N
1F
0.
1-
1O
1G
0O
#61800000
0!
0A
#61810000
1!
1A
1I
1J
1@
1R
1N
0F
1.
0K
0G
1O
#61820000
0!
0A
#61830000
1!
1A
1P
0L
0I
0J
0M
1Q
1>
0?
0@
0R
0N
1F
0.
0-
1,
0S
1G
1S
#61840000
0!
0A
#61850000
1!
1A
1I
1J
1@
1N
0F
1.
1K
0G
#61860000
0!
0A
#61870000
1!
1A
1L
0I
0J
1M
1?
0@
0N
1F
0.
1-
0O
1G
1O
#61880000
0!
0A
#61890000
1!
1A
1I
1J
1@
1Z
1V
1R
1N
0F
1.
0K
0G
0O
0S
1W
#61900000
0!
0A
#61910000
1!
1A
1X
0T
0P
0L
0I
0J
0M
0Q
0U
1Y
1<
0=
0>
0?
0@
0Z
0R
0N
1F
0.
0-
0,
0+
1*
1[
1G
0[
#61920000
0!
0A
#61930000
1!
1A
1I
1J
1@
1N
0F
1.
1K
0G
#61940000
0!
0A
#61950000
1!
1A
1L
0I
0J
1M
1?
0@
0N
1F
0.
1-
1O
1G
0O
#61960000
0!
0A
#61970000
1!
1A
1I
1J
1@
1R
1N
0F
1.
0K
0G
1O
#61980000
0!
0A
#61990000
1!
1A
1P
0L
0I
0J
0M
1Q
1>
0?
0@
0R
0N
1F
0.
0-
1,
1S
1G
0S
#62000000
0!
0A
#62010000
1!
1A
1I
1J
1@
1N
0F
1.
1K
0G
#62020000
0!
0A
#62030000
1!
1A
1L
0I
0J
1M
1?
0@
0N
1F
0.
1-
0O
1G
1O
#62040000
0!
0A
#62050000
1!
1A
1I
1J
1@
1R
1N
0F
1.
0K
0G
0O
1S
#62060000
0!
0A
#62070000
1!
1A
1T
0P
0L
0I
0J
0M
0Q
1U
1=
0>
0?
0@
0R
0N
1F
0.
0-
0,
1+
1G
#62080000
0!
0A
#62090000
1!
1A
1I
1J
1@
1N
0F
1.
1K
0G
#62100000
0!
0A
#62110000
1!
1A
1L
0I
0J
1M
1?
0@
0N
1F
0.
1-
1O
1G
0O
#62120000
0!
0A
#62130000
1!
1A
1I
1J
1@
1R
1N
0F
1.
0K
0G
1O
#62140000
0!
0A
#62150000
1!
1A
1P
0L
0I
0J
0M
1Q
1>
0?
0@
0R
0N
1F
0.
0-
1,
0S
1G
1S
#62160000
0!
0A
#62170000
1!
1A
1I
1J
1@
1N
0F
1.
1K
0G
#62180000
0!
0A
#62190000
1!
1A
1L
0I
0J
1M
1?
0@
0N
1F
0.
1-
0O
1G
1O
#62200000
0!
0A
#62210000
1!
1A
1I
1J
1@
1^
1Z
0V
1R
1N
0F
1.
0K
0G
0O
0S
0W
1[
#62220000
0!
0A
#62230000
1!
1A
1\
0X
0T
0P
0L
0I
0J
0M
0Q
0U
0Y
1]
1;
0<
0=
0>
0?
0@
0^
0Z
0R
0N
1F
0.
0-
0,
0+
0*
1)
1_
1G
0_
#62240000
0!
0A
#62250000
1!
1A
1I
1J
1@
1N
0F
1.
1K
0G
#62260000
0!
0A
#62270000
1!
1A
1L
0I
0J
1M
1?
0@
0N
1F
0.
1-
1O
1G
0O
#62280000
0!
0A
#62290000
1!
1A
1I
1J
1@
1R
1N
0F
1.
0K
0G
1O
#62300000
0!
0A
#62310000
1!
1A
1P
0L
0I
0J
0M
1Q
1>
0?
0@
0R
0N
1F
0.
0-
1,
1S
1G
0S
#62320000
0!
0A
#62330000
1!
1A
1I
1J
1@
1N
0F
1.
1K
0G
#62340000
0!
0A
#62350000
1!
1A
1L
0I
0J
1M
1?
0@
0N
1F
0.
1-
0O
1G
1O
#62360000
0!
0A
#62370000
1!
1A
1I
1J
1@
1R
1N
0F
1.
0K
0G
0O
1S
#62380000
0!
0A
#62390000
1!
1A
1T
0P
0L
0I
0J
0M
0Q
1U
1=
0>
0?
0@
0R
0N
1F
0.
0-
0,
1+
1G
#62400000
0!
0A
#62410000
1!
1A
1I
1J
1@
1N
0F
1.
1K
0G
#62420000
0!
0A
#62430000
1!
1A
1L
0I
0J
1M
1?
0@
0N
1F
0.
1-
1O
1G
0O
#62440000
0!
0A
#62450000
1!
1A
1I
1J
1@
1R
1N
0F
1.
0K
0G
1O
#62460000
0!
0A
#62470000
1!
1A
1P
0L
0I
0J
0M
1Q
1>
0?
0@
0R
0N
1F
0.
0-
1,
0S
1G
1S
#62480000
0!
0A
#62490000
1!
1A
1I
1J
1@
1N
0F
1.
1K
0G
#62500000
0!
0A
#62510000
1!
1A
1L
0I
0J
1M
1?
0@
0N
1F
0.
1-
0O
1G
1O
#62520000
0!
0A
#62530000
1!
1A
1I
1J
1@
1Z
1V
1R
1N
0F
1.
0K
0G
0O
0S
1W
#62540000
0!
0A
#62550000
1!
1A
1X
0T
0P
0L
0I
0J
0M
0Q
0U
1Y
1<
0=
0>
0?
0@
0Z
0R
0N
1F
0.
0-
0,
0+
1*
0[
1G
1[
#62560000
0!
0A
#62570000
1!
1A
1I
1J
1@
1N
0F
1.
1K
0G
#62580000
0!
0A
#62590000
1!
1A
1L
0I
0J
1M
1?
0@
0N
1F
0.
1-
1O
1G
0O
#62600000
0!
0A
#62610000
1!
1A
1I
1J
1@
1R
1N
0F
1.
0K
0G
1O
#62620000
0!
0A
#62630000
1!
1A
1P
0L
0I
0J
0M
1Q
1>
0?
0@
0R
0N
1F
0.
0-
1,
1S
1G
0S
#62640000
0!
0A
#62650000
1!
1A
1I
1J
1@
1N
0F
1.
1K
0G
#62660000
0!
0A
#62670000
1!
1A
1L
0I
0J
1M
1?
0@
0N
1F
0.
1-
0O
1G
1O
#62680000
0!
0A
#62690000
1!
1A
1I
1J
1@
1R
1N
0F
1.
0K
0G
0O
1S
#62700000
0!
0A
#62710000
1!
1A
1T
0P
0L
0I
0J
0M
0Q
1U
1=
0>
0?
0@
0R
0N
1F
0.
0-
0,
1+
1G
#62720000
0!
0A
#62730000
1!
1A
1I
1J
1@
1N
0F
1.
1K
0G
#62740000
0!
0A
#62750000
1!
1A
1L
0I
0J
1M
1?
0@
0N
1F
0.
1-
1O
1G
0O
#62760000
0!
0A
#62770000
1!
1A
1I
1J
1@
1R
1N
0F
1.
0K
0G
1O
#62780000
0!
0A
#62790000
1!
1A
1P
0L
0I
0J
0M
1Q
1>
0?
0@
0R
0N
1F
0.
0-
1,
0S
1G
1S
#62800000
0!
0A
#62810000
1!
1A
1I
1J
1@
1N
0F
1.
1K
0G
#62820000
0!
0A
#62830000
1!
1A
1L
0I
0J
1M
1?
0@
0N
1F
0.
1-
0O
1G
1O
#62840000
0!
0A
#62850000
1!
1A
1I
1J
1@
1^
1Z
0V
1R
1N
0F
1.
0K
0G
0O
0S
0W
0[
1_
#62860000
0!
0A
#62870000
1!
1A
1`
0\
0X
0T
0P
0L
0I
0J
0M
0Q
0U
0Y
0]
1a
1:
0;
0<
0=
0>
0?
0@
0^
0Z
0R
0N
1F
0.
0-
0,
0+
0*
0)
1(
1G
#62880000
0!
0A
#62890000
1!
1A
1I
1J
1@
1N
0F
1.
1K
0G
#62900000
0!
0A
#62910000
1!
1A
1L
0I
0J
1M
1?
0@
0N
1F
0.
1-
1O
1G
0O
#62920000
0!
0A
#62930000
1!
1A
1I
1J
1@
1R
1N
0F
1.
0K
0G
1O
#62940000
0!
0A
#62950000
1!
1A
1P
0L
0I
0J
0M
1Q
1>
0?
0@
0R
0N
1F
0.
0-
1,
1S
1G
0S
#62960000
0!
0A
#62970000
1!
1A
1I
1J
1@
1N
0F
1.
1K
0G
#62980000
0!
0A
#62990000
1!
1A
1L
0I
0J
1M
1?
0@
0N
1F
0.
1-
0O
1G
1O
#63000000
0!
0A
#63010000
1!
1A
1I
1J
1@
1R
1N
0F
1.
0K
0G
0O
1S
#63020000
0!
0A
#63030000
1!
1A
1T
0P
0L
0I
0J
0M
0Q
1U
1=
0>
0?
0@
0R
0N
1F
0.
0-
0,
1+
1G
#63040000
0!
0A
#63050000
1!
1A
1I
1J
1@
1N
0F
1.
1K
0G
#63060000
0!
0A
#63070000
1!
1A
1L
0I
0J
1M
1?
0@
0N
1F
0.
1-
1O
1G
0O
#63080000
0!
0A
#63090000
1!
1A
1I
1J
1@
1R
1N
0F
1.
0K
0G
1O
#63100000
0!
0A
#63110000
1!
1A
1P
0L
0I
0J
0M
1Q
1>
0?
0@
0R
0N
1F
0.
0-
1,
0S
1G
1S
#63120000
0!
0A
#63130000
1!
1A
1I
1J
1@
1N
0F
1.
1K
0G
#63140000
0!
0A
#63150000
1!
1A
1L
0I
0J
1M
1?
0@
0N
1F
0.
1-
0O
1G
1O
#63160000
0!
0A
#63170000
1!
1A
1I
1J
1@
1Z
1V
1R
1N
0F
1.
0K
0G
0O
0S
1W
#63180000
0!
0A
#63190000
1!
1A
1X
0T
0P
0L
0I
0J
0M
0Q
0U
1Y
1<
0=
0>
0?
0@
0Z
0R
0N
1F
0.
0-
0,
0+
1*
1[
1G
0[
#63200000
0!
0A
#63210000
1!
1A
1I
1J
1@
1N
0F
1.
1K
0G
#63220000
0!
0A
#63230000
1!
1A
1L
0I
0J
1M
1?
0@
0N
1F
0.
1-
1O
1G
0O
#63240000
0!
0A
#63250000
1!
1A
1I
1J
1@
1R
1N
0F
1.
0K
0G
1O
#63260000
0!
0A
#63270000
1!
1A
1P
0L
0I
0J
0M
1Q
1>
0?
0@
0R
0N
1F
0.
0-
1,
1S
1G
0S
#63280000
0!
0A
#63290000
1!
1A
1I
1J
1@
1N
0F
1.
1K
0G
#63300000
0!
0A
#63310000
1!
1A
1L
0I
0J
1M
1?
0@
0N
1F
0.
1-
0O
1G
1O
#63320000
0!
0A
#63330000
1!
1A
1I
1J
1@
1R
1N
0F
1.
0K
0G
0O
1S
#63340000
0!
0A
#63350000
1!
1A
1T
0P
0L
0I
0J
0M
0Q
1U
1=
0>
0?
0@
0R
0N
1F
0.
0-
0,
1+
1G
#63360000
0!
0A
#63370000
1!
1A
1I
1J
1@
1N
0F
1.
1K
0G
#63380000
0!
0A
#63390000
1!
1A
1L
0I
0J
1M
1?
0@
0N
1F
0.
1-
1O
1G
0O
#63400000
0!
0A
#63410000
1!
1A
1I
1J
1@
1R
1N
0F
1.
0K
0G
1O
#63420000
0!
0A
#63430000
1!
1A
1P
0L
0I
0J
0M
1Q
1>
0?
0@
0R
0N
1F
0.
0-
1,
0S
1G
1S
#63440000
0!
0A
#63450000
1!
1A
1I
1J
1@
1N
0F
1.
1K
0G
#63460000
0!
0A
#63470000
1!
1A
1L
0I
0J
1M
1?
0@
0N
1F
0.
1-
0O
1G
1O
#63480000
0!
0A
#63490000
1!
1A
1I
1J
1@
1^
1Z
0V
1R
1N
0F
1.
0K
0G
0O
0S
0W
1[
#63500000
0!
0A
#63510000
1!
1A
1\
0X
0T
0P
0L
0I
0J
0M
0Q
0U
0Y
1]
1;
0<
0=
0>
0?
0@
0^
0Z
0R
0N
1F
0.
0-
0,
0+
0*
1)
1b
0_
1G
0b
1_
#63520000
0!
0A
#63530000
1!
1A
1I
1J
1@
1N
0F
1.
1K
0G
#63540000
0!
0A
#63550000
1!
1A
1L
0I
0J
1M
1?
0@
0N
1F
0.
1-
1O
1G
0O
#63560000
0!
0A
#63570000
1!
1A
1I
1J
1@
1R
1N
0F
1.
0K
0G
1O
#63580000
0!
0A
#63590000
1!
1A
1P
0L
0I
0J
0M
1Q
1>
0?
0@
0R
0N
1F
0.
0-
1,
1S
1G
0S
#63600000
0!
0A
#63610000
1!
1A
1I
1J
1@
1N
0F
1.
1K
0G
#63620000
0!
0A
#63630000
1!
1A
1L
0I
0J
1M
1?
0@
0N
1F
0.
1-
0O
1G
1O
#63640000
0!
0A
#63650000
1!
1A
1I
1J
1@
1R
1N
0F
1.
0K
0G
0O
1S
#63660000
0!
0A
#63670000
1!
1A
1T
0P
0L
0I
0J
0M
0Q
1U
1=
0>
0?
0@
0R
0N
1F
0.
0-
0,
1+
1G
#63680000
0!
0A
#63690000
1!
1A
1I
1J
1@
1N
0F
1.
1K
0G
#63700000
0!
0A
#63710000
1!
1A
1L
0I
0J
1M
1?
0@
0N
1F
0.
1-
1O
1G
0O
#63720000
0!
0A
#63730000
1!
1A
1I
1J
1@
1R
1N
0F
1.
0K
0G
1O
#63740000
0!
0A
#63750000
1!
1A
1P
0L
0I
0J
0M
1Q
1>
0?
0@
0R
0N
1F
0.
0-
1,
0S
1G
1S
#63760000
0!
0A
#63770000
1!
1A
1I
1J
1@
1N
0F
1.
1K
0G
#63780000
0!
0A
#63790000
1!
1A
1L
0I
0J
1M
1?
0@
0N
1F
0.
1-
0O
1G
1O
#63800000
0!
0A
#63810000
1!
1A
1I
1J
1@
1Z
1V
1R
1N
0F
1.
0K
0G
0O
0S
1W
#63820000
0!
0A
#63830000
1!
1A
1X
0T
0P
0L
0I
0J
0M
0Q
0U
1Y
1<
0=
0>
0?
0@
0Z
0R
0N
1F
0.
0-
0,
0+
1*
0[
1G
1[
#63840000
0!
0A
#63850000
1!
1A
1I
1J
1@
1N
0F
1.
1K
0G
#63860000
0!
0A
#63870000
1!
1A
1L
0I
0J
1M
1?
0@
0N
1F
0.
1-
1O
1G
0O
#63880000
0!
0A
#63890000
1!
1A
1I
1J
1@
1R
1N
0F
1.
0K
0G
1O
#63900000
0!
0A
#63910000
1!
1A
1P
0L
0I
0J
0M
1Q
1>
0?
0@
0R
0N
1F
0.
0-
1,
1S
1G
0S
#63920000
0!
0A
#63930000
1!
1A
1I
1J
1@
1N
0F
1.
1K
0G
#63940000
0!
0A
#63950000
1!
1A
1L
0I
0J
1M
1?
0@
0N
1F
0.
1-
0O
1G
1O
#63960000
0!
0A
#63970000
1!
1A
1I
1J
1@
1R
1N
0F
1.
0K
0G
0O
1S
#63980000
0!
0A
#63990000
1!
1A
1T
0P
0L
0I
0J
0M
0Q
1U
1=
0>
0?
0@
0R
0N
1F
0.
0-
0,
1+
1G
#64000000
0!
0A
#64010000
1!
1A
1I
1J
1@
1N
0F
1.
1K
0G
#64020000
0!
0A
#64030000
1!
1A
1L
0I
0J
1M
1?
0@
0N
1F
0.
1-
1O
1G
0O
#64040000
0!
0A
#64050000
1!
1A
1I
1J
1@
1R
1N
0F
1.
0K
0G
1O
#64060000
0!
0A
#64070000
1!
1A
1P
0L
0I
0J
0M
1Q
1>
0?
0@
0R
0N
1F
0.
0-
1,
0S
1G
1S
#64080000
0!
0A
#64090000
1!
1A
1I
1J
1@
1N
0F
1.
1K
0G
#64100000
0!
0A
#64110000
1!
1A
1L
0I
0J
1M
1?
0@
0N
1F
0.
1-
0O
1G
1O
#64120000
0!
0A
#64130000
1!
1A
1I
1J
1@
1^
1Z
0V
1R
1N
0F
1.
0K
0G
0O
0S
0W
0[
1b
0_
#64140000
0!
0A
#64150000
1!
1A
1c
0`
0\
0X
0T
0P
0L
0I
0J
0M
0Q
0U
0Y
0]
0a
1d
19
0:
0;
0<
0=
0>
0?
0@
0^
0Z
0R
0N
1F
0.
0-
0,
0+
0*
0)
0(
1'
1G
#64160000
0!
0A
#64170000
1!
1A
1I
1J
1@
1N
0F
1.
1K
0G
#64180000
0!
0A
#64190000
1!
1A
1L
0I
0J
1M
1?
0@
0N
1F
0.
1-
1O
1G
0O
#64200000
0!
0A
#64210000
1!
1A
1I
1J
1@
1R
1N
0F
1.
0K
0G
1O
#64220000
0!
0A
#64230000
1!
1A
1P
0L
0I
0J
0M
1Q
1>
0?
0@
0R
0N
1F
0.
0-
1,
1S
1G
0S
#64240000
0!
0A
#64250000
1!
1A
1I
1J
1@
1N
0F
1.
1K
0G
#64260000
0!
0A
#64270000
1!
1A
1L
0I
0J
1M
1?
0@
0N
1F
0.
1-
0O
1G
1O
#64280000
0!
0A
#64290000
1!
1A
1I
1J
1@
1R
1N
0F
1.
0K
0G
0O
1S
#64300000
0!
0A
#64310000
1!
1A
1T
0P
0L
0I
0J
0M
0Q
1U
1=
0>
0?
0@
0R
0N
1F
0.
0-
0,
1+
1G
#64320000
0!
0A
#64330000
1!
1A
1I
1J
1@
1N
0F
1.
1K
0G
#64340000
0!
0A
#64350000
1!
1A
1L
0I
0J
1M
1?
0@
0N
1F
0.
1-
1O
1G
0O
#64360000
0!
0A
#64370000
1!
1A
1I
1J
1@
1R
1N
0F
1.
0K
0G
1O
#64380000
0!
0A
#64390000
1!
1A
1P
0L
0I
0J
0M
1Q
1>
0?
0@
0R
0N
1F
0.
0-
1,
0S
1G
1S
#64400000
0!
0A
#64410000
1!
1A
1I
1J
1@
1N
0F
1.
1K
0G
#64420000
0!
0A
#64430000
1!
1A
1L
0I
0J
1M
1?
0@
0N
1F
0.
1-
0O
1G
1O
#64440000
0!
0A
#64450000
1!
1A
1I
1J
1@
1Z
1V
1R
1N
0F
1.
0K
0G
0O
0S
1W
#64460000
0!
0A
#64470000
1!
1A
1X
0T
0P
0L
0I
0J
0M
0Q
0U
1Y
1<
0=
0>
0?
0@
0Z
0R
0N
1F
0.
0-
0,
0+
1*
1[
1G
0[
#64480000
0!
0A
#64490000
1!
1A
1I
1J
1@
1N
0F
1.
1K
0G
#64500000
0!
0A
#64510000
1!
1A
1L
0I
0J
1M
1?
0@
0N
1F
0.
1-
1O
1G
0O
#64520000
0!
0A
#64530000
1!
1A
1I
1J
1@
1R
1N
0F
1.
0K
0G
1O
#64540000
0!
0A
#64550000
1!
1A
1P
0L
0I
0J
0M
1Q
1>
0?
0@
0R
0N
1F
0.
0-
1,
1S
1G
0S
#64560000
0!
0A
#64570000
1!
1A
1I
1J
1@
1N
0F
1.
1K
0G
#64580000
0!
0A
#64590000
1!
1A
1L
0I
0J
1M
1?
0@
0N
1F
0.
1-
0O
1G
1O
#64600000
0!
0A
#64610000
1!
1A
1I
1J
1@
1R
1N
0F
1.
0K
0G
0O
1S
#64620000
0!
0A
#64630000
1!
1A
1T
0P
0L
0I
0J
0M
0Q
1U
1=
0>
0?
0@
0R
0N
1F
0.
0-
0,
1+
1G
#64640000
0!
0A
#64650000
1!
1A
1I
1J
1@
1N
0F
1.
1K
0G
#64660000
0!
0A
#64670000
1!
1A
1L
0I
0J
1M
1?
0@
0N
1F
0.
1-
1O
1G
0O
#64680000
0!
0A
#64690000
1!
1A
1I
1J
1@
1R
1N
0F
1.
0K
0G
1O
#64700000
0!
0A
#64710000
1!
1A
1P
0L
0I
0J
0M
1Q
1>
0?
0@
0R
0N
1F
0.
0-
1,
0S
1G
1S
#64720000
0!
0A
#64730000
1!
1A
1I
1J
1@
1N
0F
1.
1K
0G
#64740000
0!
0A
#64750000
1!
1A
1L
0I
0J
1M
1?
0@
0N
1F
0.
1-
0O
1G
1O
#64760000
0!
0A
#64770000
1!
1A
1I
1J
1@
1^
1Z
0V
1R
1N
0F
1.
0K
0G
0O
0S
0W
1[
#64780000
0!
0A
#64790000
1!
1A
1\
0X
0T
0P
0L
0I
0J
0M
0Q
0U
0Y
1]
1;
0<
0=
0>
0?
0@
0^
0Z
0R
0N
1F
0.
0-
0,
0+
0*
1)
1_
1G
0_
#64800000
0!
0A
#64810000
1!
1A
1I
1J
1@
1N
0F
1.
1K
0G
#64820000
0!
0A
#64830000
1!
1A
1L
0I
0J
1M
1?
0@
0N
1F
0.
1-
1O
1G
0O
#64840000
0!
0A
#64850000
1!
1A
1I
1J
1@
1R
1N
0F
1.
0K
0G
1O
#64860000
0!
0A
#64870000
1!
1A
1P
0L
0I
0J
0M
1Q
1>
0?
0@
0R
0N
1F
0.
0-
1,
1S
1G
0S
#64880000
0!
0A
#64890000
1!
1A
1I
1J
1@
1N
0F
1.
1K
0G
#64900000
0!
0A
#64910000
1!
1A
1L
0I
0J
1M
1?
0@
0N
1F
0.
1-
0O
1G
1O
#64920000
0!
0A
#64930000
1!
1A
1I
1J
1@
1R
1N
0F
1.
0K
0G
0O
1S
#64940000
0!
0A
#64950000
1!
1A
1T
0P
0L
0I
0J
0M
0Q
1U
1=
0>
0?
0@
0R
0N
1F
0.
0-
0,
1+
1G
#64960000
0!
0A
#64970000
1!
1A
1I
1J
1@
1N
0F
1.
1K
0G
#64980000
0!
0A
#64990000
1!
1A
1L
0I
0J
1M
1?
0@
0N
1F
0.
1-
1O
1G
0O
#65000000
0!
0A
#65010000
1!
1A
1I
1J
1@
1R
1N
0F
1.
0K
0G
1O
#65020000
0!
0A
#65030000
1!
1A
1P
0L
0I
0J
0M
1Q
1>
0?
0@
0R
0N
1F
0.
0-
1,
0S
1G
1S
#65040000
0!
0A
#65050000
1!
1A
1I
1J
1@
1N
0F
1.
1K
0G
#65060000
0!
0A
#65070000
1!
1A
1L
0I
0J
1M
1?
0@
0N
1F
0.
1-
0O
1G
1O
#65080000
0!
0A
#65090000
1!
1A
1I
1J
1@
1Z
1V
1R
1N
0F
1.
0K
0G
0O
0S
1W
#65100000
0!
0A
#65110000
1!
1A
1X
0T
0P
0L
0I
0J
0M
0Q
0U
1Y
1<
0=
0>
0?
0@
0Z
0R
0N
1F
0.
0-
0,
0+
1*
0[
1G
1[
#65120000
0!
0A
#65130000
1!
1A
1I
1J
1@
1N
0F
1.
1K
0G
#65140000
0!
0A
#65150000
1!
1A
1L
0I
0J
1M
1?
0@
0N
1F
0.
1-
1O
1G
0O
#65160000
0!
0A
#65170000
1!
1A
1I
1J
1@
1R
1N
0F
1.
0K
0G
1O
#65180000
0!
0A
#65190000
1!
1A
1P
0L
0I
0J
0M
1Q
1>
0?
0@
0R
0N
1F
0.
0-
1,
1S
1G
0S
#65200000
0!
0A
#65210000
1!
1A
1I
1J
1@
1N
0F
1.
1K
0G
#65220000
0!
0A
#65230000
1!
1A
1L
0I
0J
1M
1?
0@
0N
1F
0.
1-
0O
1G
1O
#65240000
0!
0A
#65250000
1!
1A
1I
1J
1@
1R
1N
0F
1.
0K
0G
0O
1S
#65260000
0!
0A
#65270000
1!
1A
1T
0P
0L
0I
0J
0M
0Q
1U
1=
0>
0?
0@
0R
0N
1F
0.
0-
0,
1+
1G
#65280000
0!
0A
#65290000
1!
1A
1I
1J
1@
1N
0F
1.
1K
0G
#65300000
0!
0A
#65310000
1!
1A
1L
0I
0J
1M
1?
0@
0N
1F
0.
1-
1O
1G
0O
#65320000
0!
0A
#65330000
1!
1A
1I
1J
1@
1R
1N
0F
1.
0K
0G
1O
#65340000
0!
0A
#65350000
1!
1A
1P
0L
0I
0J
0M
1Q
1>
0?
0@
0R
0N
1F
0.
0-
1,
0S
1G
1S
#65360000
0!
0A
#65370000
1!
1A
1I
1J
1@
1N
0F
1.
1K
0G
#65380000
0!
0A
#65390000
1!
1A
1L
0I
0J
1M
1?
0@
0N
1F
0.
1-
0O
1G
1O
#65400000
0!
0A
#65410000
1!
1A
1I
1J
1@
1^
1Z
0V
1R
1N
0F
1.
0K
0G
0O
0S
0W
0[
1_
#65420000
0!
0A
#65430000
1!
1A
1`
0\
0X
0T
0P
0L
0I
0J
0M
0Q
0U
0Y
0]
1a
1:
0;
0<
0=
0>
0?
0@
0^
0Z
0R
0N
1F
0.
0-
0,
0+
0*
0)
1(
1G
#65440000
0!
0A
#65450000
1!
1A
1I
1J
1@
1N
0F
1.
1K
0G
#65460000
0!
0A
#65470000
1!
1A
1L
0I
0J
1M
1?
0@
0N
1F
0.
1-
1O
1G
0O
#65480000
0!
0A
#65490000
1!
1A
1I
1J
1@
1R
1N
0F
1.
0K
0G
1O
#65500000
0!
0A
#65510000
1!
1A
1P
0L
0I
0J
0M
1Q
1>
0?
0@
0R
0N
1F
0.
0-
1,
1S
1G
0S
#65520000
0!
0A
#65530000
1!
1A
1I
1J
1@
1N
0F
1.
1K
0G
#65540000
0!
0A
#65550000
1!
1A
1L
0I
0J
1M
1?
0@
0N
1F
0.
1-
0O
1G
1O
#65560000
0!
0A
#65570000
1!
1A
1I
1J
1@
1R
1N
0F
1.
0K
0G
0O
1S
#65580000
0!
0A
#65590000
1!
1A
1T
0P
0L
0I
0J
0M
0Q
1U
1=
0>
0?
0@
0R
0N
1F
0.
0-
0,
1+
1G
#65600000
0!
0A
#65610000
1!
1A
1I
1J
1@
1N
0F
1.
1K
0G
#65620000
0!
0A
#65630000
1!
1A
1L
0I
0J
1M
1?
0@
0N
1F
0.
1-
1O
1G
0O
#65640000
0!
0A
#65650000
1!
1A
1I
1J
1@
1R
1N
0F
1.
0K
0G
1O
#65660000
0!
0A
#65670000
1!
1A
1P
0L
0I
0J
0M
1Q
1>
0?
0@
0R
0N
1F
0.
0-
1,
0S
1G
1S
#65680000
0!
0A
#65690000
1!
1A
1I
1J
1@
1N
0F
1.
1K
0G
#65700000
0!
0A
#65710000
1!
1A
1L
0I
0J
1M
1?
0@
0N
1F
0.
1-
0O
1G
1O
#65720000
0!
0A
#65730000
1!
1A
1I
1J
1@
1Z
1V
1R
1N
0F
1.
0K
0G
0O
0S
1W
#65740000
0!
0A
#65750000
1!
1A
1X
0T
0P
0L
0I
0J
0M
0Q
0U
1Y
1<
0=
0>
0?
0@
0Z
0R
0N
1F
0.
0-
0,
0+
1*
1[
1G
0[
#65760000
0!
0A
#65770000
1!
1A
1I
1J
1@
1N
0F
1.
1K
0G
#65780000
0!
0A
#65790000
1!
1A
1L
0I
0J
1M
1?
0@
0N
1F
0.
1-
1O
1G
0O
#65800000
0!
0A
#65810000
1!
1A
1I
1J
1@
1R
1N
0F
1.
0K
0G
1O
#65820000
0!
0A
#65830000
1!
1A
1P
0L
0I
0J
0M
1Q
1>
0?
0@
0R
0N
1F
0.
0-
1,
1S
1G
0S
#65840000
0!
0A
#65850000
1!
1A
1I
1J
1@
1N
0F
1.
1K
0G
#65860000
0!
0A
#65870000
1!
1A
1L
0I
0J
1M
1?
0@
0N
1F
0.
1-
0O
1G
1O
#65880000
0!
0A
#65890000
1!
1A
1I
1J
1@
1R
1N
0F
1.
0K
0G
0O
1S
#65900000
0!
0A
#65910000
1!
1A
1T
0P
0L
0I
0J
0M
0Q
1U
1=
0>
0?
0@
0R
0N
1F
0.
0-
0,
1+
1G
#65920000
0!
0A
#65930000
1!
1A
1I
1J
1@
1N
0F
1.
1K
0G
#65940000
0!
0A
#65950000
1!
1A
1L
0I
0J
1M
1?
0@
0N
1F
0.
1-
1O
1G
0O
#65960000
0!
0A
#65970000
1!
1A
1I
1J
1@
1R
1N
0F
1.
0K
0G
1O
#65980000
0!
0A
#65990000
1!
1A
1P
0L
0I
0J
0M
1Q
1>
0?
0@
0R
0N
1F
0.
0-
1,
0S
1G
1S
#66000000
0!
0A
#66010000
1!
1A
1I
1J
1@
1N
0F
1.
1K
0G
#66020000
0!
0A
#66030000
1!
1A
1L
0I
0J
1M
1?
0@
0N
1F
0.
1-
0O
1G
1O
#66040000
0!
0A
#66050000
1!
1A
1I
1J
1@
1^
1Z
0V
1R
1N
0F
1.
0K
0G
0O
0S
0W
1[
#66060000
0!
0A
#66070000
1!
1A
1\
0X
0T
0P
0L
0I
0J
0M
0Q
0U
0Y
1]
1;
0<
0=
0>
0?
0@
0^
0Z
0R
0N
1F
0.
0-
0,
0+
0*
1)
1e
0b
0_
1G
0e
1b
1_
#66080000
0!
0A
#66090000
1!
1A
1I
1J
1@
1N
0F
1.
1K
0G
#66100000
0!
0A
#66110000
1!
1A
1L
0I
0J
1M
1?
0@
0N
1F
0.
1-
1O
1G
0O
#66120000
0!
0A
#66130000
1!
1A
1I
1J
1@
1R
1N
0F
1.
0K
0G
1O
#66140000
0!
0A
#66150000
1!
1A
1P
0L
0I
0J
0M
1Q
1>
0?
0@
0R
0N
1F
0.
0-
1,
1S
1G
0S
#66160000
0!
0A
#66170000
1!
1A
1I
1J
1@
1N
0F
1.
1K
0G
#66180000
0!
0A
#66190000
1!
1A
1L
0I
0J
1M
1?
0@
0N
1F
0.
1-
0O
1G
1O
#66200000
0!
0A
#66210000
1!
1A
1I
1J
1@
1R
1N
0F
1.
0K
0G
0O
1S
#66220000
0!
0A
#66230000
1!
1A
1T
0P
0L
0I
0J
0M
0Q
1U
1=
0>
0?
0@
0R
0N
1F
0.
0-
0,
1+
1G
#66240000
0!
0A
#66250000
1!
1A
1I
1J
1@
1N
0F
1.
1K
0G
#66260000
0!
0A
#66270000
1!
1A
1L
0I
0J
1M
1?
0@
0N
1F
0.
1-
1O
1G
0O
#66280000
0!
0A
#66290000
1!
1A
1I
1J
1@
1R
1N
0F
1.
0K
0G
1O
#66300000
0!
0A
#66310000
1!
1A
1P
0L
0I
0J
0M
1Q
1>
0?
0@
0R
0N
1F
0.
0-
1,
0S
1G
1S
#66320000
0!
0A
#66330000
1!
1A
1I
1J
1@
1N
0F
1.
1K
0G
#66340000
0!
0A
#66350000
1!
1A
1L
0I
0J
1M
1?
0@
0N
1F
0.
1-
0O
1G
1O
#66360000
0!
0A
#66370000
1!
1A
1I
1J
1@
1Z
1V
1R
1N
0F
1.
0K
0G
0O
0S
1W
#66380000
0!
0A
#66390000
1!
1A
1X
0T
0P
0L
0I
0J
0M
0Q
0U
1Y
1<
0=
0>
0?
0@
0Z
0R
0N
1F
0.
0-
0,
0+
1*
0[
1G
1[
#66400000
0!
0A
#66410000
1!
1A
1I
1J
1@
1N
0F
1.
1K
0G
#66420000
0!
0A
#66430000
1!
1A
1L
0I
0J
1M
1?
0@
0N
1F
0.
1-
1O
1G
0O
#66440000
0!
0A
#66450000
1!
1A
1I
1J
1@
1R
1N
0F
1.
0K
0G
1O
#66460000
0!
0A
#66470000
1!
1A
1P
0L
0I
0J
0M
1Q
1>
0?
0@
0R
0N
1F
0.
0-
1,
1S
1G
0S
#66480000
0!
0A
#66490000
1!
1A
1I
1J
1@
1N
0F
1.
1K
0G
#66500000
0!
0A
#66510000
1!
1A
1L
0I
0J
1M
1?
0@
0N
1F
0.
1-
0O
1G
1O
#66520000
0!
0A
#66530000
1!
1A
1I
1J
1@
1R
1N
0F
1.
0K
0G
0O
1S
#66540000
0!
0A
#66550000
1!
1A
1T
0P
0L
0I
0J
0M
0Q
1U
1=
0>
0?
0@
0R
0N
1F
0.
0-
0,
1+
1G
#66560000
0!
0A
#66570000
1!
1A
1I
1J
1@
1N
0F
1.
1K
0G
#66580000
0!
0A
#66590000
1!
1A
1L
0I
0J
1M
1?
0@
0N
1F
0.
1-
1O
1G
0O
#66600000
0!
0A
#66610000
1!
1A
1I
1J
1@
1R
1N
0F
1.
0K
0G
1O
#66620000
0!
0A
#66630000
1!
1A
1P
0L
0I
0J
0M
1Q
1>
0?
0@
0R
0N
1F
0.
0-
1,
0S
1G
1S
#66640000
0!
0A
#66650000
1!
1A
1I
1J
1@
1N
0F
1.
1K
0G
#66660000
0!
0A
#66670000
1!
1A
1L
0I
0J
1M
1?
0@
0N
1F
0.
1-
0O
1G
1O
#66680000
0!
0A
#66690000
1!
1A
1I
1J
1@
1^
1Z
0V
1R
1N
0F
1.
0K
0G
0O
0S
0W
0[
1e
0b
0_
#66700000
0!
0A
#66710000
1!
1A
1f
0c
0`
0\
0X
0T
0P
0L
0I
0J
0M
0Q
0U
0Y
0]
0a
0d
1g
18
09
0:
0;
0<
0=
0>
0?
0@
0^
0Z
0R
0N
1F
0.
0-
0,
0+
0*
0)
0(
0'
1&
1G
#66720000
0!
0A
#66730000
1!
1A
1I
1J
1@
1N
0F
1.
1K
0G
#66740000
0!
0A
#66750000
1!
1A
1L
0I
0J
1M
1?
0@
0N
1F
0.
1-
1O
1G
0O
#66760000
0!
0A
#66770000
1!
1A
1I
1J
1@
1R
1N
0F
1.
0K
0G
1O
#66780000
0!
0A
#66790000
1!
1A
1P
0L
0I
0J
0M
1Q
1>
0?
0@
0R
0N
1F
0.
0-
1,
1S
1G
0S
#66800000
0!
0A
#66810000
1!
1A
1I
1J
1@
1N
0F
1.
1K
0G
#66820000
0!
0A
#66830000
1!
1A
1L
0I
0J
1M
1?
0@
0N
1F
0.
1-
0O
1G
1O
#66840000
0!
0A
#66850000
1!
1A
1I
1J
1@
1R
1N
0F
1.
0K
0G
0O
1S
#66860000
0!
0A
#66870000
1!
1A
1T
0P
0L
0I
0J
0M
0Q
1U
1=
0>
0?
0@
0R
0N
1F
0.
0-
0,
1+
1G
#66880000
0!
0A
#66890000
1!
1A
1I
1J
1@
1N
0F
1.
1K
0G
#66900000
0!
0A
#66910000
1!
1A
1L
0I
0J
1M
1?
0@
0N
1F
0.
1-
1O
1G
0O
#66920000
0!
0A
#66930000
1!
1A
1I
1J
1@
1R
1N
0F
1.
0K
0G
1O
#66940000
0!
0A
#66950000
1!
1A
1P
0L
0I
0J
0M
1Q
1>
0?
0@
0R
0N
1F
0.
0-
1,
0S
1G
1S
#66960000
0!
0A
#66970000
1!
1A
1I
1J
1@
1N
0F
1.
1K
0G
#66980000
0!
0A
#66990000
1!
1A
1L
0I
0J
1M
1?
0@
0N
1F
0.
1-
0O
1G
1O
#67000000
0!
0A
#67010000
1!
1A
1I
1J
1@
1Z
1V
1R
1N
0F
1.
0K
0G
0O
0S
1W
#67020000
0!
0A
#67030000
1!
1A
1X
0T
0P
0L
0I
0J
0M
0Q
0U
1Y
1<
0=
0>
0?
0@
0Z
0R
0N
1F
0.
0-
0,
0+
1*
1[
1G
0[
#67040000
0!
0A
#67050000
1!
1A
1I
1J
1@
1N
0F
1.
1K
0G
#67060000
0!
0A
#67070000
1!
1A
1L
0I
0J
1M
1?
0@
0N
1F
0.
1-
1O
1G
0O
#67080000
0!
0A
#67090000
1!
1A
1I
1J
1@
1R
1N
0F
1.
0K
0G
1O
#67100000
0!
0A
#67110000
1!
1A
1P
0L
0I
0J
0M
1Q
1>
0?
0@
0R
0N
1F
0.
0-
1,
1S
1G
0S
#67120000
0!
0A
#67130000
1!
1A
1I
1J
1@
1N
0F
1.
1K
0G
#67140000
0!
0A
#67150000
1!
1A
1L
0I
0J
1M
1?
0@
0N
1F
0.
1-
0O
1G
1O
#67160000
0!
0A
#67170000
1!
1A
1I
1J
1@
1R
1N
0F
1.
0K
0G
0O
1S
#67180000
0!
0A
#67190000
1!
1A
1T
0P
0L
0I
0J
0M
0Q
1U
1=
0>
0?
0@
0R
0N
1F
0.
0-
0,
1+
1G
#67200000
0!
0A
#67210000
1!
1A
1I
1J
1@
1N
0F
1.
1K
0G
#67220000
0!
0A
#67230000
1!
1A
1L
0I
0J
1M
1?
0@
0N
1F
0.
1-
1O
1G
0O
#67240000
0!
0A
#67250000
1!
1A
1I
1J
1@
1R
1N
0F
1.
0K
0G
1O
#67260000
0!
0A
#67270000
1!
1A
1P
0L
0I
0J
0M
1Q
1>
0?
0@
0R
0N
1F
0.
0-
1,
0S
1G
1S
#67280000
0!
0A
#67290000
1!
1A
1I
1J
1@
1N
0F
1.
1K
0G
#67300000
0!
0A
#67310000
1!
1A
1L
0I
0J
1M
1?
0@
0N
1F
0.
1-
0O
1G
1O
#67320000
0!
0A
#67330000
1!
1A
1I
1J
1@
1^
1Z
0V
1R
1N
0F
1.
0K
0G
0O
0S
0W
1[
#67340000
0!
0A
#67350000
1!
1A
1\
0X
0T
0P
0L
0I
0J
0M
0Q
0U
0Y
1]
1;
0<
0=
0>
0?
0@
1h
0^
0Z
0R
0N
1F
0.
0-
0,
0+
0*
1)
1_
1G
0_
#67360000
0!
0A
#67370000
1!
1A
1I
1J
1@
1N
0F
1.
1K
0G
#67380000
0!
0A
#67390000
1!
1A
1L
0I
0J
1M
1?
0@
0N
1F
0.
1-
1O
1G
0O
#67400000
0!
0A
#67410000
1!
1A
1I
1J
1@
1R
1N
0F
1.
0K
0G
1O
#67420000
0!
0A
#67430000
1!
1A
1P
0L
0I
0J
0M
1Q
1>
0?
0@
0R
0N
1F
0.
0-
1,
1S
1G
0S
#67440000
0!
0A
#67450000
1!
1A
1I
1J
1@
1N
0F
1.
1K
0G
#67460000
0!
0A
#67470000
1!
1A
1L
0I
0J
1M
1?
0@
0N
1F
0.
1-
0O
1G
1O
#67480000
0!
0A
#67490000
1!
1A
1I
1J
1@
1R
1N
0F
1.
0K
0G
0O
1S
#67500000
0!
0A
#67510000
1!
1A
1T
0P
0L
0I
0J
0M
0Q
1U
1=
0>
0?
0@
0R
0N
1F
0.
0-
0,
1+
1G
#67520000
0!
0A
#67530000
1!
1A
1I
1J
1@
1N
0F
1.
1K
0G
#67540000
0!
0A
#67550000
1!
1A
1L
0I
0J
1M
1?
0@
0N
1F
0.
1-
1O
1G
0O
#67560000
0!
0A
#67570000
1!
1A
1I
1J
1@
1R
1N
0F
1.
0K
0G
1O
#67580000
0!
0A
#67590000
1!
1A
1P
0L
0I
0J
0M
1Q
1>
0?
0@
0R
0N
1F
0.
0-
1,
0S
1G
1S
#67600000
0!
0A
#67610000
1!
1A
1I
1J
1@
1N
0F
1.
1K
0G
#67620000
0!
0A
#67630000
1!
1A
1L
0I
0J
1M
1?
0@
0N
1F
0.
1-
0O
1G
1O
#67640000
0!
0A
#67650000
1!
1A
1I
1J
1@
1Z
1V
1R
1N
0F
1.
0K
0G
0O
0S
1W
#67660000
0!
0A
#67670000
1!
1A
1X
0T
0P
0L
0I
0J
0M
0Q
0U
1Y
1<
0=
0>
0?
0@
0Z
0R
0N
1F
0.
0-
0,
0+
1*
0[
1G
1[
#67680000
0!
0A
#67690000
1!
1A
1I
1J
1@
1N
0F
1.
1K
0G
#67700000
0!
0A
#67710000
1!
1A
1L
0I
0J
1M
1?
0@
0N
1F
0.
1-
1O
1G
0O
#67720000
0!
0A
#67730000
1!
1A
1I
1J
1@
1R
1N
0F
1.
0K
0G
1O
#67740000
0!
0A
#67750000
1!
1A
1P
0L
0I
0J
0M
1Q
1>
0?
0@
0R
0N
1F
0.
0-
1,
1S
1G
0S
#67760000
0!
0A
#67770000
1!
1A
1I
1J
1@
1N
0F
1.
1K
0G
#67780000
0!
0A
#67790000
1!
1A
1L
0I
0J
1M
1?
0@
0N
1F
0.
1-
0O
1G
1O
#67800000
0!
0A
#67810000
1!
1A
1I
1J
1@
1R
1N
0F
1.
0K
0G
0O
1S
#67820000
0!
0A
#67830000
1!
1A
1T
0P
0L
0I
0J
0M
0Q
1U
1=
0>
0?
0@
0R
0N
1F
0.
0-
0,
1+
1G
#67840000
0!
0A
#67850000
1!
1A
1I
1J
1@
1N
0F
1.
1K
0G
#67860000
0!
0A
#67870000
1!
1A
1L
0I
0J
1M
1?
0@
0N
1F
0.
1-
1O
1G
0O
#67880000
0!
0A
#67890000
1!
1A
1I
1J
1@
1R
1N
0F
1.
0K
0G
1O
#67900000
0!
0A
#67910000
1!
1A
1P
0L
0I
0J
0M
1Q
1>
0?
0@
0R
0N
1F
0.
0-
1,
0S
1G
1S
#67920000
0!
0A
#67930000
1!
1A
1I
1J
1@
1N
0F
1.
1K
0G
#67940000
0!
0A
#67950000
1!
1A
1L
0I
0J
1M
1?
0@
0N
1F
0.
1-
0O
1G
1O
#67960000
0!
0A
#67970000
1!
1A
1I
1J
1@
1^
1Z
0V
1R
1N
0F
1.
0K
0G
0O
0S
0W
0[
1_
#67980000
0!
0A
#67990000
1!
1A
1`
0\
0X
0T
0P
0L
0I
0J
0M
0Q
0U
0Y
0]
1a
1:
0;
0<
0=
0>
0?
0@
0h
0^
0Z
0R
0N
1F
0.
0-
0,
0+
0*
0)
1(
1G
#68000000
0!
0A
#68010000
1!
1A
1I
1J
1@
1N
0F
1.
1K
0G
#68020000
0!
0A
#68030000
1!
1A
1L
0I
0J
1M
1?
0@
0N
1F
0.
1-
1O
1G
0O
#68040000
0!
0A
#68050000
1!
1A
1I
1J
1@
1R
1N
0F
1.
0K
0G
1O
#68060000
0!
0A
#68070000
1!
1A
1P
0L
0I
0J
0M
1Q
1>
0?
0@
0R
0N
1F
0.
0-
1,
1S
1G
0S
#68080000
0!
0A
#68090000
1!
1A
1I
1J
1@
1N
0F
1.
1K
0G
#68100000
0!
0A
#68110000
1!
1A
1L
0I
0J
1M
1?
0@
0N
1F
0.
1-
0O
1G
1O
#68120000
0!
0A
#68130000
1!
1A
1I
1J
1@
1R
1N
0F
1.
0K
0G
0O
1S
#68140000
0!
0A
#68150000
1!
1A
1T
0P
0L
0I
0J
0M
0Q
1U
1=
0>
0?
0@
0R
0N
1F
0.
0-
0,
1+
1G
#68160000
0!
0A
#68170000
1!
1A
1I
1J
1@
1N
0F
1.
1K
0G
#68180000
0!
0A
#68190000
1!
1A
1L
0I
0J
1M
1?
0@
0N
1F
0.
1-
1O
1G
0O
#68200000
0!
0A
#68210000
1!
1A
1I
1J
1@
1R
1N
0F
1.
0K
0G
1O
#68220000
0!
0A
#68230000
1!
1A
1P
0L
0I
0J
0M
1Q
1>
0?
0@
0R
0N
1F
0.
0-
1,
0S
1G
1S
#68240000
0!
0A
#68250000
1!
1A
1I
1J
1@
1N
0F
1.
1K
0G
#68260000
0!
0A
#68270000
1!
1A
1L
0I
0J
1M
1?
0@
0N
1F
0.
1-
0O
1G
1O
#68280000
0!
0A
#68290000
1!
1A
1I
1J
1@
1Z
1V
1R
1N
0F
1.
0K
0G
0O
0S
1W
#68300000
0!
0A
#68310000
1!
1A
1X
0T
0P
0L
0I
0J
0M
0Q
0U
1Y
1<
0=
0>
0?
0@
0Z
0R
0N
1F
0.
0-
0,
0+
1*
1[
1G
0[
#68320000
0!
0A
#68330000
1!
1A
1I
1J
1@
1N
0F
1.
1K
0G
#68340000
0!
0A
#68350000
1!
1A
1L
0I
0J
1M
1?
0@
0N
1F
0.
1-
1O
1G
0O
#68360000
0!
0A
#68370000
1!
1A
1I
1J
1@
1R
1N
0F
1.
0K
0G
1O
#68380000
0!
0A
#68390000
1!
1A
1P
0L
0I
0J
0M
1Q
1>
0?
0@
0R
0N
1F
0.
0-
1,
1S
1G
0S
#68400000
0!
0A
#68410000
1!
1A
1I
1J
1@
1N
0F
1.
1K
0G
#68420000
0!
0A
#68430000
1!
1A
1L
0I
0J
1M
1?
0@
0N
1F
0.
1-
0O
1G
1O
#68440000
0!
0A
#68450000
1!
1A
1I
1J
1@
1R
1N
0F
1.
0K
0G
0O
1S
#68460000
0!
0A
#68470000
1!
1A
1T
0P
0L
0I
0J
0M
0Q
1U
1=
0>
0?
0@
0R
0N
1F
0.
0-
0,
1+
1G
#68480000
0!
0A
#68490000
1!
1A
1I
1J
1@
1N
0F
1.
1K
0G
#68500000
0!
0A
#68510000
1!
1A
1L
0I
0J
1M
1?
0@
0N
1F
0.
1-
1O
1G
0O
#68520000
0!
0A
#68530000
1!
1A
1I
1J
1@
1R
1N
0F
1.
0K
0G
1O
#68540000
0!
0A
#68550000
1!
1A
1P
0L
0I
0J
0M
1Q
1>
0?
0@
0R
0N
1F
0.
0-
1,
0S
1G
1S
#68560000
0!
0A
#68570000
1!
1A
1I
1J
1@
1N
0F
1.
1K
0G
#68580000
0!
0A
#68590000
1!
1A
1L
0I
0J
1M
1?
0@
0N
1F
0.
1-
0O
1G
1O
#68600000
0!
0A
#68610000
1!
1A
1I
1J
1@
1^
1Z
0V
1R
1N
0F
1.
0K
0G
0O
0S
0W
1[
#68620000
0!
0A
#68630000
1!
1A
1\
0X
0T
0P
0L
0I
0J
0M
0Q
0U
0Y
1]
1;
0<
0=
0>
0?
0@
1h
0^
0Z
0R
0N
1F
0.
0-
0,
0+
0*
1)
1b
0_
1G
0b
1_
#68640000
0!
0A
#68650000
1!
1A
1I
1J
1@
1N
0F
1.
1K
0G
#68660000
0!
0A
#68670000
1!
1A
1L
0I
0J
1M
1?
0@
0N
1F
0.
1-
1O
1G
0O
#68680000
0!
0A
#68690000
1!
1A
1I
1J
1@
1R
1N
0F
1.
0K
0G
1O
#68700000
0!
0A
#68710000
1!
1A
1P
0L
0I
0J
0M
1Q
1>
0?
0@
0R
0N
1F
0.
0-
1,
1S
1G
0S
#68720000
0!
0A
#68730000
1!
1A
1I
1J
1@
1N
0F
1.
1K
0G
#68740000
0!
0A
#68750000
1!
1A
1L
0I
0J
1M
1?
0@
0N
1F
0.
1-
0O
1G
1O
#68760000
0!
0A
#68770000
1!
1A
1I
1J
1@
1R
1N
0F
1.
0K
0G
0O
1S
#68780000
0!
0A
#68790000
1!
1A
1T
0P
0L
0I
0J
0M
0Q
1U
1=
0>
0?
0@
0R
0N
1F
0.
0-
0,
1+
1G
#68800000
0!
0A
#68810000
1!
1A
1I
1J
1@
1N
0F
1.
1K
0G
#68820000
0!
0A
#68830000
1!
1A
1L
0I
0J
1M
1?
0@
0N
1F
0.
1-
1O
1G
0O
#68840000
0!
0A
#68850000
1!
1A
1I
1J
1@
1R
1N
0F
1.
0K
0G
1O
#68860000
0!
0A
#68870000
1!
1A
1P
0L
0I
0J
0M
1Q
1>
0?
0@
0R
0N
1F
0.
0-
1,
0S
1G
1S
#68880000
0!
0A
#68890000
1!
1A
1I
1J
1@
1N
0F
1.
1K
0G
#68900000
0!
0A
#68910000
1!
1A
1L
0I
0J
1M
1?
0@
0N
1F
0.
1-
0O
1G
1O
#68920000
0!
0A
#68930000
1!
1A
1I
1J
1@
1Z
1V
1R
1N
0F
1.
0K
0G
0O
0S
1W
#68940000
0!
0A
#68950000
1!
1A
1X
0T
0P
0L
0I
0J
0M
0Q
0U
1Y
1<
0=
0>
0?
0@
0Z
0R
0N
1F
0.
0-
0,
0+
1*
0[
1G
1[
#68960000
0!
0A
#68970000
1!
1A
1I
1J
1@
1N
0F
1.
1K
0G
#68980000
0!
0A
#68990000
1!
1A
1L
0I
0J
1M
1?
0@
0N
1F
0.
1-
1O
1G
0O
#69000000
0!
0A
#69010000
1!
1A
1I
1J
1@
1R
1N
0F
1.
0K
0G
1O
#69020000
0!
0A
#69030000
1!
1A
1P
0L
0I
0J
0M
1Q
1>
0?
0@
0R
0N
1F
0.
0-
1,
1S
1G
0S
#69040000
0!
0A
#69050000
1!
1A
1I
1J
1@
1N
0F
1.
1K
0G
#69060000
0!
0A
#69070000
1!
1A
1L
0I
0J
1M
1?
0@
0N
1F
0.
1-
0O
1G
1O
#69080000
0!
0A
#69090000
1!
1A
1I
1J
1@
1R
1N
0F
1.
0K
0G
0O
1S
#69100000
0!
0A
#69110000
1!
1A
1T
0P
0L
0I
0J
0M
0Q
1U
1=
0>
0?
0@
0R
0N
1F
0.
0-
0,
1+
1G
#69120000
0!
0A
#69130000
1!
1A
1I
1J
1@
1N
0F
1.
1K
0G
#69140000
0!
0A
#69150000
1!
1A
1L
0I
0J
1M
1?
0@
0N
1F
0.
1-
1O
1G
0O
#69160000
0!
0A
#69170000
1!
1A
1I
1J
1@
1R
1N
0F
1.
0K
0G
1O
#69180000
0!
0A
#69190000
1!
1A
1P
0L
0I
0J
0M
1Q
1>
0?
0@
0R
0N
1F
0.
0-
1,
0S
1G
1S
#69200000
0!
0A
#69210000
1!
1A
1I
1J
1@
1N
0F
1.
1K
0G
#69220000
0!
0A
#69230000
1!
1A
1L
0I
0J
1M
1?
0@
0N
1F
0.
1-
0O
1G
1O
#69240000
0!
0A
#69250000
1!
1A
1I
1J
1@
1^
1Z
0V
1R
1N
0F
1.
0K
0G
0O
0S
0W
0[
1b
0_
#69260000
0!
0A
#69270000
1!
1A
1c
0`
0\
0X
0T
0P
0L
0I
0J
0M
0Q
0U
0Y
0]
0a
1d
19
0:
0;
0<
0=
0>
0?
0@
0h
0^
0Z
0R
0N
1F
0.
0-
0,
0+
0*
0)
0(
1'
1G
#69280000
0!
0A
#69290000
1!
1A
1I
1J
1@
1N
0F
1.
1K
0G
#69300000
0!
0A
#69310000
1!
1A
1L
0I
0J
1M
1?
0@
0N
1F
0.
1-
1O
1G
0O
#69320000
0!
0A
#69330000
1!
1A
1I
1J
1@
1R
1N
0F
1.
0K
0G
1O
#69340000
0!
0A
#69350000
1!
1A
1P
0L
0I
0J
0M
1Q
1>
0?
0@
0R
0N
1F
0.
0-
1,
1S
1G
0S
#69360000
0!
0A
#69370000
1!
1A
1I
1J
1@
1N
0F
1.
1K
0G
#69380000
0!
0A
#69390000
1!
1A
1L
0I
0J
1M
1?
0@
0N
1F
0.
1-
0O
1G
1O
#69400000
0!
0A
#69410000
1!
1A
1I
1J
1@
1R
1N
0F
1.
0K
0G
0O
1S
#69420000
0!
0A
#69430000
1!
1A
1T
0P
0L
0I
0J
0M
0Q
1U
1=
0>
0?
0@
0R
0N
1F
0.
0-
0,
1+
1G
#69440000
0!
0A
#69450000
1!
1A
1I
1J
1@
1N
0F
1.
1K
0G
#69460000
0!
0A
#69470000
1!
1A
1L
0I
0J
1M
1?
0@
0N
1F
0.
1-
1O
1G
0O
#69480000
0!
0A
#69490000
1!
1A
1I
1J
1@
1R
1N
0F
1.
0K
0G
1O
#69500000
0!
0A
#69510000
1!
1A
1P
0L
0I
0J
0M
1Q
1>
0?
0@
0R
0N
1F
0.
0-
1,
0S
1G
1S
#69520000
0!
0A
#69530000
1!
1A
1I
1J
1@
1N
0F
1.
1K
0G
#69540000
0!
0A
#69550000
1!
1A
1L
0I
0J
1M
1?
0@
0N
1F
0.
1-
0O
1G
1O
#69560000
0!
0A
#69570000
1!
1A
1I
1J
1@
1Z
1V
1R
1N
0F
1.
0K
0G
0O
0S
1W
#69580000
0!
0A
#69590000
1!
1A
1X
0T
0P
0L
0I
0J
0M
0Q
0U
1Y
1<
0=
0>
0?
0@
0Z
0R
0N
1F
0.
0-
0,
0+
1*
1[
1G
0[
#69600000
0!
0A
#69610000
1!
1A
1I
1J
1@
1N
0F
1.
1K
0G
#69620000
0!
0A
#69630000
1!
1A
1L
0I
0J
1M
1?
0@
0N
1F
0.
1-
1O
1G
0O
#69640000
0!
0A
#69650000
1!
1A
1I
1J
1@
1R
1N
0F
1.
0K
0G
1O
#69660000
0!
0A
#69670000
1!
1A
1P
0L
0I
0J
0M
1Q
1>
0?
0@
0R
0N
1F
0.
0-
1,
1S
1G
0S
#69680000
0!
0A
#69690000
1!
1A
1I
1J
1@
1N
0F
1.
1K
0G
#69700000
0!
0A
#69710000
1!
1A
1L
0I
0J
1M
1?
0@
0N
1F
0.
1-
0O
1G
1O
#69720000
0!
0A
#69730000
1!
1A
1I
1J
1@
1R
1N
0F
1.
0K
0G
0O
1S
#69740000
0!
0A
#69750000
1!
1A
1T
0P
0L
0I
0J
0M
0Q
1U
1=
0>
0?
0@
0R
0N
1F
0.
0-
0,
1+
1G
#69760000
0!
0A
#69770000
1!
1A
1I
1J
1@
1N
0F
1.
1K
0G
#69780000
0!
0A
#69790000
1!
1A
1L
0I
0J
1M
1?
0@
0N
1F
0.
1-
1O
1G
0O
#69800000
0!
0A
#69810000
1!
1A
1I
1J
1@
1R
1N
0F
1.
0K
0G
1O
#69820000
0!
0A
#69830000
1!
1A
1P
0L
0I
0J
0M
1Q
1>
0?
0@
0R
0N
1F
0.
0-
1,
0S
1G
1S
#69840000
0!
0A
#69850000
1!
1A
1I
1J
1@
1N
0F
1.
1K
0G
#69860000
0!
0A
#69870000
1!
1A
1L
0I
0J
1M
1?
0@
0N
1F
0.
1-
0O
1G
1O
#69880000
0!
0A
#69890000
1!
1A
1I
1J
1@
1^
1Z
0V
1R
1N
0F
1.
0K
0G
0O
0S
0W
1[
#69900000
0!
0A
#69910000
1!
1A
1\
0X
0T
0P
0L
0I
0J
0M
0Q
0U
0Y
1]
1;
0<
0=
0>
0?
0@
1h
0^
0Z
0R
0N
1F
0.
0-
0,
0+
0*
1)
1_
1G
0_
#69920000
0!
0A
#69930000
1!
1A
1I
1J
1@
1N
0F
1.
1K
0G
#69940000
0!
0A
#69950000
1!
1A
1L
0I
0J
1M
1?
0@
0N
1F
0.
1-
1O
1G
0O
#69960000
0!
0A
#69970000
1!
1A
1I
1J
1@
1R
1N
0F
1.
0K
0G
1O
#69980000
0!
0A
#69990000
1!
1A
1P
0L
0I
0J
0M
1Q
1>
0?
0@
0R
0N
1F
0.
0-
1,
1S
1G
0S
#70000000
0!
0A
#70010000
1!
1A
1I
1J
1@
1N
0F
1.
1K
0G
#70020000
0!
0A
#70030000
1!
1A
1L
0I
0J
1M
1?
0@
0N
1F
0.
1-
0O
1G
1O
#70040000
0!
0A
#70050000
1!
1A
1I
1J
1@
1R
1N
0F
1.
0K
0G
0O
1S
#70060000
0!
0A
#70070000
1!
1A
1T
0P
0L
0I
0J
0M
0Q
1U
1=
0>
0?
0@
0R
0N
1F
0.
0-
0,
1+
1G
#70080000
0!
0A
#70090000
1!
1A
1I
1J
1@
1N
0F
1.
1K
0G
#70100000
0!
0A
#70110000
1!
1A
1L
0I
0J
1M
1?
0@
0N
1F
0.
1-
1O
1G
0O
#70120000
0!
0A
#70130000
1!
1A
1I
1J
1@
1R
1N
0F
1.
0K
0G
1O
#70140000
0!
0A
#70150000
1!
1A
1P
0L
0I
0J
0M
1Q
1>
0?
0@
0R
0N
1F
0.
0-
1,
0S
1G
1S
#70160000
0!
0A
#70170000
1!
1A
1I
1J
1@
1N
0F
1.
1K
0G
#70180000
0!
0A
#70190000
1!
1A
1L
0I
0J
1M
1?
0@
0N
1F
0.
1-
0O
1G
1O
#70200000
0!
0A
#70210000
1!
1A
1I
1J
1@
1Z
1V
1R
1N
0F
1.
0K
0G
0O
0S
1W
#70220000
0!
0A
#70230000
1!
1A
1X
0T
0P
0L
0I
0J
0M
0Q
0U
1Y
1<
0=
0>
0?
0@
0Z
0R
0N
1F
0.
0-
0,
0+
1*
0[
1G
1[
#70240000
0!
0A
#70250000
1!
1A
1I
1J
1@
1N
0F
1.
1K
0G
#70260000
0!
0A
#70270000
1!
1A
1L
0I
0J
1M
1?
0@
0N
1F
0.
1-
1O
1G
0O
#70280000
0!
0A
#70290000
1!
1A
1I
1J
1@
1R
1N
0F
1.
0K
0G
1O
#70300000
0!
0A
#70310000
1!
1A
1P
0L
0I
0J
0M
1Q
1>
0?
0@
0R
0N
1F
0.
0-
1,
1S
1G
0S
#70320000
0!
0A
#70330000
1!
1A
1I
1J
1@
1N
0F
1.
1K
0G
#70340000
0!
0A
#70350000
1!
1A
1L
0I
0J
1M
1?
0@
0N
1F
0.
1-
0O
1G
1O
#70360000
0!
0A
#70370000
1!
1A
1I
1J
1@
1R
1N
0F
1.
0K
0G
0O
1S
#70380000
0!
0A
#70390000
1!
1A
1T
0P
0L
0I
0J
0M
0Q
1U
1=
0>
0?
0@
0R
0N
1F
0.
0-
0,
1+
1G
#70400000
0!
0A
#70410000
1!
1A
1I
1J
1@
1N
0F
1.
1K
0G
#70420000
0!
0A
#70430000
1!
1A
1L
0I
0J
1M
1?
0@
0N
1F
0.
1-
1O
1G
0O
#70440000
0!
0A
#70450000
1!
1A
1I
1J
1@
1R
1N
0F
1.
0K
0G
1O
#70460000
0!
0A
#70470000
1!
1A
1P
0L
0I
0J
0M
1Q
1>
0?
0@
0R
0N
1F
0.
0-
1,
0S
1G
1S
#70480000
0!
0A
#70490000
1!
1A
1I
1J
1@
1N
0F
1.
1K
0G
#70500000
0!
0A
#70510000
1!
1A
1L
0I
0J
1M
1?
0@
0N
1F
0.
1-
0O
1G
1O
#70520000
0!
0A
#70530000
1!
1A
1I
1J
1@
1^
1Z
0V
1R
1N
0F
1.
0K
0G
0O
0S
0W
0[
1_
#70540000
0!
0A
#70550000
1!
1A
1`
0\
0X
0T
0P
0L
0I
0J
0M
0Q
0U
0Y
0]
1a
1:
0;
0<
0=
0>
0?
0@
0h
0^
0Z
0R
0N
1F
0.
0-
0,
0+
0*
0)
1(
1i
1G
0i
#70560000
0!
0A
#70570000
1!
1A
1I
1J
1@
1N
0F
1.
1K
0G
#70580000
0!
0A
#70590000
1!
1A
1L
0I
0J
1M
1?
0@
0N
1F
0.
1-
1O
1G
0O
#70600000
0!
0A
#70610000
1!
1A
1I
1J
1@
1R
1N
0F
1.
0K
0G
1O
#70620000
0!
0A
#70630000
1!
1A
1P
0L
0I
0J
0M
1Q
1>
0?
0@
0R
0N
1F
0.
0-
1,
1S
1G
0S
#70640000
0!
0A
#70650000
1!
1A
1I
1J
1@
1N
0F
1.
1K
0G
#70660000
0!
0A
#70670000
1!
1A
1L
0I
0J
1M
1?
0@
0N
1F
0.
1-
0O
1G
1O
#70680000
0!
0A
#70690000
1!
1A
1I
1J
1@
1R
1N
0F
1.
0K
0G
0O
1S
#70700000
0!
0A
#70710000
1!
1A
1T
0P
0L
0I
0J
0M
0Q
1U
1=
0>
0?
0@
0R
0N
1F
0.
0-
0,
1+
1G
#70720000
0!
0A
#70730000
1!
1A
1I
1J
1@
1N
0F
1.
1K
0G
#70740000
0!
0A
#70750000
1!
1A
1L
0I
0J
1M
1?
0@
0N
1F
0.
1-
1O
1G
0O
#70760000
0!
0A
#70770000
1!
1A
1I
1J
1@
1R
1N
0F
1.
0K
0G
1O
#70780000
0!
0A
#70790000
1!
1A
1P
0L
0I
0J
0M
1Q
1>
0?
0@
0R
0N
1F
0.
0-
1,
0S
1G
1S
#70800000
0!
0A
#70810000
1!
1A
1I
1J
1@
1N
0F
1.
1K
0G
#70820000
0!
0A
#70830000
1!
1A
1L
0I
0J
1M
1?
0@
0N
1F
0.
1-
0O
1G
1O
#70840000
0!
0A
#70850000
1!
1A
1I
1J
1@
1Z
1V
1R
1N
0F
1.
0K
0G
0O
0S
1W
#70860000
0!
0A
#70870000
1!
1A
1X
0T
0P
0L
0I
0J
0M
0Q
0U
1Y
1<
0=
0>
0?
0@
0Z
0R
0N
1F
0.
0-
0,
0+
1*
1[
1G
0[
#70880000
0!
0A
#70890000
1!
1A
1I
1J
1@
1N
0F
1.
1K
0G
#70900000
0!
0A
#70910000
1!
1A
1L
0I
0J
1M
1?
0@
0N
1F
0.
1-
1O
1G
0O
#70920000
0!
0A
#70930000
1!
1A
1I
1J
1@
1R
1N
0F
1.
0K
0G
1O
#70940000
0!
0A
#70950000
1!
1A
1P
0L
0I
0J
0M
1Q
1>
0?
0@
0R
0N
1F
0.
0-
1,
1S
1G
0S
#70960000
0!
0A
#70970000
1!
1A
1I
1J
1@
1N
0F
1.
1K
0G
#70980000
0!
0A
#70990000
1!
1A
1L
0I
0J
1M
1?
0@
0N
1F
0.
1-
0O
1G
1O
#71000000
0!
0A
#71010000
1!
1A
1I
1J
1@
1R
1N
0F
1.
0K
0G
0O
1S
#71020000
0!
0A
#71030000
1!
1A
1T
0P
0L
0I
0J
0M
0Q
1U
1=
0>
0?
0@
0R
0N
1F
0.
0-
0,
1+
1G
#71040000
0!
0A
#71050000
1!
1A
1I
1J
1@
1N
0F
1.
1K
0G
#71060000
0!
0A
#71070000
1!
1A
1L
0I
0J
1M
1?
0@
0N
1F
0.
1-
1O
1G
0O
#71080000
0!
0A
#71090000
1!
1A
1I
1J
1@
1R
1N
0F
1.
0K
0G
1O
#71100000
0!
0A
#71110000
1!
1A
1P
0L
0I
0J
0M
1Q
1>
0?
0@
0R
0N
1F
0.
0-
1,
0S
1G
1S
#71120000
0!
0A
#71130000
1!
1A
1I
1J
1@
1N
0F
1.
1K
0G
#71140000
0!
0A
#71150000
1!
1A
1L
0I
0J
1M
1?
0@
0N
1F
0.
1-
0O
1G
1O
#71160000
0!
0A
#71170000
1!
1A
1I
1J
1@
1^
1Z
0V
1R
1N
0F
1.
0K
0G
0O
0S
0W
1[
#71180000
0!
0A
#71190000
1!
1A
1\
0X
0T
0P
0L
0I
0J
0M
0Q
0U
0Y
1]
1;
0<
0=
0>
0?
0@
1h
0^
0Z
0R
0N
1F
0.
0-
0,
0+
0*
1)
0e
0b
0_
1G
1e
1b
1_
#71200000
0!
0A
#71210000
1!
1A
1I
1J
1@
1N
0F
1.
1K
0G
#71220000
0!
0A
#71230000
1!
1A
1L
0I
0J
1M
1?
0@
0N
1F
0.
1-
1O
1G
0O
#71240000
0!
0A
#71250000
1!
1A
1I
1J
1@
1R
1N
0F
1.
0K
0G
1O
#71260000
0!
0A
#71270000
1!
1A
1P
0L
0I
0J
0M
1Q
1>
0?
0@
0R
0N
1F
0.
0-
1,
1S
1G
0S
#71280000
0!
0A
#71290000
1!
1A
1I
1J
1@
1N
0F
1.
1K
0G
#71300000
0!
0A
#71310000
1!
1A
1L
0I
0J
1M
1?
0@
0N
1F
0.
1-
0O
1G
1O
#71320000
0!
0A
#71330000
1!
1A
1I
1J
1@
1R
1N
0F
1.
0K
0G
0O
1S
#71340000
0!
0A
#71350000
1!
1A
1T
0P
0L
0I
0J
0M
0Q
1U
1=
0>
0?
0@
0R
0N
1F
0.
0-
0,
1+
1G
#71360000
0!
0A
#71370000
1!
1A
1I
1J
1@
1N
0F
1.
1K
0G
#71380000
0!
0A
#71390000
1!
1A
1L
0I
0J
1M
1?
0@
0N
1F
0.
1-
1O
1G
0O
#71400000
0!
0A
#71410000
1!
1A
1I
1J
1@
1R
1N
0F
1.
0K
0G
1O
#71420000
0!
0A
#71430000
1!
1A
1P
0L
0I
0J
0M
1Q
1>
0?
0@
0R
0N
1F
0.
0-
1,
0S
1G
1S
#71440000
0!
0A
#71450000
1!
1A
1I
1J
1@
1N
0F
1.
1K
0G
#71460000
0!
0A
#71470000
1!
1A
1L
0I
0J
1M
1?
0@
0N
1F
0.
1-
0O
1G
1O
#71480000
0!
0A
#71490000
1!
1A
1I
1J
1@
1Z
1V
1R
1N
0F
1.
0K
0G
0O
0S
1W
#71500000
0!
0A
#71510000
1!
1A
1X
0T
0P
0L
0I
0J
0M
0Q
0U
1Y
1<
0=
0>
0?
0@
0Z
0R
0N
1F
0.
0-
0,
0+
1*
0[
1G
1[
#71520000
0!
0A
#71530000
1!
1A
1I
1J
1@
1N
0F
1.
1K
0G
#71540000
0!
0A
#71550000
1!
1A
1L
0I
0J
1M
1?
0@
0N
1F
0.
1-
1O
1G
0O
#71560000
0!
0A
#71570000
1!
1A
1I
1J
1@
1R
1N
0F
1.
0K
0G
1O
#71580000
0!
0A
#71590000
1!
1A
1P
0L
0I
0J
0M
1Q
1>
0?
0@
0R
0N
1F
0.
0-
1,
1S
1G
0S
#71600000
0!
0A
#71610000
1!
1A
1I
1J
1@
1N
0F
1.
1K
0G
#71620000
0!
0A
#71630000
1!
1A
1L
0I
0J
1M
1?
0@
0N
1F
0.
1-
0O
1G
1O
#71640000
0!
0A
#71650000
1!
1A
1I
1J
1@
1R
1N
0F
1.
0K
0G
0O
1S
#71660000
0!
0A
#71670000
1!
1A
1T
0P
0L
0I
0J
0M
0Q
1U
1=
0>
0?
0@
0R
0N
1F
0.
0-
0,
1+
1G
#71680000
0!
0A
#71690000
1!
1A
1I
1J
1@
1N
0F
1.
1K
0G
#71700000
0!
0A
#71710000
1!
1A
1L
0I
0J
1M
1?
0@
0N
1F
0.
1-
1O
1G
0O
#71720000
0!
0A
#71730000
1!
1A
1I
1J
1@
1R
1N
0F
1.
0K
0G
1O
#71740000
0!
0A
#71750000
1!
1A
1P
0L
0I
0J
0M
1Q
1>
0?
0@
0R
0N
1F
0.
0-
1,
0S
1G
1S
#71760000
0!
0A
#71770000
1!
1A
1I
1J
1@
1N
0F
1.
1K
0G
#71780000
0!
0A
#71790000
1!
1A
1L
0I
0J
1M
1?
0@
0N
1F
0.
1-
0O
1G
1O
#71800000
0!
0A
#71810000
1!
1A
1I
1J
1@
1^
1Z
0V
1R
1N
0F
1.
0K
0G
0O
0S
0W
0[
1i
0e
0b
0_
#71820000
0!
0A
#71830000
1!
1A
1j
0f
0c
0`
0\
0X
0T
0P
0L
0I
0J
0M
0Q
0U
0Y
0]
0a
0d
0g
1k
17
08
09
0:
0;
0<
0=
0>
0?
0@
0h
0^
0Z
0R
0N
1F
0.
0-
0,
0+
0*
0)
0(
0'
0&
1%
1G
#71840000
0!
0A
#71850000
1!
1A
1I
1J
1@
1N
0F
1.
1K
0G
#71860000
0!
0A
#71870000
1!
1A
1L
0I
0J
1M
1?
0@
0N
1F
0.
1-
1O
1G
0O
#71880000
0!
0A
#71890000
1!
1A
1I
1J
1@
1R
1N
0F
1.
0K
0G
1O
#71900000
0!
0A
#71910000
1!
1A
1P
0L
0I
0J
0M
1Q
1>
0?
0@
0R
0N
1F
0.
0-
1,
1S
1G
0S
#71920000
0!
0A
#71930000
1!
1A
1I
1J
1@
1N
0F
1.
1K
0G
#71940000
0!
0A
#71950000
1!
1A
1L
0I
0J
1M
1?
0@
0N
1F
0.
1-
0O
1G
1O
#71960000
0!
0A
#71970000
1!
1A
1I
1J
1@
1R
1N
0F
1.
0K
0G
0O
1S
#71980000
0!
0A
#71990000
1!
1A
1T
0P
0L
0I
0J
0M
0Q
1U
1=
0>
0?
0@
0R
0N
1F
0.
0-
0,
1+
1G
#72000000
0!
0A
#72010000
1!
1A
1I
1J
1@
1N
0F
1.
1K
0G
#72020000
0!
0A
#72030000
1!
1A
1L
0I
0J
1M
1?
0@
0N
1F
0.
1-
1O
1G
0O
#72040000
0!
0A
#72050000
1!
1A
1I
1J
1@
1R
1N
0F
1.
0K
0G
1O
#72060000
0!
0A
#72070000
1!
1A
1P
0L
0I
0J
0M
1Q
1>
0?
0@
0R
0N
1F
0.
0-
1,
0S
1G
1S
#72080000
0!
0A
#72090000
1!
1A
1I
1J
1@
1N
0F
1.
1K
0G
#72100000
0!
0A
#72110000
1!
1A
1L
0I
0J
1M
1?
0@
0N
1F
0.
1-
0O
1G
1O
#72120000
0!
0A
#72130000
1!
1A
1I
1J
1@
1Z
1V
1R
1N
0F
1.
0K
0G
0O
0S
1W
#72140000
0!
0A
#72150000
1!
1A
1X
0T
0P
0L
0I
0J
0M
0Q
0U
1Y
1<
0=
0>
0?
0@
0Z
0R
0N
1F
0.
0-
0,
0+
1*
1[
1G
0[
#72160000
0!
0A
#72170000
1!
1A
1I
1J
1@
1N
0F
1.
1K
0G
#72180000
0!
0A
#72190000
1!
1A
1L
0I
0J
1M
1?
0@
0N
1F
0.
1-
1O
1G
0O
#72200000
0!
0A
#72210000
1!
1A
1I
1J
1@
1R
1N
0F
1.
0K
0G
1O
#72220000
0!
0A
#72230000
1!
1A
1P
0L
0I
0J
0M
1Q
1>
0?
0@
0R
0N
1F
0.
0-
1,
1S
1G
0S
#72240000
0!
0A
#72250000
1!
1A
1I
1J
1@
1N
0F
1.
1K
0G
#72260000
0!
0A
#72270000
1!
1A
1L
0I
0J
1M
1?
0@
0N
1F
0.
1-
0O
1G
1O
#72280000
0!
0A
#72290000
1!
1A
1I
1J
1@
1R
1N
0F
1.
0K
0G
0O
1S
#72300000
0!
0A
#72310000
1!
1A
1T
0P
0L
0I
0J
0M
0Q
1U
1=
0>
0?
0@
0R
0N
1F
0.
0-
0,
1+
1G
#72320000
0!
0A
#72330000
1!
1A
1I
1J
1@
1N
0F
1.
1K
0G
#72340000
0!
0A
#72350000
1!
1A
1L
0I
0J
1M
1?
0@
0N
1F
0.
1-
1O
1G
0O
#72360000
0!
0A
#72370000
1!
1A
1I
1J
1@
1R
1N
0F
1.
0K
0G
1O
#72380000
0!
0A
#72390000
1!
1A
1P
0L
0I
0J
0M
1Q
1>
0?
0@
0R
0N
1F
0.
0-
1,
0S
1G
1S
#72400000
0!
0A
#72410000
1!
1A
1I
1J
1@
1N
0F
1.
1K
0G
#72420000
0!
0A
#72430000
1!
1A
1L
0I
0J
1M
1?
0@
0N
1F
0.
1-
0O
1G
1O
#72440000
0!
0A
#72450000
1!
1A
1I
1J
1@
1^
1Z
0V
1R
1N
0F
1.
0K
0G
0O
0S
0W
1[
#72460000
0!
0A
#72470000
1!
1A
1\
0X
0T
0P
0L
0I
0J
0M
0Q
0U
0Y
1]
1;
0<
0=
0>
0?
0@
0^
0Z
0R
0N
1F
0.
0-
0,
0+
0*
1)
1_
1G
0_
#72480000
0!
0A
#72490000
1!
1A
1I
1J
1@
1N
0F
1.
1K
0G
#72500000
0!
0A
#72510000
1!
1A
1L
0I
0J
1M
1?
0@
0N
1F
0.
1-
1O
1G
0O
#72520000
0!
0A
#72530000
1!
1A
1I
1J
1@
1R
1N
0F
1.
0K
0G
1O
#72540000
0!
0A
#72550000
1!
1A
1P
0L
0I
0J
0M
1Q
1>
0?
0@
0R
0N
1F
0.
0-
1,
1S
1G
0S
#72560000
0!
0A
#72570000
1!
1A
1I
1J
1@
1N
0F
1.
1K
0G
#72580000
0!
0A
#72590000
1!
1A
1L
0I
0J
1M
1?
0@
0N
1F
0.
1-
0O
1G
1O
#72600000
0!
0A
#72610000
1!
1A
1I
1J
1@
1R
1N
0F
1.
0K
0G
0O
1S
#72620000
0!
0A
#72630000
1!
1A
1T
0P
0L
0I
0J
0M
0Q
1U
1=
0>
0?
0@
0R
0N
1F
0.
0-
0,
1+
1G
#72640000
0!
0A
#72650000
1!
1A
1I
1J
1@
1N
0F
1.
1K
0G
#72660000
0!
0A
#72670000
1!
1A
1L
0I
0J
1M
1?
0@
0N
1F
0.
1-
1O
1G
0O
#72680000
0!
0A
#72690000
1!
1A
1I
1J
1@
1R
1N
0F
1.
0K
0G
1O
#72700000
0!
0A
#72710000
1!
1A
1P
0L
0I
0J
0M
1Q
1>
0?
0@
0R
0N
1F
0.
0-
1,
0S
1G
1S
#72720000
0!
0A
#72730000
1!
1A
1I
1J
1@
1N
0F
1.
1K
0G
#72740000
0!
0A
#72750000
1!
1A
1L
0I
0J
1M
1?
0@
0N
1F
0.
1-
0O
1G
1O
#72760000
0!
0A
#72770000
1!
1A
1I
1J
1@
1Z
1V
1R
1N
0F
1.
0K
0G
0O
0S
1W
#72780000
0!
0A
#72790000
1!
1A
1X
0T
0P
0L
0I
0J
0M
0Q
0U
1Y
1<
0=
0>
0?
0@
0Z
0R
0N
1F
0.
0-
0,
0+
1*
0[
1G
1[
#72800000
0!
0A
#72810000
1!
1A
1I
1J
1@
1N
0F
1.
1K
0G
#72820000
0!
0A
#72830000
1!
1A
1L
0I
0J
1M
1?
0@
0N
1F
0.
1-
1O
1G
0O
#72840000
0!
0A
#72850000
1!
1A
1I
1J
1@
1R
1N
0F
1.
0K
0G
1O
#72860000
0!
0A
#72870000
1!
1A
1P
0L
0I
0J
0M
1Q
1>
0?
0@
0R
0N
1F
0.
0-
1,
1S
1G
0S
#72880000
0!
0A
#72890000
1!
1A
1I
1J
1@
1N
0F
1.
1K
0G
#72900000
0!
0A
#72910000
1!
1A
1L
0I
0J
1M
1?
0@
0N
1F
0.
1-
0O
1G
1O
#72920000
0!
0A
#72930000
1!
1A
1I
1J
1@
1R
1N
0F
1.
0K
0G
0O
1S
#72940000
0!
0A
#72950000
1!
1A
1T
0P
0L
0I
0J
0M
0Q
1U
1=
0>
0?
0@
0R
0N
1F
0.
0-
0,
1+
1G
#72960000
0!
0A
#72970000
1!
1A
1I
1J
1@
1N
0F
1.
1K
0G
#72980000
0!
0A
#72990000
1!
1A
1L
0I
0J
1M
1?
0@
0N
1F
0.
1-
1O
1G
0O
#73000000
0!
0A
#73010000
1!
1A
1I
1J
1@
1R
1N
0F
1.
0K
0G
1O
#73020000
0!
0A
#73030000
1!
1A
1P
0L
0I
0J
0M
1Q
1>
0?
0@
0R
0N
1F
0.
0-
1,
0S
1G
1S
#73040000
0!
0A
#73050000
1!
1A
1I
1J
1@
1N
0F
1.
1K
0G
#73060000
0!
0A
#73070000
1!
1A
1L
0I
0J
1M
1?
0@
0N
1F
0.
1-
0O
1G
1O
#73080000
0!
0A
#73090000
1!
1A
1I
1J
1@
1^
1Z
0V
1R
1N
0F
1.
0K
0G
0O
0S
0W
0[
1_
#73100000
0!
0A
#73110000
1!
1A
1`
0\
0X
0T
0P
0L
0I
0J
0M
0Q
0U
0Y
0]
1a
1:
0;
0<
0=
0>
0?
0@
0^
0Z
0R
0N
1F
0.
0-
0,
0+
0*
0)
1(
1G
#73120000
0!
0A
#73130000
1!
1A
1I
1J
1@
1N
0F
1.
1K
0G
#73140000
0!
0A
#73150000
1!
1A
1L
0I
0J
1M
1?
0@
0N
1F
0.
1-
1O
1G
0O
#73160000
0!
0A
#73170000
1!
1A
1I
1J
1@
1R
1N
0F
1.
0K
0G
1O
#73180000
0!
0A
#73190000
1!
1A
1P
0L
0I
0J
0M
1Q
1>
0?
0@
0R
0N
1F
0.
0-
1,
1S
1G
0S
#73200000
0!
0A
#73210000
1!
1A
1I
1J
1@
1N
0F
1.
1K
0G
#73220000
0!
0A
#73230000
1!
1A
1L
0I
0J
1M
1?
0@
0N
1F
0.
1-
0O
1G
1O
#73240000
0!
0A
#73250000
1!
1A
1I
1J
1@
1R
1N
0F
1.
0K
0G
0O
1S
#73260000
0!
0A
#73270000
1!
1A
1T
0P
0L
0I
0J
0M
0Q
1U
1=
0>
0?
0@
0R
0N
1F
0.
0-
0,
1+
1G
#73280000
0!
0A
#73290000
1!
1A
1I
1J
1@
1N
0F
1.
1K
0G
#73300000
0!
0A
#73310000
1!
1A
1L
0I
0J
1M
1?
0@
0N
1F
0.
1-
1O
1G
0O
#73320000
0!
0A
#73330000
1!
1A
1I
1J
1@
1R
1N
0F
1.
0K
0G
1O
#73340000
0!
0A
#73350000
1!
1A
1P
0L
0I
0J
0M
1Q
1>
0?
0@
0R
0N
1F
0.
0-
1,
0S
1G
1S
#73360000
0!
0A
#73370000
1!
1A
1I
1J
1@
1N
0F
1.
1K
0G
#73380000
0!
0A
#73390000
1!
1A
1L
0I
0J
1M
1?
0@
0N
1F
0.
1-
0O
1G
1O
#73400000
0!
0A
#73410000
1!
1A
1I
1J
1@
1Z
1V
1R
1N
0F
1.
0K
0G
0O
0S
1W
#73420000
0!
0A
#73430000
1!
1A
1X
0T
0P
0L
0I
0J
0M
0Q
0U
1Y
1<
0=
0>
0?
0@
0Z
0R
0N
1F
0.
0-
0,
0+
1*
1[
1G
0[
#73440000
0!
0A
#73450000
1!
1A
1I
1J
1@
1N
0F
1.
1K
0G
#73460000
0!
0A
#73470000
1!
1A
1L
0I
0J
1M
1?
0@
0N
1F
0.
1-
1O
1G
0O
#73480000
0!
0A
#73490000
1!
1A
1I
1J
1@
1R
1N
0F
1.
0K
0G
1O
#73500000
0!
0A
#73510000
1!
1A
1P
0L
0I
0J
0M
1Q
1>
0?
0@
0R
0N
1F
0.
0-
1,
1S
1G
0S
#73520000
0!
0A
#73530000
1!
1A
1I
1J
1@
1N
0F
1.
1K
0G
#73540000
0!
0A
#73550000
1!
1A
1L
0I
0J
1M
1?
0@
0N
1F
0.
1-
0O
1G
1O
#73560000
0!
0A
#73570000
1!
1A
1I
1J
1@
1R
1N
0F
1.
0K
0G
0O
1S
#73580000
0!
0A
#73590000
1!
1A
1T
0P
0L
0I
0J
0M
0Q
1U
1=
0>
0?
0@
0R
0N
1F
0.
0-
0,
1+
1G
#73600000
0!
0A
#73610000
1!
1A
1I
1J
1@
1N
0F
1.
1K
0G
#73620000
0!
0A
#73630000
1!
1A
1L
0I
0J
1M
1?
0@
0N
1F
0.
1-
1O
1G
0O
#73640000
0!
0A
#73650000
1!
1A
1I
1J
1@
1R
1N
0F
1.
0K
0G
1O
#73660000
0!
0A
#73670000
1!
1A
1P
0L
0I
0J
0M
1Q
1>
0?
0@
0R
0N
1F
0.
0-
1,
0S
1G
1S
#73680000
0!
0A
#73690000
1!
1A
1I
1J
1@
1N
0F
1.
1K
0G
#73700000
0!
0A
#73710000
1!
1A
1L
0I
0J
1M
1?
0@
0N
1F
0.
1-
0O
1G
1O
#73720000
0!
0A
#73730000
1!
1A
1I
1J
1@
1^
1Z
0V
1R
1N
0F
1.
0K
0G
0O
0S
0W
1[
#73740000
0!
0A
#73750000
1!
1A
1\
0X
0T
0P
0L
0I
0J
0M
0Q
0U
0Y
1]
1;
0<
0=
0>
0?
0@
0^
0Z
0R
0N
1F
0.
0-
0,
0+
0*
1)
1b
0_
1G
0b
1_
#73760000
0!
0A
#73770000
1!
1A
1I
1J
1@
1N
0F
1.
1K
0G
#73780000
0!
0A
#73790000
1!
1A
1L
0I
0J
1M
1?
0@
0N
1F
0.
1-
1O
1G
0O
#73800000
0!
0A
#73810000
1!
1A
1I
1J
1@
1R
1N
0F
1.
0K
0G
1O
#73820000
0!
0A
#73830000
1!
1A
1P
0L
0I
0J
0M
1Q
1>
0?
0@
0R
0N
1F
0.
0-
1,
1S
1G
0S
#73840000
0!
0A
#73850000
1!
1A
1I
1J
1@
1N
0F
1.
1K
0G
#73860000
0!
0A
#73870000
1!
1A
1L
0I
0J
1M
1?
0@
0N
1F
0.
1-
0O
1G
1O
#73880000
0!
0A
#73890000
1!
1A
1I
1J
1@
1R
1N
0F
1.
0K
0G
0O
1S
#73900000
0!
0A
#73910000
1!
1A
1T
0P
0L
0I
0J
0M
0Q
1U
1=
0>
0?
0@
0R
0N
1F
0.
0-
0,
1+
1G
#73920000
0!
0A
#73930000
1!
1A
1I
1J
1@
1N
0F
1.
1K
0G
#73940000
0!
0A
#73950000
1!
1A
1L
0I
0J
1M
1?
0@
0N
1F
0.
1-
1O
1G
0O
#73960000
0!
0A
#73970000
1!
1A
1I
1J
1@
1R
1N
0F
1.
0K
0G
1O
#73980000
0!
0A
#73990000
1!
1A
1P
0L
0I
0J
0M
1Q
1>
0?
0@
0R
0N
1F
0.
0-
1,
0S
1G
1S
#74000000
0!
0A
#74010000
1!
1A
1I
1J
1@
1N
0F
1.
1K
0G
#74020000
0!
0A
#74030000
1!
1A
1L
0I
0J
1M
1?
0@
0N
1F
0.
1-
0O
1G
1O
#74040000
0!
0A
#74050000
1!
1A
1I
1J
1@
1Z
1V
1R
1N
0F
1.
0K
0G
0O
0S
1W
#74060000
0!
0A
#74070000
1!
1A
1X
0T
0P
0L
0I
0J
0M
0Q
0U
1Y
1<
0=
0>
0?
0@
0Z
0R
0N
1F
0.
0-
0,
0+
1*
0[
1G
1[
#74080000
0!
0A
#74090000
1!
1A
1I
1J
1@
1N
0F
1.
1K
0G
#74100000
0!
0A
#74110000
1!
1A
1L
0I
0J
1M
1?
0@
0N
1F
0.
1-
1O
1G
0O
#74120000
0!
0A
#74130000
1!
1A
1I
1J
1@
1R
1N
0F
1.
0K
0G
1O
#74140000
0!
0A
#74150000
1!
1A
1P
0L
0I
0J
0M
1Q
1>
0?
0@
0R
0N
1F
0.
0-
1,
1S
1G
0S
#74160000
0!
0A
#74170000
1!
1A
1I
1J
1@
1N
0F
1.
1K
0G
#74180000
0!
0A
#74190000
1!
1A
1L
0I
0J
1M
1?
0@
0N
1F
0.
1-
0O
1G
1O
#74200000
0!
0A
#74210000
1!
1A
1I
1J
1@
1R
1N
0F
1.
0K
0G
0O
1S
#74220000
0!
0A
#74230000
1!
1A
1T
0P
0L
0I
0J
0M
0Q
1U
1=
0>
0?
0@
0R
0N
1F
0.
0-
0,
1+
1G
#74240000
0!
0A
#74250000
1!
1A
1I
1J
1@
1N
0F
1.
1K
0G
#74260000
0!
0A
#74270000
1!
1A
1L
0I
0J
1M
1?
0@
0N
1F
0.
1-
1O
1G
0O
#74280000
0!
0A
#74290000
1!
1A
1I
1J
1@
1R
1N
0F
1.
0K
0G
1O
#74300000
0!
0A
#74310000
1!
1A
1P
0L
0I
0J
0M
1Q
1>
0?
0@
0R
0N
1F
0.
0-
1,
0S
1G
1S
#74320000
0!
0A
#74330000
1!
1A
1I
1J
1@
1N
0F
1.
1K
0G
#74340000
0!
0A
#74350000
1!
1A
1L
0I
0J
1M
1?
0@
0N
1F
0.
1-
0O
1G
1O
#74360000
0!
0A
#74370000
1!
1A
1I
1J
1@
1^
1Z
0V
1R
1N
0F
1.
0K
0G
0O
0S
0W
0[
1b
0_
#74380000
0!
0A
#74390000
1!
1A
1c
0`
0\
0X
0T
0P
0L
0I
0J
0M
0Q
0U
0Y
0]
0a
1d
19
0:
0;
0<
0=
0>
0?
0@
0^
0Z
0R
0N
1F
0.
0-
0,
0+
0*
0)
0(
1'
1G
#74400000
0!
0A
#74410000
1!
1A
1I
1J
1@
1N
0F
1.
1K
0G
#74420000
0!
0A
#74430000
1!
1A
1L
0I
0J
1M
1?
0@
0N
1F
0.
1-
1O
1G
0O
#74440000
0!
0A
#74450000
1!
1A
1I
1J
1@
1R
1N
0F
1.
0K
0G
1O
#74460000
0!
0A
#74470000
1!
1A
1P
0L
0I
0J
0M
1Q
1>
0?
0@
0R
0N
1F
0.
0-
1,
1S
1G
0S
#74480000
0!
0A
#74490000
1!
1A
1I
1J
1@
1N
0F
1.
1K
0G
#74500000
0!
0A
#74510000
1!
1A
1L
0I
0J
1M
1?
0@
0N
1F
0.
1-
0O
1G
1O
#74520000
0!
0A
#74530000
1!
1A
1I
1J
1@
1R
1N
0F
1.
0K
0G
0O
1S
#74540000
0!
0A
#74550000
1!
1A
1T
0P
0L
0I
0J
0M
0Q
1U
1=
0>
0?
0@
0R
0N
1F
0.
0-
0,
1+
1G
#74560000
0!
0A
#74570000
1!
1A
1I
1J
1@
1N
0F
1.
1K
0G
#74580000
0!
0A
#74590000
1!
1A
1L
0I
0J
1M
1?
0@
0N
1F
0.
1-
1O
1G
0O
#74600000
0!
0A
#74610000
1!
1A
1I
1J
1@
1R
1N
0F
1.
0K
0G
1O
#74620000
0!
0A
#74630000
1!
1A
1P
0L
0I
0J
0M
1Q
1>
0?
0@
0R
0N
1F
0.
0-
1,
0S
1G
1S
#74640000
0!
0A
#74650000
1!
1A
1I
1J
1@
1N
0F
1.
1K
0G
#74660000
0!
0A
#74670000
1!
1A
1L
0I
0J
1M
1?
0@
0N
1F
0.
1-
0O
1G
1O
#74680000
0!
0A
#74690000
1!
1A
1I
1J
1@
1Z
1V
1R
1N
0F
1.
0K
0G
0O
0S
1W
#74700000
0!
0A
#74710000
1!
1A
1X
0T
0P
0L
0I
0J
0M
0Q
0U
1Y
1<
0=
0>
0?
0@
0Z
0R
0N
1F
0.
0-
0,
0+
1*
1[
1G
0[
#74720000
0!
0A
#74730000
1!
1A
1I
1J
1@
1N
0F
1.
1K
0G
#74740000
0!
0A
#74750000
1!
1A
1L
0I
0J
1M
1?
0@
0N
1F
0.
1-
1O
1G
0O
#74760000
0!
0A
#74770000
1!
1A
1I
1J
1@
1R
1N
0F
1.
0K
0G
1O
#74780000
0!
0A
#74790000
1!
1A
1P
0L
0I
0J
0M
1Q
1>
0?
0@
0R
0N
1F
0.
0-
1,
1S
1G
0S
#74800000
0!
0A
#74810000
1!
1A
1I
1J
1@
1N
0F
1.
1K
0G
#74820000
0!
0A
#74830000
1!
1A
1L
0I
0J
1M
1?
0@
0N
1F
0.
1-
0O
1G
1O
#74840000
0!
0A
#74850000
1!
1A
1I
1J
1@
1R
1N
0F
1.
0K
0G
0O
1S
#74860000
0!
0A
#74870000
1!
1A
1T
0P
0L
0I
0J
0M
0Q
1U
1=
0>
0?
0@
0R
0N
1F
0.
0-
0,
1+
1G
#74880000
0!
0A
#74890000
1!
1A
1I
1J
1@
1N
0F
1.
1K
0G
#74900000
0!
0A
#74910000
1!
1A
1L
0I
0J
1M
1?
0@
0N
1F
0.
1-
1O
1G
0O
#74920000
0!
0A
#74930000
1!
1A
1I
1J
1@
1R
1N
0F
1.
0K
0G
1O
#74940000
0!
0A
#74950000
1!
1A
1P
0L
0I
0J
0M
1Q
1>
0?
0@
0R
0N
1F
0.
0-
1,
0S
1G
1S
#74960000
0!
0A
#74970000
1!
1A
1I
1J
1@
1N
0F
1.
1K
0G
#74980000
0!
0A
#74990000
1!
1A
1L
0I
0J
1M
1?
0@
0N
1F
0.
1-
0O
1G
1O
#75000000
0!
0A
#75010000
1!
1A
1I
1J
1@
1^
1Z
0V
1R
1N
0F
1.
0K
0G
0O
0S
0W
1[
#75020000
0!
0A
#75030000
1!
1A
1\
0X
0T
0P
0L
0I
0J
0M
0Q
0U
0Y
1]
1;
0<
0=
0>
0?
0@
0^
0Z
0R
0N
1F
0.
0-
0,
0+
0*
1)
1_
1G
0_
#75040000
0!
0A
#75050000
1!
1A
1I
1J
1@
1N
0F
1.
1K
0G
#75060000
0!
0A
#75070000
1!
1A
1L
0I
0J
1M
1?
0@
0N
1F
0.
1-
1O
1G
0O
#75080000
0!
0A
#75090000
1!
1A
1I
1J
1@
1R
1N
0F
1.
0K
0G
1O
#75100000
0!
0A
#75110000
1!
1A
1P
0L
0I
0J
0M
1Q
1>
0?
0@
0R
0N
1F
0.
0-
1,
1S
1G
0S
#75120000
0!
0A
#75130000
1!
1A
1I
1J
1@
1N
0F
1.
1K
0G
#75140000
0!
0A
#75150000
1!
1A
1L
0I
0J
1M
1?
0@
0N
1F
0.
1-
0O
1G
1O
#75160000
0!
0A
#75170000
1!
1A
1I
1J
1@
1R
1N
0F
1.
0K
0G
0O
1S
#75180000
0!
0A
#75190000
1!
1A
1T
0P
0L
0I
0J
0M
0Q
1U
1=
0>
0?
0@
0R
0N
1F
0.
0-
0,
1+
1G
#75200000
0!
0A
#75210000
1!
1A
1I
1J
1@
1N
0F
1.
1K
0G
#75220000
0!
0A
#75230000
1!
1A
1L
0I
0J
1M
1?
0@
0N
1F
0.
1-
1O
1G
0O
#75240000
0!
0A
#75250000
1!
1A
1I
1J
1@
1R
1N
0F
1.
0K
0G
1O
#75260000
0!
0A
#75270000
1!
1A
1P
0L
0I
0J
0M
1Q
1>
0?
0@
0R
0N
1F
0.
0-
1,
0S
1G
1S
#75280000
0!
0A
#75290000
1!
1A
1I
1J
1@
1N
0F
1.
1K
0G
#75300000
0!
0A
#75310000
1!
1A
1L
0I
0J
1M
1?
0@
0N
1F
0.
1-
0O
1G
1O
#75320000
0!
0A
#75330000
1!
1A
1I
1J
1@
1Z
1V
1R
1N
0F
1.
0K
0G
0O
0S
1W
#75340000
0!
0A
#75350000
1!
1A
1X
0T
0P
0L
0I
0J
0M
0Q
0U
1Y
1<
0=
0>
0?
0@
0Z
0R
0N
1F
0.
0-
0,
0+
1*
0[
1G
1[
#75360000
0!
0A
#75370000
1!
1A
1I
1J
1@
1N
0F
1.
1K
0G
#75380000
0!
0A
#75390000
1!
1A
1L
0I
0J
1M
1?
0@
0N
1F
0.
1-
1O
1G
0O
#75400000
0!
0A
#75410000
1!
1A
1I
1J
1@
1R
1N
0F
1.
0K
0G
1O
#75420000
0!
0A
#75430000
1!
1A
1P
0L
0I
0J
0M
1Q
1>
0?
0@
0R
0N
1F
0.
0-
1,
1S
1G
0S
#75440000
0!
0A
#75450000
1!
1A
1I
1J
1@
1N
0F
1.
1K
0G
#75460000
0!
0A
#75470000
1!
1A
1L
0I
0J
1M
1?
0@
0N
1F
0.
1-
0O
1G
1O
#75480000
0!
0A
#75490000
1!
1A
1I
1J
1@
1R
1N
0F
1.
0K
0G
0O
1S
#75500000
0!
0A
#75510000
1!
1A
1T
0P
0L
0I
0J
0M
0Q
1U
1=
0>
0?
0@
0R
0N
1F
0.
0-
0,
1+
1G
#75520000
0!
0A
#75530000
1!
1A
1I
1J
1@
1N
0F
1.
1K
0G
#75540000
0!
0A
#75550000
1!
1A
1L
0I
0J
1M
1?
0@
0N
1F
0.
1-
1O
1G
0O
#75560000
0!
0A
#75570000
1!
1A
1I
1J
1@
1R
1N
0F
1.
0K
0G
1O
#75580000
0!
0A
#75590000
1!
1A
1P
0L
0I
0J
0M
1Q
1>
0?
0@
0R
0N
1F
0.
0-
1,
0S
1G
1S
#75600000
0!
0A
#75610000
1!
1A
1I
1J
1@
1N
0F
1.
1K
0G
#75620000
0!
0A
#75630000
1!
1A
1L
0I
0J
1M
1?
0@
0N
1F
0.
1-
0O
1G
1O
#75640000
0!
0A
#75650000
1!
1A
1I
1J
1@
1^
1Z
0V
1R
1N
0F
1.
0K
0G
0O
0S
0W
0[
1_
#75660000
0!
0A
#75670000
1!
1A
1`
0\
0X
0T
0P
0L
0I
0J
0M
0Q
0U
0Y
0]
1a
1:
0;
0<
0=
0>
0?
0@
0^
0Z
0R
0N
1F
0.
0-
0,
0+
0*
0)
1(
1G
#75680000
0!
0A
#75690000
1!
1A
1I
1J
1@
1N
0F
1.
1K
0G
#75700000
0!
0A
#75710000
1!
1A
1L
0I
0J
1M
1?
0@
0N
1F
0.
1-
1O
1G
0O
#75720000
0!
0A
#75730000
1!
1A
1I
1J
1@
1R
1N
0F
1.
0K
0G
1O
#75740000
0!
0A
#75750000
1!
1A
1P
0L
0I
0J
0M
1Q
1>
0?
0@
0R
0N
1F
0.
0-
1,
1S
1G
0S
#75760000
0!
0A
#75770000
1!
1A
1I
1J
1@
1N
0F
1.
1K
0G
#75780000
0!
0A
#75790000
1!
1A
1L
0I
0J
1M
1?
0@
0N
1F
0.
1-
0O
1G
1O
#75800000
0!
0A
#75810000
1!
1A
1I
1J
1@
1R
1N
0F
1.
0K
0G
0O
1S
#75820000
0!
0A
#75830000
1!
1A
1T
0P
0L
0I
0J
0M
0Q
1U
1=
0>
0?
0@
0R
0N
1F
0.
0-
0,
1+
1G
#75840000
0!
0A
#75850000
1!
1A
1I
1J
1@
1N
0F
1.
1K
0G
#75860000
0!
0A
#75870000
1!
1A
1L
0I
0J
1M
1?
0@
0N
1F
0.
1-
1O
1G
0O
#75880000
0!
0A
#75890000
1!
1A
1I
1J
1@
1R
1N
0F
1.
0K
0G
1O
#75900000
0!
0A
#75910000
1!
1A
1P
0L
0I
0J
0M
1Q
1>
0?
0@
0R
0N
1F
0.
0-
1,
0S
1G
1S
#75920000
0!
0A
#75930000
1!
1A
1I
1J
1@
1N
0F
1.
1K
0G
#75940000
0!
0A
#75950000
1!
1A
1L
0I
0J
1M
1?
0@
0N
1F
0.
1-
0O
1G
1O
#75960000
0!
0A
#75970000
1!
1A
1I
1J
1@
1Z
1V
1R
1N
0F
1.
0K
0G
0O
0S
1W
#75980000
0!
0A
#75990000
1!
1A
1X
0T
0P
0L
0I
0J
0M
0Q
0U
1Y
1<
0=
0>
0?
0@
0Z
0R
0N
1F
0.
0-
0,
0+
1*
1[
1G
0[
#76000000
0!
0A
#76010000
1!
1A
1I
1J
1@
1N
0F
1.
1K
0G
#76020000
0!
0A
#76030000
1!
1A
1L
0I
0J
1M
1?
0@
0N
1F
0.
1-
1O
1G
0O
#76040000
0!
0A
#76050000
1!
1A
1I
1J
1@
1R
1N
0F
1.
0K
0G
1O
#76060000
0!
0A
#76070000
1!
1A
1P
0L
0I
0J
0M
1Q
1>
0?
0@
0R
0N
1F
0.
0-
1,
1S
1G
0S
#76080000
0!
0A
#76090000
1!
1A
1I
1J
1@
1N
0F
1.
1K
0G
#76100000
0!
0A
#76110000
1!
1A
1L
0I
0J
1M
1?
0@
0N
1F
0.
1-
0O
1G
1O
#76120000
0!
0A
#76130000
1!
1A
1I
1J
1@
1R
1N
0F
1.
0K
0G
0O
1S
#76140000
0!
0A
#76150000
1!
1A
1T
0P
0L
0I
0J
0M
0Q
1U
1=
0>
0?
0@
0R
0N
1F
0.
0-
0,
1+
1G
#76160000
0!
0A
#76170000
1!
1A
1I
1J
1@
1N
0F
1.
1K
0G
#76180000
0!
0A
#76190000
1!
1A
1L
0I
0J
1M
1?
0@
0N
1F
0.
1-
1O
1G
0O
#76200000
0!
0A
#76210000
1!
1A
1I
1J
1@
1R
1N
0F
1.
0K
0G
1O
#76220000
0!
0A
#76230000
1!
1A
1P
0L
0I
0J
0M
1Q
1>
0?
0@
0R
0N
1F
0.
0-
1,
0S
1G
1S
#76240000
0!
0A
#76250000
1!
1A
1I
1J
1@
1N
0F
1.
1K
0G
#76260000
0!
0A
#76270000
1!
1A
1L
0I
0J
1M
1?
0@
0N
1F
0.
1-
0O
1G
1O
#76280000
0!
0A
#76290000
1!
1A
1I
1J
1@
1^
1Z
0V
1R
1N
0F
1.
0K
0G
0O
0S
0W
1[
#76300000
0!
0A
#76310000
1!
1A
1\
0X
0T
0P
0L
0I
0J
0M
0Q
0U
0Y
1]
1;
0<
0=
0>
0?
0@
0^
0Z
0R
0N
1F
0.
0-
0,
0+
0*
1)
1e
0b
0_
1G
0e
1b
1_
#76320000
0!
0A
#76330000
1!
1A
1I
1J
1@
1N
0F
1.
1K
0G
#76340000
0!
0A
#76350000
1!
1A
1L
0I
0J
1M
1?
0@
0N
1F
0.
1-
1O
1G
0O
#76360000
0!
0A
#76370000
1!
1A
1I
1J
1@
1R
1N
0F
1.
0K
0G
1O
#76380000
0!
0A
#76390000
1!
1A
1P
0L
0I
0J
0M
1Q
1>
0?
0@
0R
0N
1F
0.
0-
1,
1S
1G
0S
#76400000
0!
0A
#76410000
1!
1A
1I
1J
1@
1N
0F
1.
1K
0G
#76420000
0!
0A
#76430000
1!
1A
1L
0I
0J
1M
1?
0@
0N
1F
0.
1-
0O
1G
1O
#76440000
0!
0A
#76450000
1!
1A
1I
1J
1@
1R
1N
0F
1.
0K
0G
0O
1S
#76460000
0!
0A
#76470000
1!
1A
1T
0P
0L
0I
0J
0M
0Q
1U
1=
0>
0?
0@
0R
0N
1F
0.
0-
0,
1+
1G
#76480000
0!
0A
#76490000
1!
1A
1I
1J
1@
1N
0F
1.
1K
0G
#76500000
0!
0A
#76510000
1!
1A
1L
0I
0J
1M
1?
0@
0N
1F
0.
1-
1O
1G
0O
#76520000
0!
0A
#76530000
1!
1A
1I
1J
1@
1R
1N
0F
1.
0K
0G
1O
#76540000
0!
0A
#76550000
1!
1A
1P
0L
0I
0J
0M
1Q
1>
0?
0@
0R
0N
1F
0.
0-
1,
0S
1G
1S
#76560000
0!
0A
#76570000
1!
1A
1I
1J
1@
1N
0F
1.
1K
0G
#76580000
0!
0A
#76590000
1!
1A
1L
0I
0J
1M
1?
0@
0N
1F
0.
1-
0O
1G
1O
#76600000
0!
0A
#76610000
1!
1A
1I
1J
1@
1Z
1V
1R
1N
0F
1.
0K
0G
0O
0S
1W
#76620000
0!
0A
#76630000
1!
1A
1X
0T
0P
0L
0I
0J
0M
0Q
0U
1Y
1<
0=
0>
0?
0@
0Z
0R
0N
1F
0.
0-
0,
0+
1*
0[
1G
1[
#76640000
0!
0A
#76650000
1!
1A
1I
1J
1@
1N
0F
1.
1K
0G
#76660000
0!
0A
#76670000
1!
1A
1L
0I
0J
1M
1?
0@
0N
1F
0.
1-
1O
1G
0O
#76680000
0!
0A
#76690000
1!
1A
1I
1J
1@
1R
1N
0F
1.
0K
0G
1O
#76700000
0!
0A
#76710000
1!
1A
1P
0L
0I
0J
0M
1Q
1>
0?
0@
0R
0N
1F
0.
0-
1,
1S
1G
0S
#76720000
0!
0A
#76730000
1!
1A
1I
1J
1@
1N
0F
1.
1K
0G
#76740000
0!
0A
#76750000
1!
1A
1L
0I
0J
1M
1?
0@
0N
1F
0.
1-
0O
1G
1O
#76760000
0!
0A
#76770000
1!
1A
1I
1J
1@
1R
1N
0F
1.
0K
0G
0O
1S
#76780000
0!
0A
#76790000
1!
1A
1T
0P
0L
0I
0J
0M
0Q
1U
1=
0>
0?
0@
0R
0N
1F
0.
0-
0,
1+
1G
#76800000
0!
0A
#76810000
1!
1A
1I
1J
1@
1N
0F
1.
1K
0G
#76820000
0!
0A
#76830000
1!
1A
1L
0I
0J
1M
1?
0@
0N
1F
0.
1-
1O
1G
0O
#76840000
0!
0A
#76850000
1!
1A
1I
1J
1@
1R
1N
0F
1.
0K
0G
1O
#76860000
0!
0A
#76870000
1!
1A
1P
0L
0I
0J
0M
1Q
1>
0?
0@
0R
0N
1F
0.
0-
1,
0S
1G
1S
#76880000
0!
0A
#76890000
1!
1A
1I
1J
1@
1N
0F
1.
1K
0G
#76900000
0!
0A
#76910000
1!
1A
1L
0I
0J
1M
1?
0@
0N
1F
0.
1-
0O
1G
1O
#76920000
0!
0A
#76930000
1!
1A
1I
1J
1@
1^
1Z
0V
1R
1N
0F
1.
0K
0G
0O
0S
0W
0[
1e
0b
0_
#76940000
0!
0A
#76950000
1!
1A
1f
0c
0`
0\
0X
0T
0P
0L
0I
0J
0M
0Q
0U
0Y
0]
0a
0d
1g
18
09
0:
0;
0<
0=
0>
0?
0@
0^
0Z
0R
0N
1F
0.
0-
0,
0+
0*
0)
0(
0'
1&
1G
#76960000
0!
0A
#76970000
1!
1A
1I
1J
1@
1N
0F
1.
1K
0G
#76980000
0!
0A
#76990000
1!
1A
1L
0I
0J
1M
1?
0@
0N
1F
0.
1-
1O
1G
0O
#77000000
0!
0A
#77010000
1!
1A
1I
1J
1@
1R
1N
0F
1.
0K
0G
1O
#77020000
0!
0A
#77030000
1!
1A
1P
0L
0I
0J
0M
1Q
1>
0?
0@
0R
0N
1F
0.
0-
1,
1S
1G
0S
#77040000
0!
0A
#77050000
1!
1A
1I
1J
1@
1N
0F
1.
1K
0G
#77060000
0!
0A
#77070000
1!
1A
1L
0I
0J
1M
1?
0@
0N
1F
0.
1-
0O
1G
1O
#77080000
0!
0A
#77090000
1!
1A
1I
1J
1@
1R
1N
0F
1.
0K
0G
0O
1S
#77100000
0!
0A
#77110000
1!
1A
1T
0P
0L
0I
0J
0M
0Q
1U
1=
0>
0?
0@
0R
0N
1F
0.
0-
0,
1+
1G
#77120000
0!
0A
#77130000
1!
1A
1I
1J
1@
1N
0F
1.
1K
0G
#77140000
0!
0A
#77150000
1!
1A
1L
0I
0J
1M
1?
0@
0N
1F
0.
1-
1O
1G
0O
#77160000
0!
0A
#77170000
1!
1A
1I
1J
1@
1R
1N
0F
1.
0K
0G
1O
#77180000
0!
0A
#77190000
1!
1A
1P
0L
0I
0J
0M
1Q
1>
0?
0@
0R
0N
1F
0.
0-
1,
0S
1G
1S
#77200000
0!
0A
#77210000
1!
1A
1I
1J
1@
1N
0F
1.
1K
0G
#77220000
0!
0A
#77230000
1!
1A
1L
0I
0J
1M
1?
0@
0N
1F
0.
1-
0O
1G
1O
#77240000
0!
0A
#77250000
1!
1A
1I
1J
1@
1Z
1V
1R
1N
0F
1.
0K
0G
0O
0S
1W
#77260000
0!
0A
#77270000
1!
1A
1X
0T
0P
0L
0I
0J
0M
0Q
0U
1Y
1<
0=
0>
0?
0@
0Z
0R
0N
1F
0.
0-
0,
0+
1*
1[
1G
0[
#77280000
0!
0A
#77290000
1!
1A
1I
1J
1@
1N
0F
1.
1K
0G
#77300000
0!
0A
#77310000
1!
1A
1L
0I
0J
1M
1?
0@
0N
1F
0.
1-
1O
1G
0O
#77320000
0!
0A
#77330000
1!
1A
1I
1J
1@
1R
1N
0F
1.
0K
0G
1O
#77340000
0!
0A
#77350000
1!
1A
1P
0L
0I
0J
0M
1Q
1>
0?
0@
0R
0N
1F
0.
0-
1,
1S
1G
0S
#77360000
0!
0A
#77370000
1!
1A
1I
1J
1@
1N
0F
1.
1K
0G
#77380000
0!
0A
#77390000
1!
1A
1L
0I
0J
1M
1?
0@
0N
1F
0.
1-
0O
1G
1O
#77400000
0!
0A
#77410000
1!
1A
1I
1J
1@
1R
1N
0F
1.
0K
0G
0O
1S
#77420000
0!
0A
#77430000
1!
1A
1T
0P
0L
0I
0J
0M
0Q
1U
1=
0>
0?
0@
0R
0N
1F
0.
0-
0,
1+
1G
#77440000
0!
0A
#77450000
1!
1A
1I
1J
1@
1N
0F
1.
1K
0G
#77460000
0!
0A
#77470000
1!
1A
1L
0I
0J
1M
1?
0@
0N
1F
0.
1-
1O
1G
0O
#77480000
0!
0A
#77490000
1!
1A
1I
1J
1@
1R
1N
0F
1.
0K
0G
1O
#77500000
0!
0A
#77510000
1!
1A
1P
0L
0I
0J
0M
1Q
1>
0?
0@
0R
0N
1F
0.
0-
1,
0S
1G
1S
#77520000
0!
0A
#77530000
1!
1A
1I
1J
1@
1N
0F
1.
1K
0G
#77540000
0!
0A
#77550000
1!
1A
1L
0I
0J
1M
1?
0@
0N
1F
0.
1-
0O
1G
1O
#77560000
0!
0A
#77570000
1!
1A
1I
1J
1@
1^
1Z
0V
1R
1N
0F
1.
0K
0G
0O
0S
0W
1[
#77580000
0!
0A
#77590000
1!
1A
1\
0X
0T
0P
0L
0I
0J
0M
0Q
0U
0Y
1]
1;
0<
0=
0>
0?
0@
1h
0^
0Z
0R
0N
1F
0.
0-
0,
0+
0*
1)
1_
1G
0_
#77600000
0!
0A
#77610000
1!
1A
1I
1J
1@
1N
0F
1.
1K
0G
#77620000
0!
0A
#77630000
1!
1A
1L
0I
0J
1M
1?
0@
0N
1F
0.
1-
1O
1G
0O
#77640000
0!
0A
#77650000
1!
1A
1I
1J
1@
1R
1N
0F
1.
0K
0G
1O
#77660000
0!
0A
#77670000
1!
1A
1P
0L
0I
0J
0M
1Q
1>
0?
0@
0R
0N
1F
0.
0-
1,
1S
1G
0S
#77680000
0!
0A
#77690000
1!
1A
1I
1J
1@
1N
0F
1.
1K
0G
#77700000
0!
0A
#77710000
1!
1A
1L
0I
0J
1M
1?
0@
0N
1F
0.
1-
0O
1G
1O
#77720000
0!
0A
#77730000
1!
1A
1I
1J
1@
1R
1N
0F
1.
0K
0G
0O
1S
#77740000
0!
0A
#77750000
1!
1A
1T
0P
0L
0I
0J
0M
0Q
1U
1=
0>
0?
0@
0R
0N
1F
0.
0-
0,
1+
1G
#77760000
0!
0A
#77770000
1!
1A
1I
1J
1@
1N
0F
1.
1K
0G
#77780000
0!
0A
#77790000
1!
1A
1L
0I
0J
1M
1?
0@
0N
1F
0.
1-
1O
1G
0O
#77800000
0!
0A
#77810000
1!
1A
1I
1J
1@
1R
1N
0F
1.
0K
0G
1O
#77820000
0!
0A
#77830000
1!
1A
1P
0L
0I
0J
0M
1Q
1>
0?
0@
0R
0N
1F
0.
0-
1,
0S
1G
1S
#77840000
0!
0A
#77850000
1!
1A
1I
1J
1@
1N
0F
1.
1K
0G
#77860000
0!
0A
#77870000
1!
1A
1L
0I
0J
1M
1?
0@
0N
1F
0.
1-
0O
1G
1O
#77880000
0!
0A
#77890000
1!
1A
1I
1J
1@
1Z
1V
1R
1N
0F
1.
0K
0G
0O
0S
1W
#77900000
0!
0A
#77910000
1!
1A
1X
0T
0P
0L
0I
0J
0M
0Q
0U
1Y
1<
0=
0>
0?
0@
0Z
0R
0N
1F
0.
0-
0,
0+
1*
0[
1G
1[
#77920000
0!
0A
#77930000
1!
1A
1I
1J
1@
1N
0F
1.
1K
0G
#77940000
0!
0A
#77950000
1!
1A
1L
0I
0J
1M
1?
0@
0N
1F
0.
1-
1O
1G
0O
#77960000
0!
0A
#77970000
1!
1A
1I
1J
1@
1R
1N
0F
1.
0K
0G
1O
#77980000
0!
0A
#77990000
1!
1A
1P
0L
0I
0J
0M
1Q
1>
0?
0@
0R
0N
1F
0.
0-
1,
1S
1G
0S
#78000000
0!
0A
#78010000
1!
1A
1I
1J
1@
1N
0F
1.
1K
0G
#78020000
0!
0A
#78030000
1!
1A
1L
0I
0J
1M
1?
0@
0N
1F
0.
1-
0O
1G
1O
#78040000
0!
0A
#78050000
1!
1A
1I
1J
1@
1R
1N
0F
1.
0K
0G
0O
1S
#78060000
0!
0A
#78070000
1!
1A
1T
0P
0L
0I
0J
0M
0Q
1U
1=
0>
0?
0@
0R
0N
1F
0.
0-
0,
1+
1G
#78080000
0!
0A
#78090000
1!
1A
1I
1J
1@
1N
0F
1.
1K
0G
#78100000
0!
0A
#78110000
1!
1A
1L
0I
0J
1M
1?
0@
0N
1F
0.
1-
1O
1G
0O
#78120000
0!
0A
#78130000
1!
1A
1I
1J
1@
1R
1N
0F
1.
0K
0G
1O
#78140000
0!
0A
#78150000
1!
1A
1P
0L
0I
0J
0M
1Q
1>
0?
0@
0R
0N
1F
0.
0-
1,
0S
1G
1S
#78160000
0!
0A
#78170000
1!
1A
1I
1J
1@
1N
0F
1.
1K
0G
#78180000
0!
0A
#78190000
1!
1A
1L
0I
0J
1M
1?
0@
0N
1F
0.
1-
0O
1G
1O
#78200000
0!
0A
#78210000
1!
1A
1I
1J
1@
1^
1Z
0V
1R
1N
0F
1.
0K
0G
0O
0S
0W
0[
1_
#78220000
0!
0A
#78230000
1!
1A
1`
0\
0X
0T
0P
0L
0I
0J
0M
0Q
0U
0Y
0]
1a
1:
0;
0<
0=
0>
0?
0@
0h
0^
0Z
0R
0N
1F
0.
0-
0,
0+
0*
0)
1(
1G
#78240000
0!
0A
#78250000
1!
1A
1I
1J
1@
1N
0F
1.
1K
0G
#78260000
0!
0A
#78270000
1!
1A
1L
0I
0J
1M
1?
0@
0N
1F
0.
1-
1O
1G
0O
#78280000
0!
0A
#78290000
1!
1A
1I
1J
1@
1R
1N
0F
1.
0K
0G
1O
#78300000
0!
0A
#78310000
1!
1A
1P
0L
0I
0J
0M
1Q
1>
0?
0@
0R
0N
1F
0.
0-
1,
1S
1G
0S
#78320000
0!
0A
#78330000
1!
1A
1I
1J
1@
1N
0F
1.
1K
0G
#78340000
0!
0A
#78350000
1!
1A
1L
0I
0J
1M
1?
0@
0N
1F
0.
1-
0O
1G
1O
#78360000
0!
0A
#78370000
1!
1A
1I
1J
1@
1R
1N
0F
1.
0K
0G
0O
1S
#78380000
0!
0A
#78390000
1!
1A
1T
0P
0L
0I
0J
0M
0Q
1U
1=
0>
0?
0@
0R
0N
1F
0.
0-
0,
1+
1G
#78400000
0!
0A
#78410000
1!
1A
1I
1J
1@
1N
0F
1.
1K
0G
#78420000
0!
0A
#78430000
1!
1A
1L
0I
0J
1M
1?
0@
0N
1F
0.
1-
1O
1G
0O
#78440000
0!
0A
#78450000
1!
1A
1I
1J
1@
1R
1N
0F
1.
0K
0G
1O
#78460000
0!
0A
#78470000
1!
1A
1P
0L
0I
0J
0M
1Q
1>
0?
0@
0R
0N
1F
0.
0-
1,
0S
1G
1S
#78480000
0!
0A
#78490000
1!
1A
1I
1J
1@
1N
0F
1.
1K
0G
#78500000
0!
0A
#78510000
1!
1A
1L
0I
0J
1M
1?
0@
0N
1F
0.
1-
0O
1G
1O
#78520000
0!
0A
#78530000
1!
1A
1I
1J
1@
1Z
1V
1R
1N
0F
1.
0K
0G
0O
0S
1W
#78540000
0!
0A
#78550000
1!
1A
1X
0T
0P
0L
0I
0J
0M
0Q
0U
1Y
1<
0=
0>
0?
0@
0Z
0R
0N
1F
0.
0-
0,
0+
1*
1[
1G
0[
#78560000
0!
0A
#78570000
1!
1A
1I
1J
1@
1N
0F
1.
1K
0G
#78580000
0!
0A
#78590000
1!
1A
1L
0I
0J
1M
1?
0@
0N
1F
0.
1-
1O
1G
0O
#78600000
0!
0A
#78610000
1!
1A
1I
1J
1@
1R
1N
0F
1.
0K
0G
1O
#78620000
0!
0A
#78630000
1!
1A
1P
0L
0I
0J
0M
1Q
1>
0?
0@
0R
0N
1F
0.
0-
1,
1S
1G
0S
#78640000
0!
0A
#78650000
1!
1A
1I
1J
1@
1N
0F
1.
1K
0G
#78660000
0!
0A
#78670000
1!
1A
1L
0I
0J
1M
1?
0@
0N
1F
0.
1-
0O
1G
1O
#78680000
0!
0A
#78690000
1!
1A
1I
1J
1@
1R
1N
0F
1.
0K
0G
0O
1S
#78700000
0!
0A
#78710000
1!
1A
1T
0P
0L
0I
0J
0M
0Q
1U
1=
0>
0?
0@
0R
0N
1F
0.
0-
0,
1+
1G
#78720000
0!
0A
#78730000
1!
1A
1I
1J
1@
1N
0F
1.
1K
0G
#78740000
0!
0A
#78750000
1!
1A
1L
0I
0J
1M
1?
0@
0N
1F
0.
1-
1O
1G
0O
#78760000
0!
0A
#78770000
1!
1A
1I
1J
1@
1R
1N
0F
1.
0K
0G
1O
#78780000
0!
0A
#78790000
1!
1A
1P
0L
0I
0J
0M
1Q
1>
0?
0@
0R
0N
1F
0.
0-
1,
0S
1G
1S
#78800000
0!
0A
#78810000
1!
1A
1I
1J
1@
1N
0F
1.
1K
0G
#78820000
0!
0A
#78830000
1!
1A
1L
0I
0J
1M
1?
0@
0N
1F
0.
1-
0O
1G
1O
#78840000
0!
0A
#78850000
1!
1A
1I
1J
1@
1^
1Z
0V
1R
1N
0F
1.
0K
0G
0O
0S
0W
1[
#78860000
0!
0A
#78870000
1!
1A
1\
0X
0T
0P
0L
0I
0J
0M
0Q
0U
0Y
1]
1;
0<
0=
0>
0?
0@
1h
0^
0Z
0R
0N
1F
0.
0-
0,
0+
0*
1)
1b
0_
1G
0b
1_
#78880000
0!
0A
#78890000
1!
1A
1I
1J
1@
1N
0F
1.
1K
0G
#78900000
0!
0A
#78910000
1!
1A
1L
0I
0J
1M
1?
0@
0N
1F
0.
1-
1O
1G
0O
#78920000
0!
0A
#78930000
1!
1A
1I
1J
1@
1R
1N
0F
1.
0K
0G
1O
#78940000
0!
0A
#78950000
1!
1A
1P
0L
0I
0J
0M
1Q
1>
0?
0@
0R
0N
1F
0.
0-
1,
1S
1G
0S
#78960000
0!
0A
#78970000
1!
1A
1I
1J
1@
1N
0F
1.
1K
0G
#78980000
0!
0A
#78990000
1!
1A
1L
0I
0J
1M
1?
0@
0N
1F
0.
1-
0O
1G
1O
#79000000
0!
0A
#79010000
1!
1A
1I
1J
1@
1R
1N
0F
1.
0K
0G
0O
1S
#79020000
0!
0A
#79030000
1!
1A
1T
0P
0L
0I
0J
0M
0Q
1U
1=
0>
0?
0@
0R
0N
1F
0.
0-
0,
1+
1G
#79040000
0!
0A
#79050000
1!
1A
1I
1J
1@
1N
0F
1.
1K
0G
#79060000
0!
0A
#79070000
1!
1A
1L
0I
0J
1M
1?
0@
0N
1F
0.
1-
1O
1G
0O
#79080000
0!
0A
#79090000
1!
1A
1I
1J
1@
1R
1N
0F
1.
0K
0G
1O
#79100000
0!
0A
#79110000
1!
1A
1P
0L
0I
0J
0M
1Q
1>
0?
0@
0R
0N
1F
0.
0-
1,
0S
1G
1S
#79120000
0!
0A
#79130000
1!
1A
1I
1J
1@
1N
0F
1.
1K
0G
#79140000
0!
0A
#79150000
1!
1A
1L
0I
0J
1M
1?
0@
0N
1F
0.
1-
0O
1G
1O
#79160000
0!
0A
#79170000
1!
1A
1I
1J
1@
1Z
1V
1R
1N
0F
1.
0K
0G
0O
0S
1W
#79180000
0!
0A
#79190000
1!
1A
1X
0T
0P
0L
0I
0J
0M
0Q
0U
1Y
1<
0=
0>
0?
0@
0Z
0R
0N
1F
0.
0-
0,
0+
1*
0[
1G
1[
#79200000
0!
0A
#79210000
1!
1A
1I
1J
1@
1N
0F
1.
1K
0G
#79220000
0!
0A
#79230000
1!
1A
1L
0I
0J
1M
1?
0@
0N
1F
0.
1-
1O
1G
0O
#79240000
0!
0A
#79250000
1!
1A
1I
1J
1@
1R
1N
0F
1.
0K
0G
1O
#79260000
0!
0A
#79270000
1!
1A
1P
0L
0I
0J
0M
1Q
1>
0?
0@
0R
0N
1F
0.
0-
1,
1S
1G
0S
#79280000
0!
0A
#79290000
1!
1A
1I
1J
1@
1N
0F
1.
1K
0G
#79300000
0!
0A
#79310000
1!
1A
1L
0I
0J
1M
1?
0@
0N
1F
0.
1-
0O
1G
1O
#79320000
0!
0A
#79330000
1!
1A
1I
1J
1@
1R
1N
0F
1.
0K
0G
0O
1S
#79340000
0!
0A
#79350000
1!
1A
1T
0P
0L
0I
0J
0M
0Q
1U
1=
0>
0?
0@
0R
0N
1F
0.
0-
0,
1+
1G
#79360000
0!
0A
#79370000
1!
1A
1I
1J
1@
1N
0F
1.
1K
0G
#79380000
0!
0A
#79390000
1!
1A
1L
0I
0J
1M
1?
0@
0N
1F
0.
1-
1O
1G
0O
#79400000
0!
0A
#79410000
1!
1A
1I
1J
1@
1R
1N
0F
1.
0K
0G
1O
#79420000
0!
0A
#79430000
1!
1A
1P
0L
0I
0J
0M
1Q
1>
0?
0@
0R
0N
1F
0.
0-
1,
0S
1G
1S
#79440000
0!
0A
#79450000
1!
1A
1I
1J
1@
1N
0F
1.
1K
0G
#79460000
0!
0A
#79470000
1!
1A
1L
0I
0J
1M
1?
0@
0N
1F
0.
1-
0O
1G
1O
#79480000
0!
0A
#79490000
1!
1A
1I
1J
1@
1^
1Z
0V
1R
1N
0F
1.
0K
0G
0O
0S
0W
0[
1b
0_
#79500000
0!
0A
#79510000
1!
1A
1c
0`
0\
0X
0T
0P
0L
0I
0J
0M
0Q
0U
0Y
0]
0a
1d
19
0:
0;
0<
0=
0>
0?
0@
0h
0^
0Z
0R
0N
1F
0.
0-
0,
0+
0*
0)
0(
1'
1G
#79520000
0!
0A
#79530000
1!
1A
1I
1J
1@
1N
0F
1.
1K
0G
#79540000
0!
0A
#79550000
1!
1A
1L
0I
0J
1M
1?
0@
0N
1F
0.
1-
1O
1G
0O
#79560000
0!
0A
#79570000
1!
1A
1I
1J
1@
1R
1N
0F
1.
0K
0G
1O
#79580000
0!
0A
#79590000
1!
1A
1P
0L
0I
0J
0M
1Q
1>
0?
0@
0R
0N
1F
0.
0-
1,
1S
1G
0S
#79600000
0!
0A
#79610000
1!
1A
1I
1J
1@
1N
0F
1.
1K
0G
#79620000
0!
0A
#79630000
1!
1A
1L
0I
0J
1M
1?
0@
0N
1F
0.
1-
0O
1G
1O
#79640000
0!
0A
#79650000
1!
1A
1I
1J
1@
1R
1N
0F
1.
0K
0G
0O
1S
#79660000
0!
0A
#79670000
1!
1A
1T
0P
0L
0I
0J
0M
0Q
1U
1=
0>
0?
0@
0R
0N
1F
0.
0-
0,
1+
1G
#79680000
0!
0A
#79690000
1!
1A
1I
1J
1@
1N
0F
1.
1K
0G
#79700000
0!
0A
#79710000
1!
1A
1L
0I
0J
1M
1?
0@
0N
1F
0.
1-
1O
1G
0O
#79720000
0!
0A
#79730000
1!
1A
1I
1J
1@
1R
1N
0F
1.
0K
0G
1O
#79740000
0!
0A
#79750000
1!
1A
1P
0L
0I
0J
0M
1Q
1>
0?
0@
0R
0N
1F
0.
0-
1,
0S
1G
1S
#79760000
0!
0A
#79770000
1!
1A
1I
1J
1@
1N
0F
1.
1K
0G
#79780000
0!
0A
#79790000
1!
1A
1L
0I
0J
1M
1?
0@
0N
1F
0.
1-
0O
1G
1O
#79800000
0!
0A
#79810000
1!
1A
1I
1J
1@
1Z
1V
1R
1N
0F
1.
0K
0G
0O
0S
1W
#79820000
0!
0A
#79830000
1!
1A
1X
0T
0P
0L
0I
0J
0M
0Q
0U
1Y
1<
0=
0>
0?
0@
0Z
0R
0N
1F
0.
0-
0,
0+
1*
1[
1G
0[
#79840000
0!
0A
#79850000
1!
1A
1I
1J
1@
1N
0F
1.
1K
0G
#79860000
0!
0A
#79870000
1!
1A
1L
0I
0J
1M
1?
0@
0N
1F
0.
1-
1O
1G
0O
#79880000
0!
0A
#79890000
1!
1A
1I
1J
1@
1R
1N
0F
1.
0K
0G
1O
#79900000
0!
0A
#79910000
1!
1A
1P
0L
0I
0J
0M
1Q
1>
0?
0@
0R
0N
1F
0.
0-
1,
1S
1G
0S
#79920000
0!
0A
#79930000
1!
1A
1I
1J
1@
1N
0F
1.
1K
0G
#79940000
0!
0A
#79950000
1!
1A
1L
0I
0J
1M
1?
0@
0N
1F
0.
1-
0O
1G
1O
#79960000
0!
0A
#79970000
1!
1A
1I
1J
1@
1R
1N
0F
1.
0K
0G
0O
1S
#79980000
0!
0A
#79990000
1!
1A
1T
0P
0L
0I
0J
0M
0Q
1U
1=
0>
0?
0@
0R
0N
1F
0.
0-
0,
1+
1G
#80000000
0!
0A
#80010000
1!
1A
1I
1J
1@
1N
0F
1.
1K
0G
#80020000
0!
0A
#80030000
1!
1A
1L
0I
0J
1M
1?
0@
0N
1F
0.
1-
1O
1G
0O
#80040000
0!
0A
#80050000
1!
1A
1I
1J
1@
1R
1N
0F
1.
0K
0G
1O
#80060000
0!
0A
#80070000
1!
1A
1P
0L
0I
0J
0M
1Q
1>
0?
0@
0R
0N
1F
0.
0-
1,
0S
1G
1S
#80080000
0!
0A
#80090000
1!
1A
1I
1J
1@
1N
0F
1.
1K
0G
#80100000
0!
0A
#80110000
1!
1A
1L
0I
0J
1M
1?
0@
0N
1F
0.
1-
0O
1G
1O
#80120000
0!
0A
#80130000
1!
1A
1I
1J
1@
1^
1Z
0V
1R
1N
0F
1.
0K
0G
0O
0S
0W
1[
#80140000
0!
0A
#80150000
1!
1A
1\
0X
0T
0P
0L
0I
0J
0M
0Q
0U
0Y
1]
1;
0<
0=
0>
0?
0@
1h
0^
0Z
0R
0N
1F
0.
0-
0,
0+
0*
1)
1_
1G
0_
#80160000
0!
0A
#80170000
1!
1A
1I
1J
1@
1N
0F
1.
1K
0G
#80180000
0!
0A
#80190000
1!
1A
1L
0I
0J
1M
1?
0@
0N
1F
0.
1-
1O
1G
0O
#80200000
0!
0A
#80210000
1!
1A
1I
1J
1@
1R
1N
0F
1.
0K
0G
1O
#80220000
0!
0A
#80230000
1!
1A
1P
0L
0I
0J
0M
1Q
1>
0?
0@
0R
0N
1F
0.
0-
1,
1S
1G
0S
#80240000
0!
0A
#80250000
1!
1A
1I
1J
1@
1N
0F
1.
1K
0G
#80260000
0!
0A
#80270000
1!
1A
1L
0I
0J
1M
1?
0@
0N
1F
0.
1-
0O
1G
1O
#80280000
0!
0A
#80290000
1!
1A
1I
1J
1@
1R
1N
0F
1.
0K
0G
0O
1S
#80300000
0!
0A
#80310000
1!
1A
1T
0P
0L
0I
0J
0M
0Q
1U
1=
0>
0?
0@
0R
0N
1F
0.
0-
0,
1+
1G
#80320000
0!
0A
#80330000
1!
1A
1I
1J
1@
1N
0F
1.
1K
0G
#80340000
0!
0A
#80350000
1!
1A
1L
0I
0J
1M
1?
0@
0N
1F
0.
1-
1O
1G
0O
#80360000
0!
0A
#80370000
1!
1A
1I
1J
1@
1R
1N
0F
1.
0K
0G
1O
#80380000
0!
0A
#80390000
1!
1A
1P
0L
0I
0J
0M
1Q
1>
0?
0@
0R
0N
1F
0.
0-
1,
0S
1G
1S
#80400000
0!
0A
#80410000
1!
1A
1I
1J
1@
1N
0F
1.
1K
0G
#80420000
0!
0A
#80430000
1!
1A
1L
0I
0J
1M
1?
0@
0N
1F
0.
1-
0O
1G
1O
#80440000
0!
0A
#80450000
1!
1A
1I
1J
1@
1Z
1V
1R
1N
0F
1.
0K
0G
0O
0S
1W
#80460000
0!
0A
#80470000
1!
1A
1X
0T
0P
0L
0I
0J
0M
0Q
0U
1Y
1<
0=
0>
0?
0@
0Z
0R
0N
1F
0.
0-
0,
0+
1*
0[
1G
1[
#80480000
0!
0A
#80490000
1!
1A
1I
1J
1@
1N
0F
1.
1K
0G
#80500000
0!
0A
#80510000
1!
1A
1L
0I
0J
1M
1?
0@
0N
1F
0.
1-
1O
1G
0O
#80520000
0!
0A
#80530000
1!
1A
1I
1J
1@
1R
1N
0F
1.
0K
0G
1O
#80540000
0!
0A
#80550000
1!
1A
1P
0L
0I
0J
0M
1Q
1>
0?
0@
0R
0N
1F
0.
0-
1,
1S
1G
0S
#80560000
0!
0A
#80570000
1!
1A
1I
1J
1@
1N
0F
1.
1K
0G
#80580000
0!
0A
#80590000
1!
1A
1L
0I
0J
1M
1?
0@
0N
1F
0.
1-
0O
1G
1O
#80600000
0!
0A
#80610000
1!
1A
1I
1J
1@
1R
1N
0F
1.
0K
0G
0O
1S
#80620000
0!
0A
#80630000
1!
1A
1T
0P
0L
0I
0J
0M
0Q
1U
1=
0>
0?
0@
0R
0N
1F
0.
0-
0,
1+
1G
#80640000
0!
0A
#80650000
1!
1A
1I
1J
1@
1N
0F
1.
1K
0G
#80660000
0!
0A
#80670000
1!
1A
1L
0I
0J
1M
1?
0@
0N
1F
0.
1-
1O
1G
0O
#80680000
0!
0A
#80690000
1!
1A
1I
1J
1@
1R
1N
0F
1.
0K
0G
1O
#80700000
0!
0A
#80710000
1!
1A
1P
0L
0I
0J
0M
1Q
1>
0?
0@
0R
0N
1F
0.
0-
1,
0S
1G
1S
#80720000
0!
0A
#80730000
1!
1A
1I
1J
1@
1N
0F
1.
1K
0G
#80740000
0!
0A
#80750000
1!
1A
1L
0I
0J
1M
1?
0@
0N
1F
0.
1-
0O
1G
1O
#80760000
0!
0A
#80770000
1!
1A
1I
1J
1@
1^
1Z
0V
1R
1N
0F
1.
0K
0G
0O
0S
0W
0[
1_
#80780000
0!
0A
#80790000
1!
1A
1`
0\
0X
0T
0P
0L
0I
0J
0M
0Q
0U
0Y
0]
1a
1:
0;
0<
0=
0>
0?
0@
0h
0^
0Z
0R
0N
1F
0.
0-
0,
0+
0*
0)
1(
0i
1G
1i
#80800000
0!
0A
#80810000
1!
1A
1I
1J
1@
1N
0F
1.
1K
0G
#80820000
0!
0A
#80830000
1!
1A
1L
0I
0J
1M
1?
0@
0N
1F
0.
1-
1O
1G
0O
#80840000
0!
0A
#80850000
1!
1A
1I
1J
1@
1R
1N
0F
1.
0K
0G
1O
#80860000
0!
0A
#80870000
1!
1A
1P
0L
0I
0J
0M
1Q
1>
0?
0@
0R
0N
1F
0.
0-
1,
1S
1G
0S
#80880000
0!
0A
#80890000
1!
1A
1I
1J
1@
1N
0F
1.
1K
0G
#80900000
0!
0A
#80910000
1!
1A
1L
0I
0J
1M
1?
0@
0N
1F
0.
1-
0O
1G
1O
#80920000
0!
0A
#80930000
1!
1A
1I
1J
1@
1R
1N
0F
1.
0K
0G
0O
1S
#80940000
0!
0A
#80950000
1!
1A
1T
0P
0L
0I
0J
0M
0Q
1U
1=
0>
0?
0@
0R
0N
1F
0.
0-
0,
1+
1G
#80960000
0!
0A
#80970000
1!
1A
1I
1J
1@
1N
0F
1.
1K
0G
#80980000
0!
0A
#80990000
1!
1A
1L
0I
0J
1M
1?
0@
0N
1F
0.
1-
1O
1G
0O
#81000000
0!
0A
#81010000
1!
1A
1I
1J
1@
1R
1N
0F
1.
0K
0G
1O
#81020000
0!
0A
#81030000
1!
1A
1P
0L
0I
0J
0M
1Q
1>
0?
0@
0R
0N
1F
0.
0-
1,
0S
1G
1S
#81040000
0!
0A
#81050000
1!
1A
1I
1J
1@
1N
0F
1.
1K
0G
#81060000
0!
0A
#81070000
1!
1A
1L
0I
0J
1M
1?
0@
0N
1F
0.
1-
0O
1G
1O
#81080000
0!
0A
#81090000
1!
1A
1I
1J
1@
1Z
1V
1R
1N
0F
1.
0K
0G
0O
0S
1W
#81100000
0!
0A
#81110000
1!
1A
1X
0T
0P
0L
0I
0J
0M
0Q
0U
1Y
1<
0=
0>
0?
0@
0Z
0R
0N
1F
0.
0-
0,
0+
1*
1[
1G
0[
#81120000
0!
0A
#81130000
1!
1A
1I
1J
1@
1N
0F
1.
1K
0G
#81140000
0!
0A
#81150000
1!
1A
1L
0I
0J
1M
1?
0@
0N
1F
0.
1-
1O
1G
0O
#81160000
0!
0A
#81170000
1!
1A
1I
1J
1@
1R
1N
0F
1.
0K
0G
1O
#81180000
0!
0A
#81190000
1!
1A
1P
0L
0I
0J
0M
1Q
1>
0?
0@
0R
0N
1F
0.
0-
1,
1S
1G
0S
#81200000
0!
0A
#81210000
1!
1A
1I
1J
1@
1N
0F
1.
1K
0G
#81220000
0!
0A
#81230000
1!
1A
1L
0I
0J
1M
1?
0@
0N
1F
0.
1-
0O
1G
1O
#81240000
0!
0A
#81250000
1!
1A
1I
1J
1@
1R
1N
0F
1.
0K
0G
0O
1S
#81260000
0!
0A
#81270000
1!
1A
1T
0P
0L
0I
0J
0M
0Q
1U
1=
0>
0?
0@
0R
0N
1F
0.
0-
0,
1+
1G
#81280000
0!
0A
#81290000
1!
1A
1I
1J
1@
1N
0F
1.
1K
0G
#81300000
0!
0A
#81310000
1!
1A
1L
0I
0J
1M
1?
0@
0N
1F
0.
1-
1O
1G
0O
#81320000
0!
0A
#81330000
1!
1A
1I
1J
1@
1R
1N
0F
1.
0K
0G
1O
#81340000
0!
0A
#81350000
1!
1A
1P
0L
0I
0J
0M
1Q
1>
0?
0@
0R
0N
1F
0.
0-
1,
0S
1G
1S
#81360000
0!
0A
#81370000
1!
1A
1I
1J
1@
1N
0F
1.
1K
0G
#81380000
0!
0A
#81390000
1!
1A
1L
0I
0J
1M
1?
0@
0N
1F
0.
1-
0O
1G
1O
#81400000
0!
0A
#81410000
1!
1A
1I
1J
1@
1^
1Z
0V
1R
1N
0F
1.
0K
0G
0O
0S
0W
1[
#81420000
0!
0A
#81430000
1!
1A
1\
0X
0T
0P
0L
0I
0J
0M
0Q
0U
0Y
1]
1;
0<
0=
0>
0?
0@
1h
0^
0Z
0R
0N
1F
0.
0-
0,
0+
0*
1)
1l
0e
0b
0_
16
1/
1G
0l
1e
1b
1_
06
0/
#81440000
0!
0A
#81450000
1!
1A
1I
1J
1@
1N
0F
1.
1K
0G
#81460000
0!
0A
#81470000
1!
1A
1L
0I
0J
1M
1?
0@
0N
1F
0.
1-
1O
1G
0O
#81480000
0!
0A
#81490000
1!
1A
1I
1J
1@
1R
1N
0F
1.
0K
0G
1O
#81500000
0!
0A
#81510000
1!
1A
1P
0L
0I
0J
0M
1Q
1>
0?
0@
0R
0N
1F
0.
0-
1,
1S
1G
0S
#81520000
0!
0A
#81530000
1!
1A
1I
1J
1@
1N
0F
1.
1K
0G
#81540000
0!
0A
#81550000
1!
1A
1L
0I
0J
1M
1?
0@
0N
1F
0.
1-
0O
1G
1O
#81560000
0!
0A
#81570000
1!
1A
1I
1J
1@
1R
1N
0F
1.
0K
0G
0O
1S
#81580000
0!
0A
#81590000
1!
1A
1T
0P
0L
0I
0J
0M
0Q
1U
1=
0>
0?
0@
0R
0N
1F
0.
0-
0,
1+
1G
#81600000
0!
0A
#81610000
1!
1A
1I
1J
1@
1N
0F
1.
1K
0G
#81620000
0!
0A
#81630000
1!
1A
1L
0I
0J
1M
1?
0@
0N
1F
0.
1-
1O
1G
0O
#81640000
0!
0A
#81650000
1!
1A
1I
1J
1@
1R
1N
0F
1.
0K
0G
1O
#81660000
0!
0A
#81670000
1!
1A
1P
0L
0I
0J
0M
1Q
1>
0?
0@
0R
0N
1F
0.
0-
1,
0S
1G
1S
#81680000
0!
0A
#81690000
1!
1A
1I
1J
1@
1N
0F
1.
1K
0G
#81700000
0!
0A
#81710000
1!
1A
1L
0I
0J
1M
1?
0@
0N
1F
0.
1-
0O
1G
1O
#81720000
0!
0A
#81730000
1!
1A
1I
1J
1@
1Z
1V
1R
1N
0F
1.
0K
0G
0O
0S
1W
#81740000
0!
0A
#81750000
1!
1A
1X
0T
0P
0L
0I
0J
0M
0Q
0U
1Y
1<
0=
0>
0?
0@
0Z
0R
0N
1F
0.
0-
0,
0+
1*
0[
1G
1[
#81760000
0!
0A
#81770000
1!
1A
1I
1J
1@
1N
0F
1.
1K
0G
#81780000
0!
0A
#81790000
1!
1A
1L
0I
0J
1M
1?
0@
0N
1F
0.
1-
1O
1G
0O
#81800000
0!
0A
#81810000
1!
1A
1I
1J
1@
1R
1N
0F
1.
0K
0G
1O
#81820000
0!
0A
#81830000
1!
1A
1P
0L
0I
0J
0M
1Q
1>
0?
0@
0R
0N
1F
0.
0-
1,
1S
1G
0S
#81840000
0!
0A
#81850000
1!
1A
1I
1J
1@
1N
0F
1.
1K
0G
#81860000
0!
0A
#81870000
1!
1A
1L
0I
0J
1M
1?
0@
0N
1F
0.
1-
0O
1G
1O
#81880000
0!
0A
#81890000
1!
1A
1I
1J
1@
1R
1N
0F
1.
0K
0G
0O
1S
#81900000
0!
0A
#81910000
1!
1A
1T
0P
0L
0I
0J
0M
0Q
1U
1=
0>
0?
0@
0R
0N
1F
0.
0-
0,
1+
1G
#81920000
0!
0A
#81930000
1!
1A
1I
1J
1@
1N
0F
1.
1K
0G
#81940000
0!
0A
#81950000
1!
1A
1L
0I
0J
1M
1?
0@
0N
1F
0.
1-
1O
1G
0O
#81960000
0!
0A
#81970000
1!
1A
1I
1J
1@
1R
1N
0F
1.
0K
0G
1O
#81980000
0!
0A
#81990000
1!
1A
1P
0L
0I
0J
0M
1Q
1>
0?
0@
0R
0N
1F
0.
0-
1,
0S
1G
1S
#82000000
0!
0A
#82010000
1!
1A
1I
1J
1@
1N
0F
1.
1K
0G
#82020000
0!
0A
#82030000
1!
1A
1L
0I
0J
1M
1?
0@
0N
1F
0.
1-
0O
1G
1O
#82040000
0!
0A
#82050000
1!
1A
1I
1J
1@
1^
1Z
0V
1R
1N
0F
1.
0K
0G
0O
0S
0W
0[
1l
0i
0e
0b
0_
16
1/
#82060000
0!
0A
#82070000
1!
1A
0j
0f
0c
0`
0\
0X
0T
0P
0L
0I
0J
0M
0Q
0U
0Y
0]
0a
0d
0g
0k
07
08
09
0:
0;
0<
0=
0>
0?
0@
0h
0^
0Z
0R
0N
1F
0.
0-
0,
0+
0*
0)
0(
0'
0&
0%
0l
06
0/
1G
#82080000
0!
0A
#82090000
1!
1A
1I
1J
1@
1N
0F
1.
1K
0G
#82100000
0!
0A
#82110000
1!
1A
1L
0I
0J
1M
1?
0@
0N
1F
0.
1-
1O
1G
0O
#82120000
0!
0A
#82130000
1!
1A
1I
1J
1@
1R
1N
0F
1.
0K
0G
1O
#82140000
0!
0A
#82150000
1!
1A
1P
0L
0I
0J
0M
1Q
1>
0?
0@
0R
0N
1F
0.
0-
1,
1S
1G
0S
#82160000
0!
0A
#82170000
1!
1A
1I
1J
1@
1N
0F
1.
1K
0G
#82180000
0!
0A
#82190000
1!
1A
1L
0I
0J
1M
1?
0@
0N
1F
0.
1-
0O
1G
1O
#82200000
0!
0A
#82210000
1!
1A
1I
1J
1@
1R
1N
0F
1.
0K
0G
0O
1S
#82220000
0!
0A
#82230000
1!
1A
1T
0P
0L
0I
0J
0M
0Q
1U
1=
0>
0?
0@
0R
0N
1F
0.
0-
0,
1+
1G
#82240000
0!
0A
#82250000
1!
1A
1I
1J
1@
1N
0F
1.
1K
0G
#82260000
0!
0A
#82270000
1!
1A
1L
0I
0J
1M
1?
0@
0N
1F
0.
1-
1O
1G
0O
#82280000
0!
0A
#82290000
1!
1A
1I
1J
1@
1R
1N
0F
1.
0K
0G
1O
#82300000
0!
0A
#82310000
1!
1A
1P
0L
0I
0J
0M
1Q
1>
0?
0@
0R
0N
1F
0.
0-
1,
0S
1G
1S
#82320000
0!
0A
#82330000
1!
1A
1I
1J
1@
1N
0F
1.
1K
0G
#82340000
0!
0A
#82350000
1!
1A
1L
0I
0J
1M
1?
0@
0N
1F
0.
1-
0O
1G
1O
#82360000
0!
0A
#82370000
1!
1A
1I
1J
1@
1Z
1V
1R
1N
0F
1.
0K
0G
0O
0S
1W
#82380000
0!
0A
#82390000
1!
1A
1X
0T
0P
0L
0I
0J
0M
0Q
0U
1Y
1<
0=
0>
0?
0@
0Z
0R
0N
1F
0.
0-
0,
0+
1*
1[
1G
0[
#82400000
0!
0A
#82410000
1!
1A
1I
1J
1@
1N
0F
1.
1K
0G
#82420000
0!
0A
#82430000
1!
1A
1L
0I
0J
1M
1?
0@
0N
1F
0.
1-
1O
1G
0O
#82440000
0!
0A
#82450000
1!
1A
1I
1J
1@
1R
1N
0F
1.
0K
0G
1O
#82460000
0!
0A
#82470000
1!
1A
1P
0L
0I
0J
0M
1Q
1>
0?
0@
0R
0N
1F
0.
0-
1,
1S
1G
0S
#82480000
0!
0A
#82490000
1!
1A
1I
1J
1@
1N
0F
1.
1K
0G
#82500000
0!
0A
#82510000
1!
1A
1L
0I
0J
1M
1?
0@
0N
1F
0.
1-
0O
1G
1O
#82520000
0!
0A
#82530000
1!
1A
1I
1J
1@
1R
1N
0F
1.
0K
0G
0O
1S
#82540000
0!
0A
#82550000
1!
1A
1T
0P
0L
0I
0J
0M
0Q
1U
1=
0>
0?
0@
0R
0N
1F
0.
0-
0,
1+
1G
#82560000
0!
0A
#82570000
1!
1A
1I
1J
1@
1N
0F
1.
1K
0G
#82580000
0!
0A
#82590000
1!
1A
1L
0I
0J
1M
1?
0@
0N
1F
0.
1-
1O
1G
0O
#82600000
0!
0A
#82610000
1!
1A
1I
1J
1@
1R
1N
0F
1.
0K
0G
1O
#82620000
0!
0A
#82630000
1!
1A
1P
0L
0I
0J
0M
1Q
1>
0?
0@
0R
0N
1F
0.
0-
1,
0S
1G
1S
#82640000
0!
0A
#82650000
1!
1A
1I
1J
1@
1N
0F
1.
1K
0G
#82660000
0!
0A
#82670000
1!
1A
1L
0I
0J
1M
1?
0@
0N
1F
0.
1-
0O
1G
1O
#82680000
0!
0A
#82690000
1!
1A
1I
1J
1@
1^
1Z
0V
1R
1N
0F
1.
0K
0G
0O
0S
0W
1[
#82700000
0!
0A
#82710000
1!
1A
1\
0X
0T
0P
0L
0I
0J
0M
0Q
0U
0Y
1]
1;
0<
0=
0>
0?
0@
0^
0Z
0R
0N
1F
0.
0-
0,
0+
0*
1)
1_
1G
0_
#82720000
0!
0A
#82730000
1!
1A
1I
1J
1@
1N
0F
1.
1K
0G
#82740000
0!
0A
#82750000
1!
1A
1L
0I
0J
1M
1?
0@
0N
1F
0.
1-
1O
1G
0O
#82760000
0!
0A
#82770000
1!
1A
1I
1J
1@
1R
1N
0F
1.
0K
0G
1O
#82780000
0!
0A
#82790000
1!
1A
1P
0L
0I
0J
0M
1Q
1>
0?
0@
0R
0N
1F
0.
0-
1,
1S
1G
0S
#82800000
0!
0A
#82810000
1!
1A
1I
1J
1@
1N
0F
1.
1K
0G
#82820000
0!
0A
#82830000
1!
1A
1L
0I
0J
1M
1?
0@
0N
1F
0.
1-
0O
1G
1O
#82840000
0!
0A
#82850000
1!
1A
1I
1J
1@
1R
1N
0F
1.
0K
0G
0O
1S
#82860000
0!
0A
#82870000
1!
1A
1T
0P
0L
0I
0J
0M
0Q
1U
1=
0>
0?
0@
0R
0N
1F
0.
0-
0,
1+
1G
#82880000
0!
0A
#82890000
1!
1A
1I
1J
1@
1N
0F
1.
1K
0G
#82900000
0!
0A
#82910000
1!
1A
1L
0I
0J
1M
1?
0@
0N
1F
0.
1-
1O
1G
0O
#82920000
0!
0A
#82930000
1!
1A
1I
1J
1@
1R
1N
0F
1.
0K
0G
1O
#82940000
0!
0A
#82950000
1!
1A
1P
0L
0I
0J
0M
1Q
1>
0?
0@
0R
0N
1F
0.
0-
1,
0S
1G
1S
#82960000
0!
0A
#82970000
1!
1A
1I
1J
1@
1N
0F
1.
1K
0G
#82980000
0!
0A
#82990000
1!
1A
1L
0I
0J
1M
1?
0@
0N
1F
0.
1-
0O
1G
1O
#83000000
0!
0A
#83010000
1!
1A
1I
1J
1@
1Z
1V
1R
1N
0F
1.
0K
0G
0O
0S
1W
#83020000
0!
0A
#83030000
1!
1A
1X
0T
0P
0L
0I
0J
0M
0Q
0U
1Y
1<
0=
0>
0?
0@
0Z
0R
0N
1F
0.
0-
0,
0+
1*
0[
1G
1[
#83040000
0!
0A
#83050000
1!
1A
1I
1J
1@
1N
0F
1.
1K
0G
#83060000
0!
0A
#83070000
1!
1A
1L
0I
0J
1M
1?
0@
0N
1F
0.
1-
1O
1G
0O
#83080000
0!
0A
#83090000
1!
1A
1I
1J
1@
1R
1N
0F
1.
0K
0G
1O
#83100000
0!
0A
#83110000
1!
1A
1P
0L
0I
0J
0M
1Q
1>
0?
0@
0R
0N
1F
0.
0-
1,
1S
1G
0S
#83120000
0!
0A
#83130000
1!
1A
1I
1J
1@
1N
0F
1.
1K
0G
#83140000
0!
0A
#83150000
1!
1A
1L
0I
0J
1M
1?
0@
0N
1F
0.
1-
0O
1G
1O
#83160000
0!
0A
#83170000
1!
1A
1I
1J
1@
1R
1N
0F
1.
0K
0G
0O
1S
#83180000
0!
0A
#83190000
1!
1A
1T
0P
0L
0I
0J
0M
0Q
1U
1=
0>
0?
0@
0R
0N
1F
0.
0-
0,
1+
1G
#83200000
0!
0A
#83210000
1!
1A
1I
1J
1@
1N
0F
1.
1K
0G
#83220000
0!
0A
#83230000
1!
1A
1L
0I
0J
1M
1?
0@
0N
1F
0.
1-
1O
1G
0O
#83240000
0!
0A
#83250000
1!
1A
1I
1J
1@
1R
1N
0F
1.
0K
0G
1O
#83260000
0!
0A
#83270000
1!
1A
1P
0L
0I
0J
0M
1Q
1>
0?
0@
0R
0N
1F
0.
0-
1,
0S
1G
1S
#83280000
0!
0A
#83290000
1!
1A
1I
1J
1@
1N
0F
1.
1K
0G
#83300000
0!
0A
#83310000
1!
1A
1L
0I
0J
1M
1?
0@
0N
1F
0.
1-
0O
1G
1O
#83320000
0!
0A
#83330000
1!
1A
1I
1J
1@
1^
1Z
0V
1R
1N
0F
1.
0K
0G
0O
0S
0W
0[
1_
#83340000
0!
0A
#83350000
1!
1A
1`
0\
0X
0T
0P
0L
0I
0J
0M
0Q
0U
0Y
0]
1a
1:
0;
0<
0=
0>
0?
0@
0^
0Z
0R
0N
1F
0.
0-
0,
0+
0*
0)
1(
1G
#83360000
0!
0A
#83370000
1!
1A
1I
1J
1@
1N
0F
1.
1K
0G
#83380000
0!
0A
#83390000
1!
1A
1L
0I
0J
1M
1?
0@
0N
1F
0.
1-
1O
1G
0O
#83400000
0!
0A
#83410000
1!
1A
1I
1J
1@
1R
1N
0F
1.
0K
0G
1O
#83420000
0!
0A
#83430000
1!
1A
1P
0L
0I
0J
0M
1Q
1>
0?
0@
0R
0N
1F
0.
0-
1,
1S
1G
0S
#83440000
0!
0A
#83450000
1!
1A
1I
1J
1@
1N
0F
1.
1K
0G
#83460000
0!
0A
#83470000
1!
1A
1L
0I
0J
1M
1?
0@
0N
1F
0.
1-
0O
1G
1O
#83480000
0!
0A
#83490000
1!
1A
1I
1J
1@
1R
1N
0F
1.
0K
0G
0O
1S
#83500000
0!
0A
#83510000
1!
1A
1T
0P
0L
0I
0J
0M
0Q
1U
1=
0>
0?
0@
0R
0N
1F
0.
0-
0,
1+
1G
#83520000
0!
0A
#83530000
1!
1A
1I
1J
1@
1N
0F
1.
1K
0G
#83540000
0!
0A
#83550000
1!
1A
1L
0I
0J
1M
1?
0@
0N
1F
0.
1-
1O
1G
0O
#83560000
0!
0A
#83570000
1!
1A
1I
1J
1@
1R
1N
0F
1.
0K
0G
1O
#83580000
0!
0A
#83590000
1!
1A
1P
0L
0I
0J
0M
1Q
1>
0?
0@
0R
0N
1F
0.
0-
1,
0S
1G
1S
#83600000
0!
0A
#83610000
1!
1A
1I
1J
1@
1N
0F
1.
1K
0G
#83620000
0!
0A
#83630000
1!
1A
1L
0I
0J
1M
1?
0@
0N
1F
0.
1-
0O
1G
1O
#83640000
0!
0A
#83650000
1!
1A
1I
1J
1@
1Z
1V
1R
1N
0F
1.
0K
0G
0O
0S
1W
#83660000
0!
0A
#83670000
1!
1A
1X
0T
0P
0L
0I
0J
0M
0Q
0U
1Y
1<
0=
0>
0?
0@
0Z
0R
0N
1F
0.
0-
0,
0+
1*
1[
1G
0[
#83680000
0!
0A
#83690000
1!
1A
1I
1J
1@
1N
0F
1.
1K
0G
#83700000
0!
0A
#83710000
1!
1A
1L
0I
0J
1M
1?
0@
0N
1F
0.
1-
1O
1G
0O
#83720000
0!
0A
#83730000
1!
1A
1I
1J
1@
1R
1N
0F
1.
0K
0G
1O
#83740000
0!
0A
#83750000
1!
1A
1P
0L
0I
0J
0M
1Q
1>
0?
0@
0R
0N
1F
0.
0-
1,
1S
1G
0S
#83760000
0!
0A
#83770000
1!
1A
1I
1J
1@
1N
0F
1.
1K
0G
#83780000
0!
0A
#83790000
1!
1A
1L
0I
0J
1M
1?
0@
0N
1F
0.
1-
0O
1G
1O
#83800000
0!
0A
#83810000
1!
1A
1I
1J
1@
1R
1N
0F
1.
0K
0G
0O
1S
#83820000
0!
0A
#83830000
1!
1A
1T
0P
0L
0I
0J
0M
0Q
1U
1=
0>
0?
0@
0R
0N
1F
0.
0-
0,
1+
1G
#83840000
0!
0A
#83850000
1!
1A
1I
1J
1@
1N
0F
1.
1K
0G
#83860000
0!
0A
#83870000
1!
1A
1L
0I
0J
1M
1?
0@
0N
1F
0.
1-
1O
1G
0O
#83880000
0!
0A
#83890000
1!
1A
1I
1J
1@
1R
1N
0F
1.
0K
0G
1O
#83900000
0!
0A
#83910000
1!
1A
1P
0L
0I
0J
0M
1Q
1>
0?
0@
0R
0N
1F
0.
0-
1,
0S
1G
1S
#83920000
0!
0A
#83930000
1!
1A
1I
1J
1@
1N
0F
1.
1K
0G
#83940000
0!
0A
#83950000
1!
1A
1L
0I
0J
1M
1?
0@
0N
1F
0.
1-
0O
1G
1O
#83960000
0!
0A
#83970000
1!
1A
1I
1J
1@
1^
1Z
0V
1R
1N
0F
1.
0K
0G
0O
0S
0W
1[
#83980000
0!
0A
#83990000
1!
1A
1\
0X
0T
0P
0L
0I
0J
0M
0Q
0U
0Y
1]
1;
0<
0=
0>
0?
0@
0^
0Z
0R
0N
1F
0.
0-
0,
0+
0*
1)
1b
0_
1G
0b
1_
#84000000
0!
0A
#84010000
1!
1A
1I
1J
1@
1N
0F
1.
1K
0G
#84020000
0!
0A
#84030000
1!
1A
1L
0I
0J
1M
1?
0@
0N
1F
0.
1-
1O
1G
0O
#84040000
0!
0A
#84050000
1!
1A
1I
1J
1@
1R
1N
0F
1.
0K
0G
1O
#84060000
0!
0A
#84070000
1!
1A
1P
0L
0I
0J
0M
1Q
1>
0?
0@
0R
0N
1F
0.
0-
1,
1S
1G
0S
#84080000
0!
0A
#84090000
1!
1A
1I
1J
1@
1N
0F
1.
1K
0G
#84100000
0!
0A
#84110000
1!
1A
1L
0I
0J
1M
1?
0@
0N
1F
0.
1-
0O
1G
1O
#84120000
0!
0A
#84130000
1!
1A
1I
1J
1@
1R
1N
0F
1.
0K
0G
0O
1S
#84140000
0!
0A
#84150000
1!
1A
1T
0P
0L
0I
0J
0M
0Q
1U
1=
0>
0?
0@
0R
0N
1F
0.
0-
0,
1+
1G
#84160000
0!
0A
#84170000
1!
1A
1I
1J
1@
1N
0F
1.
1K
0G
#84180000
0!
0A
#84190000
1!
1A
1L
0I
0J
1M
1?
0@
0N
1F
0.
1-
1O
1G
0O
#84200000
0!
0A
#84210000
1!
1A
1I
1J
1@
1R
1N
0F
1.
0K
0G
1O
#84220000
0!
0A
#84230000
1!
1A
1P
0L
0I
0J
0M
1Q
1>
0?
0@
0R
0N
1F
0.
0-
1,
0S
1G
1S
#84240000
0!
0A
#84250000
1!
1A
1I
1J
1@
1N
0F
1.
1K
0G
#84260000
0!
0A
#84270000
1!
1A
1L
0I
0J
1M
1?
0@
0N
1F
0.
1-
0O
1G
1O
#84280000
0!
0A
#84290000
1!
1A
1I
1J
1@
1Z
1V
1R
1N
0F
1.
0K
0G
0O
0S
1W
#84300000
0!
0A
#84310000
1!
1A
1X
0T
0P
0L
0I
0J
0M
0Q
0U
1Y
1<
0=
0>
0?
0@
0Z
0R
0N
1F
0.
0-
0,
0+
1*
0[
1G
1[
#84320000
0!
0A
#84330000
1!
1A
1I
1J
1@
1N
0F
1.
1K
0G
#84340000
0!
0A
#84350000
1!
1A
1L
0I
0J
1M
1?
0@
0N
1F
0.
1-
1O
1G
0O
#84360000
0!
0A
#84370000
1!
1A
1I
1J
1@
1R
1N
0F
1.
0K
0G
1O
#84380000
0!
0A
#84390000
1!
1A
1P
0L
0I
0J
0M
1Q
1>
0?
0@
0R
0N
1F
0.
0-
1,
1S
1G
0S
#84400000
0!
0A
#84410000
1!
1A
1I
1J
1@
1N
0F
1.
1K
0G
#84420000
0!
0A
#84430000
1!
1A
1L
0I
0J
1M
1?
0@
0N
1F
0.
1-
0O
1G
1O
#84440000
0!
0A
#84450000
1!
1A
1I
1J
1@
1R
1N
0F
1.
0K
0G
0O
1S
#84460000
0!
0A
#84470000
1!
1A
1T
0P
0L
0I
0J
0M
0Q
1U
1=
0>
0?
0@
0R
0N
1F
0.
0-
0,
1+
1G
#84480000
0!
0A
#84490000
1!
1A
1I
1J
1@
1N
0F
1.
1K
0G
#84500000
0!
0A
#84510000
1!
1A
1L
0I
0J
1M
1?
0@
0N
1F
0.
1-
1O
1G
0O
#84520000
0!
0A
#84530000
1!
1A
1I
1J
1@
1R
1N
0F
1.
0K
0G
1O
#84540000
0!
0A
#84550000
1!
1A
1P
0L
0I
0J
0M
1Q
1>
0?
0@
0R
0N
1F
0.
0-
1,
0S
1G
1S
#84560000
0!
0A
#84570000
1!
1A
1I
1J
1@
1N
0F
1.
1K
0G
#84580000
0!
0A
#84590000
1!
1A
1L
0I
0J
1M
1?
0@
0N
1F
0.
1-
0O
1G
1O
#84600000
0!
0A
#84610000
1!
1A
1I
1J
1@
1^
1Z
0V
1R
1N
0F
1.
0K
0G
0O
0S
0W
0[
1b
0_
#84620000
0!
0A
#84630000
1!
1A
1c
0`
0\
0X
0T
0P
0L
0I
0J
0M
0Q
0U
0Y
0]
0a
1d
19
0:
0;
0<
0=
0>
0?
0@
0^
0Z
0R
0N
1F
0.
0-
0,
0+
0*
0)
0(
1'
1G
#84640000
0!
0A
#84650000
1!
1A
1I
1J
1@
1N
0F
1.
1K
0G
#84660000
0!
0A
#84670000
1!
1A
1L
0I
0J
1M
1?
0@
0N
1F
0.
1-
1O
1G
0O
#84680000
0!
0A
#84690000
1!
1A
1I
1J
1@
1R
1N
0F
1.
0K
0G
1O
#84700000
0!
0A
#84710000
1!
1A
1P
0L
0I
0J
0M
1Q
1>
0?
0@
0R
0N
1F
0.
0-
1,
1S
1G
0S
#84720000
0!
0A
#84730000
1!
1A
1I
1J
1@
1N
0F
1.
1K
0G
#84740000
0!
0A
#84750000
1!
1A
1L
0I
0J
1M
1?
0@
0N
1F
0.
1-
0O
1G
1O
#84760000
0!
0A
#84770000
1!
1A
1I
1J
1@
1R
1N
0F
1.
0K
0G
0O
1S
#84780000
0!
0A
#84790000
1!
1A
1T
0P
0L
0I
0J
0M
0Q
1U
1=
0>
0?
0@
0R
0N
1F
0.
0-
0,
1+
1G
#84800000
0!
0A
#84810000
1!
1A
1I
1J
1@
1N
0F
1.
1K
0G
#84820000
0!
0A
#84830000
1!
1A
1L
0I
0J
1M
1?
0@
0N
1F
0.
1-
1O
1G
0O
#84840000
0!
0A
#84850000
1!
1A
1I
1J
1@
1R
1N
0F
1.
0K
0G
1O
#84860000
0!
0A
#84870000
1!
1A
1P
0L
0I
0J
0M
1Q
1>
0?
0@
0R
0N
1F
0.
0-
1,
0S
1G
1S
#84880000
0!
0A
#84890000
1!
1A
1I
1J
1@
1N
0F
1.
1K
0G
#84900000
0!
0A
#84910000
1!
1A
1L
0I
0J
1M
1?
0@
0N
1F
0.
1-
0O
1G
1O
#84920000
0!
0A
#84930000
1!
1A
1I
1J
1@
1Z
1V
1R
1N
0F
1.
0K
0G
0O
0S
1W
#84940000
0!
0A
#84950000
1!
1A
1X
0T
0P
0L
0I
0J
0M
0Q
0U
1Y
1<
0=
0>
0?
0@
0Z
0R
0N
1F
0.
0-
0,
0+
1*
1[
1G
0[
#84960000
0!
0A
#84970000
1!
1A
1I
1J
1@
1N
0F
1.
1K
0G
#84980000
0!
0A
#84990000
1!
1A
1L
0I
0J
1M
1?
0@
0N
1F
0.
1-
1O
1G
0O
#85000000
0!
0A
#85010000
1!
1A
1I
1J
1@
1R
1N
0F
1.
0K
0G
1O
#85020000
0!
0A
#85030000
1!
1A
1P
0L
0I
0J
0M
1Q
1>
0?
0@
0R
0N
1F
0.
0-
1,
1S
1G
0S
#85040000
0!
0A
#85050000
1!
1A
1I
1J
1@
1N
0F
1.
1K
0G
#85060000
0!
0A
#85070000
1!
1A
1L
0I
0J
1M
1?
0@
0N
1F
0.
1-
0O
1G
1O
#85080000
0!
0A
#85090000
1!
1A
1I
1J
1@
1R
1N
0F
1.
0K
0G
0O
1S
#85100000
0!
0A
#85110000
1!
1A
1T
0P
0L
0I
0J
0M
0Q
1U
1=
0>
0?
0@
0R
0N
1F
0.
0-
0,
1+
1G
#85120000
0!
0A
#85130000
1!
1A
1I
1J
1@
1N
0F
1.
1K
0G
#85140000
0!
0A
#85150000
1!
1A
1L
0I
0J
1M
1?
0@
0N
1F
0.
1-
1O
1G
0O
#85160000
0!
0A
#85170000
1!
1A
1I
1J
1@
1R
1N
0F
1.
0K
0G
1O
#85180000
0!
0A
#85190000
1!
1A
1P
0L
0I
0J
0M
1Q
1>
0?
0@
0R
0N
1F
0.
0-
1,
0S
1G
1S
#85200000
0!
0A
#85210000
1!
1A
1I
1J
1@
1N
0F
1.
1K
0G
#85220000
0!
0A
#85230000
1!
1A
1L
0I
0J
1M
1?
0@
0N
1F
0.
1-
0O
1G
1O
#85240000
0!
0A
#85250000
1!
1A
1I
1J
1@
1^
1Z
0V
1R
1N
0F
1.
0K
0G
0O
0S
0W
1[
#85260000
0!
0A
#85270000
1!
1A
1\
0X
0T
0P
0L
0I
0J
0M
0Q
0U
0Y
1]
1;
0<
0=
0>
0?
0@
0^
0Z
0R
0N
1F
0.
0-
0,
0+
0*
1)
1_
1G
0_
#85280000
0!
0A
#85290000
1!
1A
1I
1J
1@
1N
0F
1.
1K
0G
#85300000
0!
0A
#85310000
1!
1A
1L
0I
0J
1M
1?
0@
0N
1F
0.
1-
1O
1G
0O
#85320000
0!
0A
#85330000
1!
1A
1I
1J
1@
1R
1N
0F
1.
0K
0G
1O
#85340000
0!
0A
#85350000
1!
1A
1P
0L
0I
0J
0M
1Q
1>
0?
0@
0R
0N
1F
0.
0-
1,
1S
1G
0S
#85360000
0!
0A
#85370000
1!
1A
1I
1J
1@
1N
0F
1.
1K
0G
#85380000
0!
0A
#85390000
1!
1A
1L
0I
0J
1M
1?
0@
0N
1F
0.
1-
0O
1G
1O
#85400000
0!
0A
#85410000
1!
1A
1I
1J
1@
1R
1N
0F
1.
0K
0G
0O
1S
#85420000
0!
0A
#85430000
1!
1A
1T
0P
0L
0I
0J
0M
0Q
1U
1=
0>
0?
0@
0R
0N
1F
0.
0-
0,
1+
1G
#85440000
0!
0A
#85450000
1!
1A
1I
1J
1@
1N
0F
1.
1K
0G
#85460000
0!
0A
#85470000
1!
1A
1L
0I
0J
1M
1?
0@
0N
1F
0.
1-
1O
1G
0O
#85480000
0!
0A
#85490000
1!
1A
1I
1J
1@
1R
1N
0F
1.
0K
0G
1O
#85500000
0!
0A
#85510000
1!
1A
1P
0L
0I
0J
0M
1Q
1>
0?
0@
0R
0N
1F
0.
0-
1,
0S
1G
1S
#85520000
0!
0A
#85530000
1!
1A
1I
1J
1@
1N
0F
1.
1K
0G
#85540000
0!
0A
#85550000
1!
1A
1L
0I
0J
1M
1?
0@
0N
1F
0.
1-
0O
1G
1O
#85560000
0!
0A
#85570000
1!
1A
1I
1J
1@
1Z
1V
1R
1N
0F
1.
0K
0G
0O
0S
1W
#85580000
0!
0A
#85590000
1!
1A
1X
0T
0P
0L
0I
0J
0M
0Q
0U
1Y
1<
0=
0>
0?
0@
0Z
0R
0N
1F
0.
0-
0,
0+
1*
0[
1G
1[
#85600000
0!
0A
#85610000
1!
1A
1I
1J
1@
1N
0F
1.
1K
0G
#85620000
0!
0A
#85630000
1!
1A
1L
0I
0J
1M
1?
0@
0N
1F
0.
1-
1O
1G
0O
#85640000
0!
0A
#85650000
1!
1A
1I
1J
1@
1R
1N
0F
1.
0K
0G
1O
#85660000
0!
0A
#85670000
1!
1A
1P
0L
0I
0J
0M
1Q
1>
0?
0@
0R
0N
1F
0.
0-
1,
1S
1G
0S
#85680000
0!
0A
#85690000
1!
1A
1I
1J
1@
1N
0F
1.
1K
0G
#85700000
0!
0A
#85710000
1!
1A
1L
0I
0J
1M
1?
0@
0N
1F
0.
1-
0O
1G
1O
#85720000
0!
0A
#85730000
1!
1A
1I
1J
1@
1R
1N
0F
1.
0K
0G
0O
1S
#85740000
0!
0A
#85750000
1!
1A
1T
0P
0L
0I
0J
0M
0Q
1U
1=
0>
0?
0@
0R
0N
1F
0.
0-
0,
1+
1G
#85760000
0!
0A
#85770000
1!
1A
1I
1J
1@
1N
0F
1.
1K
0G
#85780000
0!
0A
#85790000
1!
1A
1L
0I
0J
1M
1?
0@
0N
1F
0.
1-
1O
1G
0O
#85800000
0!
0A
#85810000
1!
1A
1I
1J
1@
1R
1N
0F
1.
0K
0G
1O
#85820000
0!
0A
#85830000
1!
1A
1P
0L
0I
0J
0M
1Q
1>
0?
0@
0R
0N
1F
0.
0-
1,
0S
1G
1S
#85840000
0!
0A
#85850000
1!
1A
1I
1J
1@
1N
0F
1.
1K
0G
#85860000
0!
0A
#85870000
1!
1A
1L
0I
0J
1M
1?
0@
0N
1F
0.
1-
0O
1G
1O
#85880000
0!
0A
#85890000
1!
1A
1I
1J
1@
1^
1Z
0V
1R
1N
0F
1.
0K
0G
0O
0S
0W
0[
1_
#85900000
0!
0A
#85910000
1!
1A
1`
0\
0X
0T
0P
0L
0I
0J
0M
0Q
0U
0Y
0]
1a
1:
0;
0<
0=
0>
0?
0@
0^
0Z
0R
0N
1F
0.
0-
0,
0+
0*
0)
1(
1G
#85920000
0!
0A
#85930000
1!
1A
1I
1J
1@
1N
0F
1.
1K
0G
#85940000
0!
0A
#85950000
1!
1A
1L
0I
0J
1M
1?
0@
0N
1F
0.
1-
1O
1G
0O
#85960000
0!
0A
#85970000
1!
1A
1I
1J
1@
1R
1N
0F
1.
0K
0G
1O
#85980000
0!
0A
#85990000
1!
1A
1P
0L
0I
0J
0M
1Q
1>
0?
0@
0R
0N
1F
0.
0-
1,
1S
1G
0S
#86000000
0!
0A
#86010000
1!
1A
1I
1J
1@
1N
0F
1.
1K
0G
#86020000
0!
0A
#86030000
1!
1A
1L
0I
0J
1M
1?
0@
0N
1F
0.
1-
0O
1G
1O
#86040000
0!
0A
#86050000
1!
1A
1I
1J
1@
1R
1N
0F
1.
0K
0G
0O
1S
#86060000
0!
0A
#86070000
1!
1A
1T
0P
0L
0I
0J
0M
0Q
1U
1=
0>
0?
0@
0R
0N
1F
0.
0-
0,
1+
1G
#86080000
0!
0A
#86090000
1!
1A
1I
1J
1@
1N
0F
1.
1K
0G
#86100000
0!
0A
#86110000
1!
1A
1L
0I
0J
1M
1?
0@
0N
1F
0.
1-
1O
1G
0O
#86120000
0!
0A
#86130000
1!
1A
1I
1J
1@
1R
1N
0F
1.
0K
0G
1O
#86140000
0!
0A
#86150000
1!
1A
1P
0L
0I
0J
0M
1Q
1>
0?
0@
0R
0N
1F
0.
0-
1,
0S
1G
1S
#86160000
0!
0A
#86170000
1!
1A
1I
1J
1@
1N
0F
1.
1K
0G
#86180000
0!
0A
#86190000
1!
1A
1L
0I
0J
1M
1?
0@
0N
1F
0.
1-
0O
1G
1O
#86200000
0!
0A
#86210000
1!
1A
1I
1J
1@
1Z
1V
1R
1N
0F
1.
0K
0G
0O
0S
1W
#86220000
0!
0A
#86230000
1!
1A
1X
0T
0P
0L
0I
0J
0M
0Q
0U
1Y
1<
0=
0>
0?
0@
0Z
0R
0N
1F
0.
0-
0,
0+
1*
1[
1G
0[
#86240000
0!
0A
#86250000
1!
1A
1I
1J
1@
1N
0F
1.
1K
0G
#86260000
0!
0A
#86270000
1!
1A
1L
0I
0J
1M
1?
0@
0N
1F
0.
1-
1O
1G
0O
#86280000
0!
0A
#86290000
1!
1A
1I
1J
1@
1R
1N
0F
1.
0K
0G
1O
#86300000
0!
0A
#86310000
1!
1A
1P
0L
0I
0J
0M
1Q
1>
0?
0@
0R
0N
1F
0.
0-
1,
1S
1G
0S
#86320000
0!
0A
#86330000
1!
1A
1I
1J
1@
1N
0F
1.
1K
0G
#86340000
0!
0A
#86350000
1!
1A
1L
0I
0J
1M
1?
0@
0N
1F
0.
1-
0O
1G
1O
#86360000
0!
0A
#86370000
1!
1A
1I
1J
1@
1R
1N
0F
1.
0K
0G
0O
1S
#86380000
0!
0A
#86390000
1!
1A
1T
0P
0L
0I
0J
0M
0Q
1U
1=
0>
0?
0@
0R
0N
1F
0.
0-
0,
1+
1G
#86400000
0!
0A
#86410000
1!
1A
1I
1J
1@
1N
0F
1.
1K
0G
#86420000
0!
0A
#86430000
1!
1A
1L
0I
0J
1M
1?
0@
0N
1F
0.
1-
1O
1G
0O
#86440000
0!
0A
#86450000
1!
1A
1I
1J
1@
1R
1N
0F
1.
0K
0G
1O
#86460000
0!
0A
#86470000
1!
1A
1P
0L
0I
0J
0M
1Q
1>
0?
0@
0R
0N
1F
0.
0-
1,
0S
1G
1S
#86480000
0!
0A
#86490000
1!
1A
1I
1J
1@
1N
0F
1.
1K
0G
#86500000
0!
0A
#86510000
1!
1A
1L
0I
0J
1M
1?
0@
0N
1F
0.
1-
0O
1G
1O
#86520000
0!
0A
#86530000
1!
1A
1I
1J
1@
1^
1Z
0V
1R
1N
0F
1.
0K
0G
0O
0S
0W
1[
#86540000
0!
0A
#86550000
1!
1A
1\
0X
0T
0P
0L
0I
0J
0M
0Q
0U
0Y
1]
1;
0<
0=
0>
0?
0@
0^
0Z
0R
0N
1F
0.
0-
0,
0+
0*
1)
1e
0b
0_
1G
0e
1b
1_
#86560000
0!
0A
#86570000
1!
1A
1I
1J
1@
1N
0F
1.
1K
0G
#86580000
0!
0A
#86590000
1!
1A
1L
0I
0J
1M
1?
0@
0N
1F
0.
1-
1O
1G
0O
#86600000
0!
0A
#86610000
1!
1A
1I
1J
1@
1R
1N
0F
1.
0K
0G
1O
#86620000
0!
0A
#86630000
1!
1A
1P
0L
0I
0J
0M
1Q
1>
0?
0@
0R
0N
1F
0.
0-
1,
1S
1G
0S
#86640000
0!
0A
#86650000
1!
1A
1I
1J
1@
1N
0F
1.
1K
0G
#86660000
0!
0A
#86670000
1!
1A
1L
0I
0J
1M
1?
0@
0N
1F
0.
1-
0O
1G
1O
#86680000
0!
0A
#86690000
1!
1A
1I
1J
1@
1R
1N
0F
1.
0K
0G
0O
1S
#86700000
0!
0A
#86710000
1!
1A
1T
0P
0L
0I
0J
0M
0Q
1U
1=
0>
0?
0@
0R
0N
1F
0.
0-
0,
1+
1G
#86720000
0!
0A
#86730000
1!
1A
1I
1J
1@
1N
0F
1.
1K
0G
#86740000
0!
0A
#86750000
1!
1A
1L
0I
0J
1M
1?
0@
0N
1F
0.
1-
1O
1G
0O
#86760000
0!
0A
#86770000
1!
1A
1I
1J
1@
1R
1N
0F
1.
0K
0G
1O
#86780000
0!
0A
#86790000
1!
1A
1P
0L
0I
0J
0M
1Q
1>
0?
0@
0R
0N
1F
0.
0-
1,
0S
1G
1S
#86800000
0!
0A
#86810000
1!
1A
1I
1J
1@
1N
0F
1.
1K
0G
#86820000
0!
0A
#86830000
1!
1A
1L
0I
0J
1M
1?
0@
0N
1F
0.
1-
0O
1G
1O
#86840000
0!
0A
#86850000
1!
1A
1I
1J
1@
1Z
1V
1R
1N
0F
1.
0K
0G
0O
0S
1W
#86860000
0!
0A
#86870000
1!
1A
1X
0T
0P
0L
0I
0J
0M
0Q
0U
1Y
1<
0=
0>
0?
0@
0Z
0R
0N
1F
0.
0-
0,
0+
1*
0[
1G
1[
#86880000
0!
0A
#86890000
1!
1A
1I
1J
1@
1N
0F
1.
1K
0G
#86900000
0!
0A
#86910000
1!
1A
1L
0I
0J
1M
1?
0@
0N
1F
0.
1-
1O
1G
0O
#86920000
0!
0A
#86930000
1!
1A
1I
1J
1@
1R
1N
0F
1.
0K
0G
1O
#86940000
0!
0A
#86950000
1!
1A
1P
0L
0I
0J
0M
1Q
1>
0?
0@
0R
0N
1F
0.
0-
1,
1S
1G
0S
#86960000
0!
0A
#86970000
1!
1A
1I
1J
1@
1N
0F
1.
1K
0G
#86980000
0!
0A
#86990000
1!
1A
1L
0I
0J
1M
1?
0@
0N
1F
0.
1-
0O
1G
1O
#87000000
0!
0A
#87010000
1!
1A
1I
1J
1@
1R
1N
0F
1.
0K
0G
0O
1S
#87020000
0!
0A
#87030000
1!
1A
1T
0P
0L
0I
0J
0M
0Q
1U
1=
0>
0?
0@
0R
0N
1F
0.
0-
0,
1+
1G
#87040000
0!
0A
#87050000
1!
1A
1I
1J
1@
1N
0F
1.
1K
0G
#87060000
0!
0A
#87070000
1!
1A
1L
0I
0J
1M
1?
0@
0N
1F
0.
1-
1O
1G
0O
#87080000
0!
0A
#87090000
1!
1A
1I
1J
1@
1R
1N
0F
1.
0K
0G
1O
#87100000
0!
0A
#87110000
1!
1A
1P
0L
0I
0J
0M
1Q
1>
0?
0@
0R
0N
1F
0.
0-
1,
0S
1G
1S
#87120000
0!
0A
#87130000
1!
1A
1I
1J
1@
1N
0F
1.
1K
0G
#87140000
0!
0A
#87150000
1!
1A
1L
0I
0J
1M
1?
0@
0N
1F
0.
1-
0O
1G
1O
#87160000
0!
0A
#87170000
1!
1A
1I
1J
1@
1^
1Z
0V
1R
1N
0F
1.
0K
0G
0O
0S
0W
0[
1e
0b
0_
#87180000
0!
0A
#87190000
1!
1A
1f
0c
0`
0\
0X
0T
0P
0L
0I
0J
0M
0Q
0U
0Y
0]
0a
0d
1g
18
09
0:
0;
0<
0=
0>
0?
0@
0^
0Z
0R
0N
1F
0.
0-
0,
0+
0*
0)
0(
0'
1&
1G
#87200000
0!
0A
#87210000
1!
1A
1I
1J
1@
1N
0F
1.
1K
0G
#87220000
0!
0A
#87230000
1!
1A
1L
0I
0J
1M
1?
0@
0N
1F
0.
1-
1O
1G
0O
#87240000
0!
0A
#87250000
1!
1A
1I
1J
1@
1R
1N
0F
1.
0K
0G
1O
#87260000
0!
0A
#87270000
1!
1A
1P
0L
0I
0J
0M
1Q
1>
0?
0@
0R
0N
1F
0.
0-
1,
1S
1G
0S
#87280000
0!
0A
#87290000
1!
1A
1I
1J
1@
1N
0F
1.
1K
0G
#87300000
0!
0A
#87310000
1!
1A
1L
0I
0J
1M
1?
0@
0N
1F
0.
1-
0O
1G
1O
#87320000
0!
0A
#87330000
1!
1A
1I
1J
1@
1R
1N
0F
1.
0K
0G
0O
1S
#87340000
0!
0A
#87350000
1!
1A
1T
0P
0L
0I
0J
0M
0Q
1U
1=
0>
0?
0@
0R
0N
1F
0.
0-
0,
1+
1G
#87360000
0!
0A
#87370000
1!
1A
1I
1J
1@
1N
0F
1.
1K
0G
#87380000
0!
0A
#87390000
1!
1A
1L
0I
0J
1M
1?
0@
0N
1F
0.
1-
1O
1G
0O
#87400000
0!
0A
#87410000
1!
1A
1I
1J
1@
1R
1N
0F
1.
0K
0G
1O
#87420000
0!
0A
#87430000
1!
1A
1P
0L
0I
0J
0M
1Q
1>
0?
0@
0R
0N
1F
0.
0-
1,
0S
1G
1S
#87440000
0!
0A
#87450000
1!
1A
1I
1J
1@
1N
0F
1.
1K
0G
#87460000
0!
0A
#87470000
1!
1A
1L
0I
0J
1M
1?
0@
0N
1F
0.
1-
0O
1G
1O
#87480000
0!
0A
#87490000
1!
1A
1I
1J
1@
1Z
1V
1R
1N
0F
1.
0K
0G
0O
0S
1W
#87500000
0!
0A
#87510000
1!
1A
1X
0T
0P
0L
0I
0J
0M
0Q
0U
1Y
1<
0=
0>
0?
0@
0Z
0R
0N
1F
0.
0-
0,
0+
1*
1[
1G
0[
#87520000
0!
0A
#87530000
1!
1A
1I
1J
1@
1N
0F
1.
1K
0G
#87540000
0!
0A
#87550000
1!
1A
1L
0I
0J
1M
1?
0@
0N
1F
0.
1-
1O
1G
0O
#87560000
0!
0A
#87570000
1!
1A
1I
1J
1@
1R
1N
0F
1.
0K
0G
1O
#87580000
0!
0A
#87590000
1!
1A
1P
0L
0I
0J
0M
1Q
1>
0?
0@
0R
0N
1F
0.
0-
1,
1S
1G
0S
#87600000
0!
0A
#87610000
1!
1A
1I
1J
1@
1N
0F
1.
1K
0G
#87620000
0!
0A
#87630000
1!
1A
1L
0I
0J
1M
1?
0@
0N
1F
0.
1-
0O
1G
1O
#87640000
0!
0A
#87650000
1!
1A
1I
1J
1@
1R
1N
0F
1.
0K
0G
0O
1S
#87660000
0!
0A
#87670000
1!
1A
1T
0P
0L
0I
0J
0M
0Q
1U
1=
0>
0?
0@
0R
0N
1F
0.
0-
0,
1+
1G
#87680000
0!
0A
#87690000
1!
1A
1I
1J
1@
1N
0F
1.
1K
0G
#87700000
0!
0A
#87710000
1!
1A
1L
0I
0J
1M
1?
0@
0N
1F
0.
1-
1O
1G
0O
#87720000
0!
0A
#87730000
1!
1A
1I
1J
1@
1R
1N
0F
1.
0K
0G
1O
#87740000
0!
0A
#87750000
1!
1A
1P
0L
0I
0J
0M
1Q
1>
0?
0@
0R
0N
1F
0.
0-
1,
0S
1G
1S
#87760000
0!
0A
#87770000
1!
1A
1I
1J
1@
1N
0F
1.
1K
0G
#87780000
0!
0A
#87790000
1!
1A
1L
0I
0J
1M
1?
0@
0N
1F
0.
1-
0O
1G
1O
#87800000
0!
0A
#87810000
1!
1A
1I
1J
1@
1^
1Z
0V
1R
1N
0F
1.
0K
0G
0O
0S
0W
1[
#87820000
0!
0A
#87830000
1!
1A
1\
0X
0T
0P
0L
0I
0J
0M
0Q
0U
0Y
1]
1;
0<
0=
0>
0?
0@
1h
0^
0Z
0R
0N
1F
0.
0-
0,
0+
0*
1)
1_
1G
0_
#87840000
0!
0A
#87850000
1!
1A
1I
1J
1@
1N
0F
1.
1K
0G
#87860000
0!
0A
#87870000
1!
1A
1L
0I
0J
1M
1?
0@
0N
1F
0.
1-
1O
1G
0O
#87880000
0!
0A
#87890000
1!
1A
1I
1J
1@
1R
1N
0F
1.
0K
0G
1O
#87900000
0!
0A
#87910000
1!
1A
1P
0L
0I
0J
0M
1Q
1>
0?
0@
0R
0N
1F
0.
0-
1,
1S
1G
0S
#87920000
0!
0A
#87930000
1!
1A
1I
1J
1@
1N
0F
1.
1K
0G
#87940000
0!
0A
#87950000
1!
1A
1L
0I
0J
1M
1?
0@
0N
1F
0.
1-
0O
1G
1O
#87960000
0!
0A
#87970000
1!
1A
1I
1J
1@
1R
1N
0F
1.
0K
0G
0O
1S
#87980000
0!
0A
#87990000
1!
1A
1T
0P
0L
0I
0J
0M
0Q
1U
1=
0>
0?
0@
0R
0N
1F
0.
0-
0,
1+
1G
#88000000
0!
0A
#88010000
1!
1A
1I
1J
1@
1N
0F
1.
1K
0G
#88020000
0!
0A
#88030000
1!
1A
1L
0I
0J
1M
1?
0@
0N
1F
0.
1-
1O
1G
0O
#88040000
0!
0A
#88050000
1!
1A
1I
1J
1@
1R
1N
0F
1.
0K
0G
1O
#88060000
0!
0A
#88070000
1!
1A
1P
0L
0I
0J
0M
1Q
1>
0?
0@
0R
0N
1F
0.
0-
1,
0S
1G
1S
#88080000
0!
0A
#88090000
1!
1A
1I
1J
1@
1N
0F
1.
1K
0G
#88100000
0!
0A
#88110000
1!
1A
1L
0I
0J
1M
1?
0@
0N
1F
0.
1-
0O
1G
1O
#88120000
0!
0A
#88130000
1!
1A
1I
1J
1@
1Z
1V
1R
1N
0F
1.
0K
0G
0O
0S
1W
#88140000
0!
0A
#88150000
1!
1A
1X
0T
0P
0L
0I
0J
0M
0Q
0U
1Y
1<
0=
0>
0?
0@
0Z
0R
0N
1F
0.
0-
0,
0+
1*
0[
1G
1[
#88160000
0!
0A
#88170000
1!
1A
1I
1J
1@
1N
0F
1.
1K
0G
#88180000
0!
0A
#88190000
1!
1A
1L
0I
0J
1M
1?
0@
0N
1F
0.
1-
1O
1G
0O
#88200000
0!
0A
#88210000
1!
1A
1I
1J
1@
1R
1N
0F
1.
0K
0G
1O
#88220000
0!
0A
#88230000
1!
1A
1P
0L
0I
0J
0M
1Q
1>
0?
0@
0R
0N
1F
0.
0-
1,
1S
1G
0S
#88240000
0!
0A
#88250000
1!
1A
1I
1J
1@
1N
0F
1.
1K
0G
#88260000
0!
0A
#88270000
1!
1A
1L
0I
0J
1M
1?
0@
0N
1F
0.
1-
0O
1G
1O
#88280000
0!
0A
#88290000
1!
1A
1I
1J
1@
1R
1N
0F
1.
0K
0G
0O
1S
#88300000
0!
0A
#88310000
1!
1A
1T
0P
0L
0I
0J
0M
0Q
1U
1=
0>
0?
0@
0R
0N
1F
0.
0-
0,
1+
1G
#88320000
0!
0A
#88330000
1!
1A
1I
1J
1@
1N
0F
1.
1K
0G
#88340000
0!
0A
#88350000
1!
1A
1L
0I
0J
1M
1?
0@
0N
1F
0.
1-
1O
1G
0O
#88360000
0!
0A
#88370000
1!
1A
1I
1J
1@
1R
1N
0F
1.
0K
0G
1O
#88380000
0!
0A
#88390000
1!
1A
1P
0L
0I
0J
0M
1Q
1>
0?
0@
0R
0N
1F
0.
0-
1,
0S
1G
1S
#88400000
0!
0A
#88410000
1!
1A
1I
1J
1@
1N
0F
1.
1K
0G
#88420000
0!
0A
#88430000
1!
1A
1L
0I
0J
1M
1?
0@
0N
1F
0.
1-
0O
1G
1O
#88440000
0!
0A
#88450000
1!
1A
1I
1J
1@
1^
1Z
0V
1R
1N
0F
1.
0K
0G
0O
0S
0W
0[
1_
#88460000
0!
0A
#88470000
1!
1A
1`
0\
0X
0T
0P
0L
0I
0J
0M
0Q
0U
0Y
0]
1a
1:
0;
0<
0=
0>
0?
0@
0h
0^
0Z
0R
0N
1F
0.
0-
0,
0+
0*
0)
1(
1G
#88480000
0!
0A
#88490000
1!
1A
1I
1J
1@
1N
0F
1.
1K
0G
#88500000
0!
0A
#88510000
1!
1A
1L
0I
0J
1M
1?
0@
0N
1F
0.
1-
1O
1G
0O
#88520000
0!
0A
#88530000
1!
1A
1I
1J
1@
1R
1N
0F
1.
0K
0G
1O
#88540000
0!
0A
#88550000
1!
1A
1P
0L
0I
0J
0M
1Q
1>
0?
0@
0R
0N
1F
0.
0-
1,
1S
1G
0S
#88560000
0!
0A
#88570000
1!
1A
1I
1J
1@
1N
0F
1.
1K
0G
#88580000
0!
0A
#88590000
1!
1A
1L
0I
0J
1M
1?
0@
0N
1F
0.
1-
0O
1G
1O
#88600000
0!
0A
#88610000
1!
1A
1I
1J
1@
1R
1N
0F
1.
0K
0G
0O
1S
#88620000
0!
0A
#88630000
1!
1A
1T
0P
0L
0I
0J
0M
0Q
1U
1=
0>
0?
0@
0R
0N
1F
0.
0-
0,
1+
1G
#88640000
0!
0A
#88650000
1!
1A
1I
1J
1@
1N
0F
1.
1K
0G
#88660000
0!
0A
#88670000
1!
1A
1L
0I
0J
1M
1?
0@
0N
1F
0.
1-
1O
1G
0O
#88680000
0!
0A
#88690000
1!
1A
1I
1J
1@
1R
1N
0F
1.
0K
0G
1O
#88700000
0!
0A
#88710000
1!
1A
1P
0L
0I
0J
0M
1Q
1>
0?
0@
0R
0N
1F
0.
0-
1,
0S
1G
1S
#88720000
0!
0A
#88730000
1!
1A
1I
1J
1@
1N
0F
1.
1K
0G
#88740000
0!
0A
#88750000
1!
1A
1L
0I
0J
1M
1?
0@
0N
1F
0.
1-
0O
1G
1O
#88760000
0!
0A
#88770000
1!
1A
1I
1J
1@
1Z
1V
1R
1N
0F
1.
0K
0G
0O
0S
1W
#88780000
0!
0A
#88790000
1!
1A
1X
0T
0P
0L
0I
0J
0M
0Q
0U
1Y
1<
0=
0>
0?
0@
0Z
0R
0N
1F
0.
0-
0,
0+
1*
1[
1G
0[
#88800000
0!
0A
#88810000
1!
1A
1I
1J
1@
1N
0F
1.
1K
0G
#88820000
0!
0A
#88830000
1!
1A
1L
0I
0J
1M
1?
0@
0N
1F
0.
1-
1O
1G
0O
#88840000
0!
0A
#88850000
1!
1A
1I
1J
1@
1R
1N
0F
1.
0K
0G
1O
#88860000
0!
0A
#88870000
1!
1A
1P
0L
0I
0J
0M
1Q
1>
0?
0@
0R
0N
1F
0.
0-
1,
1S
1G
0S
#88880000
0!
0A
#88890000
1!
1A
1I
1J
1@
1N
0F
1.
1K
0G
#88900000
0!
0A
#88910000
1!
1A
1L
0I
0J
1M
1?
0@
0N
1F
0.
1-
0O
1G
1O
#88920000
0!
0A
#88930000
1!
1A
1I
1J
1@
1R
1N
0F
1.
0K
0G
0O
1S
#88940000
0!
0A
#88950000
1!
1A
1T
0P
0L
0I
0J
0M
0Q
1U
1=
0>
0?
0@
0R
0N
1F
0.
0-
0,
1+
1G
#88960000
0!
0A
#88970000
1!
1A
1I
1J
1@
1N
0F
1.
1K
0G
#88980000
0!
0A
#88990000
1!
1A
1L
0I
0J
1M
1?
0@
0N
1F
0.
1-
1O
1G
0O
#89000000
0!
0A
#89010000
1!
1A
1I
1J
1@
1R
1N
0F
1.
0K
0G
1O
#89020000
0!
0A
#89030000
1!
1A
1P
0L
0I
0J
0M
1Q
1>
0?
0@
0R
0N
1F
0.
0-
1,
0S
1G
1S
#89040000
0!
0A
#89050000
1!
1A
1I
1J
1@
1N
0F
1.
1K
0G
#89060000
0!
0A
#89070000
1!
1A
1L
0I
0J
1M
1?
0@
0N
1F
0.
1-
0O
1G
1O
#89080000
0!
0A
#89090000
1!
1A
1I
1J
1@
1^
1Z
0V
1R
1N
0F
1.
0K
0G
0O
0S
0W
1[
#89100000
0!
0A
#89110000
1!
1A
1\
0X
0T
0P
0L
0I
0J
0M
0Q
0U
0Y
1]
1;
0<
0=
0>
0?
0@
1h
0^
0Z
0R
0N
1F
0.
0-
0,
0+
0*
1)
1b
0_
1G
0b
1_
#89120000
0!
0A
#89130000
1!
1A
1I
1J
1@
1N
0F
1.
1K
0G
#89140000
0!
0A
#89150000
1!
1A
1L
0I
0J
1M
1?
0@
0N
1F
0.
1-
1O
1G
0O
#89160000
0!
0A
#89170000
1!
1A
1I
1J
1@
1R
1N
0F
1.
0K
0G
1O
#89180000
0!
0A
#89190000
1!
1A
1P
0L
0I
0J
0M
1Q
1>
0?
0@
0R
0N
1F
0.
0-
1,
1S
1G
0S
#89200000
0!
0A
#89210000
1!
1A
1I
1J
1@
1N
0F
1.
1K
0G
#89220000
0!
0A
#89230000
1!
1A
1L
0I
0J
1M
1?
0@
0N
1F
0.
1-
0O
1G
1O
#89240000
0!
0A
#89250000
1!
1A
1I
1J
1@
1R
1N
0F
1.
0K
0G
0O
1S
#89260000
0!
0A
#89270000
1!
1A
1T
0P
0L
0I
0J
0M
0Q
1U
1=
0>
0?
0@
0R
0N
1F
0.
0-
0,
1+
1G
#89280000
0!
0A
#89290000
1!
1A
1I
1J
1@
1N
0F
1.
1K
0G
#89300000
0!
0A
#89310000
1!
1A
1L
0I
0J
1M
1?
0@
0N
1F
0.
1-
1O
1G
0O
#89320000
0!
0A
#89330000
1!
1A
1I
1J
1@
1R
1N
0F
1.
0K
0G
1O
#89340000
0!
0A
#89350000
1!
1A
1P
0L
0I
0J
0M
1Q
1>
0?
0@
0R
0N
1F
0.
0-
1,
0S
1G
1S
#89360000
0!
0A
#89370000
1!
1A
1I
1J
1@
1N
0F
1.
1K
0G
#89380000
0!
0A
#89390000
1!
1A
1L
0I
0J
1M
1?
0@
0N
1F
0.
1-
0O
1G
1O
#89400000
0!
0A
#89410000
1!
1A
1I
1J
1@
1Z
1V
1R
1N
0F
1.
0K
0G
0O
0S
1W
#89420000
0!
0A
#89430000
1!
1A
1X
0T
0P
0L
0I
0J
0M
0Q
0U
1Y
1<
0=
0>
0?
0@
0Z
0R
0N
1F
0.
0-
0,
0+
1*
0[
1G
1[
#89440000
0!
0A
#89450000
1!
1A
1I
1J
1@
1N
0F
1.
1K
0G
#89460000
0!
0A
#89470000
1!
1A
1L
0I
0J
1M
1?
0@
0N
1F
0.
1-
1O
1G
0O
#89480000
0!
0A
#89490000
1!
1A
1I
1J
1@
1R
1N
0F
1.
0K
0G
1O
#89500000
0!
0A
#89510000
1!
1A
1P
0L
0I
0J
0M
1Q
1>
0?
0@
0R
0N
1F
0.
0-
1,
1S
1G
0S
#89520000
0!
0A
#89530000
1!
1A
1I
1J
1@
1N
0F
1.
1K
0G
#89540000
0!
0A
#89550000
1!
1A
1L
0I
0J
1M
1?
0@
0N
1F
0.
1-
0O
1G
1O
#89560000
0!
0A
#89570000
1!
1A
1I
1J
1@
1R
1N
0F
1.
0K
0G
0O
1S
#89580000
0!
0A
#89590000
1!
1A
1T
0P
0L
0I
0J
0M
0Q
1U
1=
0>
0?
0@
0R
0N
1F
0.
0-
0,
1+
1G
#89600000
0!
0A
#89610000
1!
1A
1I
1J
1@
1N
0F
1.
1K
0G
#89620000
0!
0A
#89630000
1!
1A
1L
0I
0J
1M
1?
0@
0N
1F
0.
1-
1O
1G
0O
#89640000
0!
0A
#89650000
1!
1A
1I
1J
1@
1R
1N
0F
1.
0K
0G
1O
#89660000
0!
0A
#89670000
1!
1A
1P
0L
0I
0J
0M
1Q
1>
0?
0@
0R
0N
1F
0.
0-
1,
0S
1G
1S
#89680000
0!
0A
#89690000
1!
1A
1I
1J
1@
1N
0F
1.
1K
0G
#89700000
0!
0A
#89710000
1!
1A
1L
0I
0J
1M
1?
0@
0N
1F
0.
1-
0O
1G
1O
#89720000
0!
0A
#89730000
1!
1A
1I
1J
1@
1^
1Z
0V
1R
1N
0F
1.
0K
0G
0O
0S
0W
0[
1b
0_
#89740000
0!
0A
#89750000
1!
1A
1c
0`
0\
0X
0T
0P
0L
0I
0J
0M
0Q
0U
0Y
0]
0a
1d
19
0:
0;
0<
0=
0>
0?
0@
0h
0^
0Z
0R
0N
1F
0.
0-
0,
0+
0*
0)
0(
1'
1G
#89760000
0!
0A
#89770000
1!
1A
1I
1J
1@
1N
0F
1.
1K
0G
#89780000
0!
0A
#89790000
1!
1A
1L
0I
0J
1M
1?
0@
0N
1F
0.
1-
1O
1G
0O
#89800000
0!
0A
#89810000
1!
1A
1I
1J
1@
1R
1N
0F
1.
0K
0G
1O
#89820000
0!
0A
#89830000
1!
1A
1P
0L
0I
0J
0M
1Q
1>
0?
0@
0R
0N
1F
0.
0-
1,
1S
1G
0S
#89840000
0!
0A
#89850000
1!
1A
1I
1J
1@
1N
0F
1.
1K
0G
#89860000
0!
0A
#89870000
1!
1A
1L
0I
0J
1M
1?
0@
0N
1F
0.
1-
0O
1G
1O
#89880000
0!
0A
#89890000
1!
1A
1I
1J
1@
1R
1N
0F
1.
0K
0G
0O
1S
#89900000
0!
0A
#89910000
1!
1A
1T
0P
0L
0I
0J
0M
0Q
1U
1=
0>
0?
0@
0R
0N
1F
0.
0-
0,
1+
1G
#89920000
0!
0A
#89930000
1!
1A
1I
1J
1@
1N
0F
1.
1K
0G
#89940000
0!
0A
#89950000
1!
1A
1L
0I
0J
1M
1?
0@
0N
1F
0.
1-
1O
1G
0O
#89960000
0!
0A
#89970000
1!
1A
1I
1J
1@
1R
1N
0F
1.
0K
0G
1O
#89980000
0!
0A
#89990000
1!
1A
1P
0L
0I
0J
0M
1Q
1>
0?
0@
0R
0N
1F
0.
0-
1,
0S
1G
1S
#90000000
0!
0A
#90010000
1!
1A
1I
1J
1@
1N
0F
1.
1K
0G
#90020000
0!
0A
#90030000
1!
1A
1L
0I
0J
1M
1?
0@
0N
1F
0.
1-
0O
1G
1O
#90040000
0!
0A
#90050000
1!
1A
1I
1J
1@
1Z
1V
1R
1N
0F
1.
0K
0G
0O
0S
1W
#90060000
0!
0A
#90070000
1!
1A
1X
0T
0P
0L
0I
0J
0M
0Q
0U
1Y
1<
0=
0>
0?
0@
0Z
0R
0N
1F
0.
0-
0,
0+
1*
1[
1G
0[
#90080000
0!
0A
#90090000
1!
1A
1I
1J
1@
1N
0F
1.
1K
0G
#90100000
0!
0A
#90110000
1!
1A
1L
0I
0J
1M
1?
0@
0N
1F
0.
1-
1O
1G
0O
#90120000
0!
0A
#90130000
1!
1A
1I
1J
1@
1R
1N
0F
1.
0K
0G
1O
#90140000
0!
0A
#90150000
1!
1A
1P
0L
0I
0J
0M
1Q
1>
0?
0@
0R
0N
1F
0.
0-
1,
1S
1G
0S
#90160000
0!
0A
#90170000
1!
1A
1I
1J
1@
1N
0F
1.
1K
0G
#90180000
0!
0A
#90190000
1!
1A
1L
0I
0J
1M
1?
0@
0N
1F
0.
1-
0O
1G
1O
#90200000
0!
0A
#90210000
1!
1A
1I
1J
1@
1R
1N
0F
1.
0K
0G
0O
1S
#90220000
0!
0A
#90230000
1!
1A
1T
0P
0L
0I
0J
0M
0Q
1U
1=
0>
0?
0@
0R
0N
1F
0.
0-
0,
1+
1G
#90240000
0!
0A
#90250000
1!
1A
1I
1J
1@
1N
0F
1.
1K
0G
#90260000
0!
0A
#90270000
1!
1A
1L
0I
0J
1M
1?
0@
0N
1F
0.
1-
1O
1G
0O
#90280000
0!
0A
#90290000
1!
1A
1I
1J
1@
1R
1N
0F
1.
0K
0G
1O
#90300000
0!
0A
#90310000
1!
1A
1P
0L
0I
0J
0M
1Q
1>
0?
0@
0R
0N
1F
0.
0-
1,
0S
1G
1S
#90320000
0!
0A
#90330000
1!
1A
1I
1J
1@
1N
0F
1.
1K
0G
#90340000
0!
0A
#90350000
1!
1A
1L
0I
0J
1M
1?
0@
0N
1F
0.
1-
0O
1G
1O
#90360000
0!
0A
#90370000
1!
1A
1I
1J
1@
1^
1Z
0V
1R
1N
0F
1.
0K
0G
0O
0S
0W
1[
#90380000
0!
0A
#90390000
1!
1A
1\
0X
0T
0P
0L
0I
0J
0M
0Q
0U
0Y
1]
1;
0<
0=
0>
0?
0@
1h
0^
0Z
0R
0N
1F
0.
0-
0,
0+
0*
1)
1_
1G
0_
#90400000
0!
0A
#90410000
1!
1A
1I
1J
1@
1N
0F
1.
1K
0G
#90420000
0!
0A
#90430000
1!
1A
1L
0I
0J
1M
1?
0@
0N
1F
0.
1-
1O
1G
0O
#90440000
0!
0A
#90450000
1!
1A
1I
1J
1@
1R
1N
0F
1.
0K
0G
1O
#90460000
0!
0A
#90470000
1!
1A
1P
0L
0I
0J
0M
1Q
1>
0?
0@
0R
0N
1F
0.
0-
1,
1S
1G
0S
#90480000
0!
0A
#90490000
1!
1A
1I
1J
1@
1N
0F
1.
1K
0G
#90500000
0!
0A
#90510000
1!
1A
1L
0I
0J
1M
1?
0@
0N
1F
0.
1-
0O
1G
1O
#90520000
0!
0A
#90530000
1!
1A
1I
1J
1@
1R
1N
0F
1.
0K
0G
0O
1S
#90540000
0!
0A
#90550000
1!
1A
1T
0P
0L
0I
0J
0M
0Q
1U
1=
0>
0?
0@
0R
0N
1F
0.
0-
0,
1+
1G
#90560000
0!
0A
#90570000
1!
1A
1I
1J
1@
1N
0F
1.
1K
0G
#90580000
0!
0A
#90590000
1!
1A
1L
0I
0J
1M
1?
0@
0N
1F
0.
1-
1O
1G
0O
#90600000
0!
0A
#90610000
1!
1A
1I
1J
1@
1R
1N
0F
1.
0K
0G
1O
#90620000
0!
0A
#90630000
1!
1A
1P
0L
0I
0J
0M
1Q
1>
0?
0@
0R
0N
1F
0.
0-
1,
0S
1G
1S
#90640000
0!
0A
#90650000
1!
1A
1I
1J
1@
1N
0F
1.
1K
0G
#90660000
0!
0A
#90670000
1!
1A
1L
0I
0J
1M
1?
0@
0N
1F
0.
1-
0O
1G
1O
#90680000
0!
0A
#90690000
1!
1A
1I
1J
1@
1Z
1V
1R
1N
0F
1.
0K
0G
0O
0S
1W
#90700000
0!
0A
#90710000
1!
1A
1X
0T
0P
0L
0I
0J
0M
0Q
0U
1Y
1<
0=
0>
0?
0@
0Z
0R
0N
1F
0.
0-
0,
0+
1*
0[
1G
1[
#90720000
0!
0A
#90730000
1!
1A
1I
1J
1@
1N
0F
1.
1K
0G
#90740000
0!
0A
#90750000
1!
1A
1L
0I
0J
1M
1?
0@
0N
1F
0.
1-
1O
1G
0O
#90760000
0!
0A
#90770000
1!
1A
1I
1J
1@
1R
1N
0F
1.
0K
0G
1O
#90780000
0!
0A
#90790000
1!
1A
1P
0L
0I
0J
0M
1Q
1>
0?
0@
0R
0N
1F
0.
0-
1,
1S
1G
0S
#90800000
0!
0A
#90810000
1!
1A
1I
1J
1@
1N
0F
1.
1K
0G
#90820000
0!
0A
#90830000
1!
1A
1L
0I
0J
1M
1?
0@
0N
1F
0.
1-
0O
1G
1O
#90840000
0!
0A
#90850000
1!
1A
1I
1J
1@
1R
1N
0F
1.
0K
0G
0O
1S
#90860000
0!
0A
#90870000
1!
1A
1T
0P
0L
0I
0J
0M
0Q
1U
1=
0>
0?
0@
0R
0N
1F
0.
0-
0,
1+
1G
#90880000
0!
0A
#90890000
1!
1A
1I
1J
1@
1N
0F
1.
1K
0G
#90900000
0!
0A
#90910000
1!
1A
1L
0I
0J
1M
1?
0@
0N
1F
0.
1-
1O
1G
0O
#90920000
0!
0A
#90930000
1!
1A
1I
1J
1@
1R
1N
0F
1.
0K
0G
1O
#90940000
0!
0A
#90950000
1!
1A
1P
0L
0I
0J
0M
1Q
1>
0?
0@
0R
0N
1F
0.
0-
1,
0S
1G
1S
#90960000
0!
0A
#90970000
1!
1A
1I
1J
1@
1N
0F
1.
1K
0G
#90980000
0!
0A
#90990000
1!
1A
1L
0I
0J
1M
1?
0@
0N
1F
0.
1-
0O
1G
1O
#91000000
0!
0A
#91010000
1!
1A
1I
1J
1@
1^
1Z
0V
1R
1N
0F
1.
0K
0G
0O
0S
0W
0[
1_
#91020000
0!
0A
#91030000
1!
1A
1`
0\
0X
0T
0P
0L
0I
0J
0M
0Q
0U
0Y
0]
1a
1:
0;
0<
0=
0>
0?
0@
0h
0^
0Z
0R
0N
1F
0.
0-
0,
0+
0*
0)
1(
1i
1G
0i
#91040000
0!
0A
#91050000
1!
1A
1I
1J
1@
1N
0F
1.
1K
0G
#91060000
0!
0A
#91070000
1!
1A
1L
0I
0J
1M
1?
0@
0N
1F
0.
1-
1O
1G
0O
#91080000
0!
0A
#91090000
1!
1A
1I
1J
1@
1R
1N
0F
1.
0K
0G
1O
#91100000
0!
0A
#91110000
1!
1A
1P
0L
0I
0J
0M
1Q
1>
0?
0@
0R
0N
1F
0.
0-
1,
1S
1G
0S
#91120000
0!
0A
#91130000
1!
1A
1I
1J
1@
1N
0F
1.
1K
0G
#91140000
0!
0A
#91150000
1!
1A
1L
0I
0J
1M
1?
0@
0N
1F
0.
1-
0O
1G
1O
#91160000
0!
0A
#91170000
1!
1A
1I
1J
1@
1R
1N
0F
1.
0K
0G
0O
1S
#91180000
0!
0A
#91190000
1!
1A
1T
0P
0L
0I
0J
0M
0Q
1U
1=
0>
0?
0@
0R
0N
1F
0.
0-
0,
1+
1G
#91200000
0!
0A
#91210000
1!
1A
1I
1J
1@
1N
0F
1.
1K
0G
#91220000
0!
0A
#91230000
1!
1A
1L
0I
0J
1M
1?
0@
0N
1F
0.
1-
1O
1G
0O
#91240000
0!
0A
#91250000
1!
1A
1I
1J
1@
1R
1N
0F
1.
0K
0G
1O
#91260000
0!
0A
#91270000
1!
1A
1P
0L
0I
0J
0M
1Q
1>
0?
0@
0R
0N
1F
0.
0-
1,
0S
1G
1S
#91280000
0!
0A
#91290000
1!
1A
1I
1J
1@
1N
0F
1.
1K
0G
#91300000
0!
0A
#91310000
1!
1A
1L
0I
0J
1M
1?
0@
0N
1F
0.
1-
0O
1G
1O
#91320000
0!
0A
#91330000
1!
1A
1I
1J
1@
1Z
1V
1R
1N
0F
1.
0K
0G
0O
0S
1W
#91340000
0!
0A
#91350000
1!
1A
1X
0T
0P
0L
0I
0J
0M
0Q
0U
1Y
1<
0=
0>
0?
0@
0Z
0R
0N
1F
0.
0-
0,
0+
1*
1[
1G
0[
#91360000
0!
0A
#91370000
1!
1A
1I
1J
1@
1N
0F
1.
1K
0G
#91380000
0!
0A
#91390000
1!
1A
1L
0I
0J
1M
1?
0@
0N
1F
0.
1-
1O
1G
0O
#91400000
0!
0A
#91410000
1!
1A
1I
1J
1@
1R
1N
0F
1.
0K
0G
1O
#91420000
0!
0A
#91430000
1!
1A
1P
0L
0I
0J
0M
1Q
1>
0?
0@
0R
0N
1F
0.
0-
1,
1S
1G
0S
#91440000
0!
0A
#91450000
1!
1A
1I
1J
1@
1N
0F
1.
1K
0G
#91460000
0!
0A
#91470000
1!
1A
1L
0I
0J
1M
1?
0@
0N
1F
0.
1-
0O
1G
1O
#91480000
0!
0A
#91490000
1!
1A
1I
1J
1@
1R
1N
0F
1.
0K
0G
0O
1S
#91500000
0!
0A
#91510000
1!
1A
1T
0P
0L
0I
0J
0M
0Q
1U
1=
0>
0?
0@
0R
0N
1F
0.
0-
0,
1+
1G
#91520000
0!
0A
#91530000
1!
1A
1I
1J
1@
1N
0F
1.
1K
0G
#91540000
0!
0A
#91550000
1!
1A
1L
0I
0J
1M
1?
0@
0N
1F
0.
1-
1O
1G
0O
#91560000
0!
0A
#91570000
1!
1A
1I
1J
1@
1R
1N
0F
1.
0K
0G
1O
#91580000
0!
0A
#91590000
1!
1A
1P
0L
0I
0J
0M
1Q
1>
0?
0@
0R
0N
1F
0.
0-
1,
0S
1G
1S
#91600000
0!
0A
#91610000
1!
1A
1I
1J
1@
1N
0F
1.
1K
0G
#91620000
0!
0A
#91630000
1!
1A
1L
0I
0J
1M
1?
0@
0N
1F
0.
1-
0O
1G
1O
#91640000
0!
0A
#91650000
1!
1A
1I
1J
1@
1^
1Z
0V
1R
1N
0F
1.
0K
0G
0O
0S
0W
1[
#91660000
0!
0A
#91670000
1!
1A
1\
0X
0T
0P
0L
0I
0J
0M
0Q
0U
0Y
1]
1;
0<
0=
0>
0?
0@
1h
0^
0Z
0R
0N
1F
0.
0-
0,
0+
0*
1)
0e
0b
0_
1G
1e
1b
1_
#91680000
0!
0A
#91690000
1!
1A
1I
1J
1@
1N
0F
1.
1K
0G
#91700000
0!
0A
#91710000
1!
1A
1L
0I
0J
1M
1?
0@
0N
1F
0.
1-
1O
1G
0O
#91720000
0!
0A
#91730000
1!
1A
1I
1J
1@
1R
1N
0F
1.
0K
0G
1O
#91740000
0!
0A
#91750000
1!
1A
1P
0L
0I
0J
0M
1Q
1>
0?
0@
0R
0N
1F
0.
0-
1,
1S
1G
0S
#91760000
0!
0A
#91770000
1!
1A
1I
1J
1@
1N
0F
1.
1K
0G
#91780000
0!
0A
#91790000
1!
1A
1L
0I
0J
1M
1?
0@
0N
1F
0.
1-
0O
1G
1O
#91800000
0!
0A
#91810000
1!
1A
1I
1J
1@
1R
1N
0F
1.
0K
0G
0O
1S
#91820000
0!
0A
#91830000
1!
1A
1T
0P
0L
0I
0J
0M
0Q
1U
1=
0>
0?
0@
0R
0N
1F
0.
0-
0,
1+
1G
#91840000
0!
0A
#91850000
1!
1A
1I
1J
1@
1N
0F
1.
1K
0G
#91860000
0!
0A
#91870000
1!
1A
1L
0I
0J
1M
1?
0@
0N
1F
0.
1-
1O
1G
0O
#91880000
0!
0A
#91890000
1!
1A
1I
1J
1@
1R
1N
0F
1.
0K
0G
1O
#91900000
0!
0A
#91910000
1!
1A
1P
0L
0I
0J
0M
1Q
1>
0?
0@
0R
0N
1F
0.
0-
1,
0S
1G
1S
#91920000
0!
0A
#91930000
1!
1A
1I
1J
1@
1N
0F
1.
1K
0G
#91940000
0!
0A
#91950000
1!
1A
1L
0I
0J
1M
1?
0@
0N
1F
0.
1-
0O
1G
1O
#91960000
0!
0A
#91970000
1!
1A
1I
1J
1@
1Z
1V
1R
1N
0F
1.
0K
0G
0O
0S
1W
#91980000
0!
0A
#91990000
1!
1A
1X
0T
0P
0L
0I
0J
0M
0Q
0U
1Y
1<
0=
0>
0?
0@
0Z
0R
0N
1F
0.
0-
0,
0+
1*
0[
1G
1[
#92000000
0!
0A
#92010000
1!
1A
1I
1J
1@
1N
0F
1.
1K
0G
#92020000
0!
0A
#92030000
1!
1A
1L
0I
0J
1M
1?
0@
0N
1F
0.
1-
1O
1G
0O
#92040000
0!
0A
#92050000
1!
1A
1I
1J
1@
1R
1N
0F
1.
0K
0G
1O
#92060000
0!
0A
#92070000
1!
1A
1P
0L
0I
0J
0M
1Q
1>
0?
0@
0R
0N
1F
0.
0-
1,
1S
1G
0S
#92080000
0!
0A
#92090000
1!
1A
1I
1J
1@
1N
0F
1.
1K
0G
#92100000
0!
0A
#92110000
1!
1A
1L
0I
0J
1M
1?
0@
0N
1F
0.
1-
0O
1G
1O
#92120000
0!
0A
#92130000
1!
1A
1I
1J
1@
1R
1N
0F
1.
0K
0G
0O
1S
#92140000
0!
0A
#92150000
1!
1A
1T
0P
0L
0I
0J
0M
0Q
1U
1=
0>
0?
0@
0R
0N
1F
0.
0-
0,
1+
1G
#92160000
0!
0A
#92170000
1!
1A
1I
1J
1@
1N
0F
1.
1K
0G
#92180000
0!
0A
#92190000
1!
1A
1L
0I
0J
1M
1?
0@
0N
1F
0.
1-
1O
1G
0O
#92200000
0!
0A
#92210000
1!
1A
1I
1J
1@
1R
1N
0F
1.
0K
0G
1O
#92220000
0!
0A
#92230000
1!
1A
1P
0L
0I
0J
0M
1Q
1>
0?
0@
0R
0N
1F
0.
0-
1,
0S
1G
1S
#92240000
0!
0A
#92250000
1!
1A
1I
1J
1@
1N
0F
1.
1K
0G
#92260000
0!
0A
#92270000
1!
1A
1L
0I
0J
1M
1?
0@
0N
1F
0.
1-
0O
1G
1O
#92280000
0!
0A
#92290000
1!
1A
1I
1J
1@
1^
1Z
0V
1R
1N
0F
1.
0K
0G
0O
0S
0W
0[
1i
0e
0b
0_
#92300000
0!
0A
#92310000
1!
1A
1j
0f
0c
0`
0\
0X
0T
0P
0L
0I
0J
0M
0Q
0U
0Y
0]
0a
0d
0g
1k
17
08
09
0:
0;
0<
0=
0>
0?
0@
0h
0^
0Z
0R
0N
1F
0.
0-
0,
0+
0*
0)
0(
0'
0&
1%
1G
#92320000
0!
0A
#92330000
1!
1A
1I
1J
1@
1N
0F
1.
1K
0G
#92340000
0!
0A
#92350000
1!
1A
1L
0I
0J
1M
1?
0@
0N
1F
0.
1-
1O
1G
0O
#92360000
0!
0A
#92370000
1!
1A
1I
1J
1@
1R
1N
0F
1.
0K
0G
1O
#92380000
0!
0A
#92390000
1!
1A
1P
0L
0I
0J
0M
1Q
1>
0?
0@
0R
0N
1F
0.
0-
1,
1S
1G
0S
#92400000
0!
0A
#92410000
1!
1A
1I
1J
1@
1N
0F
1.
1K
0G
#92420000
0!
0A
#92430000
1!
1A
1L
0I
0J
1M
1?
0@
0N
1F
0.
1-
0O
1G
1O
#92440000
0!
0A
#92450000
1!
1A
1I
1J
1@
1R
1N
0F
1.
0K
0G
0O
1S
#92460000
0!
0A
#92470000
1!
1A
1T
0P
0L
0I
0J
0M
0Q
1U
1=
0>
0?
0@
0R
0N
1F
0.
0-
0,
1+
1G
#92480000
0!
0A
#92490000
1!
1A
1I
1J
1@
1N
0F
1.
1K
0G
#92500000
0!
0A
#92510000
1!
1A
1L
0I
0J
1M
1?
0@
0N
1F
0.
1-
1O
1G
0O
#92520000
0!
0A
#92530000
1!
1A
1I
1J
1@
1R
1N
0F
1.
0K
0G
1O
#92540000
0!
0A
#92550000
1!
1A
1P
0L
0I
0J
0M
1Q
1>
0?
0@
0R
0N
1F
0.
0-
1,
0S
1G
1S
#92560000
0!
0A
#92570000
1!
1A
1I
1J
1@
1N
0F
1.
1K
0G
#92580000
0!
0A
#92590000
1!
1A
1L
0I
0J
1M
1?
0@
0N
1F
0.
1-
0O
1G
1O
#92600000
0!
0A
#92610000
1!
1A
1I
1J
1@
1Z
1V
1R
1N
0F
1.
0K
0G
0O
0S
1W
#92620000
0!
0A
#92630000
1!
1A
1X
0T
0P
0L
0I
0J
0M
0Q
0U
1Y
1<
0=
0>
0?
0@
0Z
0R
0N
1F
0.
0-
0,
0+
1*
1[
1G
0[
#92640000
0!
0A
#92650000
1!
1A
1I
1J
1@
1N
0F
1.
1K
0G
#92660000
0!
0A
#92670000
1!
1A
1L
0I
0J
1M
1?
0@
0N
1F
0.
1-
1O
1G
0O
#92680000
0!
0A
#92690000
1!
1A
1I
1J
1@
1R
1N
0F
1.
0K
0G
1O
#92700000
0!
0A
#92710000
1!
1A
1P
0L
0I
0J
0M
1Q
1>
0?
0@
0R
0N
1F
0.
0-
1,
1S
1G
0S
#92720000
0!
0A
#92730000
1!
1A
1I
1J
1@
1N
0F
1.
1K
0G
#92740000
0!
0A
#92750000
1!
1A
1L
0I
0J
1M
1?
0@
0N
1F
0.
1-
0O
1G
1O
#92760000
0!
0A
#92770000
1!
1A
1I
1J
1@
1R
1N
0F
1.
0K
0G
0O
1S
#92780000
0!
0A
#92790000
1!
1A
1T
0P
0L
0I
0J
0M
0Q
1U
1=
0>
0?
0@
0R
0N
1F
0.
0-
0,
1+
1G
#92800000
0!
0A
#92810000
1!
1A
1I
1J
1@
1N
0F
1.
1K
0G
#92820000
0!
0A
#92830000
1!
1A
1L
0I
0J
1M
1?
0@
0N
1F
0.
1-
1O
1G
0O
#92840000
0!
0A
#92850000
1!
1A
1I
1J
1@
1R
1N
0F
1.
0K
0G
1O
#92860000
0!
0A
#92870000
1!
1A
1P
0L
0I
0J
0M
1Q
1>
0?
0@
0R
0N
1F
0.
0-
1,
0S
1G
1S
#92880000
0!
0A
#92890000
1!
1A
1I
1J
1@
1N
0F
1.
1K
0G
#92900000
0!
0A
#92910000
1!
1A
1L
0I
0J
1M
1?
0@
0N
1F
0.
1-
0O
1G
1O
#92920000
0!
0A
#92930000
1!
1A
1I
1J
1@
1^
1Z
0V
1R
1N
0F
1.
0K
0G
0O
0S
0W
1[
#92940000
0!
0A
#92950000
1!
1A
1\
0X
0T
0P
0L
0I
0J
0M
0Q
0U
0Y
1]
1;
0<
0=
0>
0?
0@
0^
0Z
0R
0N
1F
0.
0-
0,
0+
0*
1)
1_
1G
0_
#92960000
0!
0A
#92970000
1!
1A
1I
1J
1@
1N
0F
1.
1K
0G
#92980000
0!
0A
#92990000
1!
1A
1L
0I
0J
1M
1?
0@
0N
1F
0.
1-
1O
1G
0O
#93000000
0!
0A
#93010000
1!
1A
1I
1J
1@
1R
1N
0F
1.
0K
0G
1O
#93020000
0!
0A
#93030000
1!
1A
1P
0L
0I
0J
0M
1Q
1>
0?
0@
0R
0N
1F
0.
0-
1,
1S
1G
0S
#93040000
0!
0A
#93050000
1!
1A
1I
1J
1@
1N
0F
1.
1K
0G
#93060000
0!
0A
#93070000
1!
1A
1L
0I
0J
1M
1?
0@
0N
1F
0.
1-
0O
1G
1O
#93080000
0!
0A
#93090000
1!
1A
1I
1J
1@
1R
1N
0F
1.
0K
0G
0O
1S
#93100000
0!
0A
#93110000
1!
1A
1T
0P
0L
0I
0J
0M
0Q
1U
1=
0>
0?
0@
0R
0N
1F
0.
0-
0,
1+
1G
#93120000
0!
0A
#93130000
1!
1A
1I
1J
1@
1N
0F
1.
1K
0G
#93140000
0!
0A
#93150000
1!
1A
1L
0I
0J
1M
1?
0@
0N
1F
0.
1-
1O
1G
0O
#93160000
0!
0A
#93170000
1!
1A
1I
1J
1@
1R
1N
0F
1.
0K
0G
1O
#93180000
0!
0A
#93190000
1!
1A
1P
0L
0I
0J
0M
1Q
1>
0?
0@
0R
0N
1F
0.
0-
1,
0S
1G
1S
#93200000
0!
0A
#93210000
1!
1A
1I
1J
1@
1N
0F
1.
1K
0G
#93220000
0!
0A
#93230000
1!
1A
1L
0I
0J
1M
1?
0@
0N
1F
0.
1-
0O
1G
1O
#93240000
0!
0A
#93250000
1!
1A
1I
1J
1@
1Z
1V
1R
1N
0F
1.
0K
0G
0O
0S
1W
#93260000
0!
0A
#93270000
1!
1A
1X
0T
0P
0L
0I
0J
0M
0Q
0U
1Y
1<
0=
0>
0?
0@
0Z
0R
0N
1F
0.
0-
0,
0+
1*
0[
1G
1[
#93280000
0!
0A
#93290000
1!
1A
1I
1J
1@
1N
0F
1.
1K
0G
#93300000
0!
0A
#93310000
1!
1A
1L
0I
0J
1M
1?
0@
0N
1F
0.
1-
1O
1G
0O
#93320000
0!
0A
#93330000
1!
1A
1I
1J
1@
1R
1N
0F
1.
0K
0G
1O
#93340000
0!
0A
#93350000
1!
1A
1P
0L
0I
0J
0M
1Q
1>
0?
0@
0R
0N
1F
0.
0-
1,
1S
1G
0S
#93360000
0!
0A
#93370000
1!
1A
1I
1J
1@
1N
0F
1.
1K
0G
#93380000
0!
0A
#93390000
1!
1A
1L
0I
0J
1M
1?
0@
0N
1F
0.
1-
0O
1G
1O
#93400000
0!
0A
#93410000
1!
1A
1I
1J
1@
1R
1N
0F
1.
0K
0G
0O
1S
#93420000
0!
0A
#93430000
1!
1A
1T
0P
0L
0I
0J
0M
0Q
1U
1=
0>
0?
0@
0R
0N
1F
0.
0-
0,
1+
1G
#93440000
0!
0A
#93450000
1!
1A
1I
1J
1@
1N
0F
1.
1K
0G
#93460000
0!
0A
#93470000
1!
1A
1L
0I
0J
1M
1?
0@
0N
1F
0.
1-
1O
1G
0O
#93480000
0!
0A
#93490000
1!
1A
1I
1J
1@
1R
1N
0F
1.
0K
0G
1O
#93500000
0!
0A
#93510000
1!
1A
1P
0L
0I
0J
0M
1Q
1>
0?
0@
0R
0N
1F
0.
0-
1,
0S
1G
1S
#93520000
0!
0A
#93530000
1!
1A
1I
1J
1@
1N
0F
1.
1K
0G
#93540000
0!
0A
#93550000
1!
1A
1L
0I
0J
1M
1?
0@
0N
1F
0.
1-
0O
1G
1O
#93560000
0!
0A
#93570000
1!
1A
1I
1J
1@
1^
1Z
0V
1R
1N
0F
1.
0K
0G
0O
0S
0W
0[
1_
#93580000
0!
0A
#93590000
1!
1A
1`
0\
0X
0T
0P
0L
0I
0J
0M
0Q
0U
0Y
0]
1a
1:
0;
0<
0=
0>
0?
0@
0^
0Z
0R
0N
1F
0.
0-
0,
0+
0*
0)
1(
1G
#93600000
0!
0A
#93610000
1!
1A
1I
1J
1@
1N
0F
1.
1K
0G
#93620000
0!
0A
#93630000
1!
1A
1L
0I
0J
1M
1?
0@
0N
1F
0.
1-
1O
1G
0O
#93640000
0!
0A
#93650000
1!
1A
1I
1J
1@
1R
1N
0F
1.
0K
0G
1O
#93660000
0!
0A
#93670000
1!
1A
1P
0L
0I
0J
0M
1Q
1>
0?
0@
0R
0N
1F
0.
0-
1,
1S
1G
0S
#93680000
0!
0A
#93690000
1!
1A
1I
1J
1@
1N
0F
1.
1K
0G
#93700000
0!
0A
#93710000
1!
1A
1L
0I
0J
1M
1?
0@
0N
1F
0.
1-
0O
1G
1O
#93720000
0!
0A
#93730000
1!
1A
1I
1J
1@
1R
1N
0F
1.
0K
0G
0O
1S
#93740000
0!
0A
#93750000
1!
1A
1T
0P
0L
0I
0J
0M
0Q
1U
1=
0>
0?
0@
0R
0N
1F
0.
0-
0,
1+
1G
#93760000
0!
0A
#93770000
1!
1A
1I
1J
1@
1N
0F
1.
1K
0G
#93780000
0!
0A
#93790000
1!
1A
1L
0I
0J
1M
1?
0@
0N
1F
0.
1-
1O
1G
0O
#93800000
0!
0A
#93810000
1!
1A
1I
1J
1@
1R
1N
0F
1.
0K
0G
1O
#93820000
0!
0A
#93830000
1!
1A
1P
0L
0I
0J
0M
1Q
1>
0?
0@
0R
0N
1F
0.
0-
1,
0S
1G
1S
#93840000
0!
0A
#93850000
1!
1A
1I
1J
1@
1N
0F
1.
1K
0G
#93860000
0!
0A
#93870000
1!
1A
1L
0I
0J
1M
1?
0@
0N
1F
0.
1-
0O
1G
1O
#93880000
0!
0A
#93890000
1!
1A
1I
1J
1@
1Z
1V
1R
1N
0F
1.
0K
0G
0O
0S
1W
#93900000
0!
0A
#93910000
1!
1A
1X
0T
0P
0L
0I
0J
0M
0Q
0U
1Y
1<
0=
0>
0?
0@
0Z
0R
0N
1F
0.
0-
0,
0+
1*
1[
1G
0[
#93920000
0!
0A
#93930000
1!
1A
1I
1J
1@
1N
0F
1.
1K
0G
#93940000
0!
0A
#93950000
1!
1A
1L
0I
0J
1M
1?
0@
0N
1F
0.
1-
1O
1G
0O
#93960000
0!
0A
#93970000
1!
1A
1I
1J
1@
1R
1N
0F
1.
0K
0G
1O
#93980000
0!
0A
#93990000
1!
1A
1P
0L
0I
0J
0M
1Q
1>
0?
0@
0R
0N
1F
0.
0-
1,
1S
1G
0S
#94000000
0!
0A
#94010000
1!
1A
1I
1J
1@
1N
0F
1.
1K
0G
#94020000
0!
0A
#94030000
1!
1A
1L
0I
0J
1M
1?
0@
0N
1F
0.
1-
0O
1G
1O
#94040000
0!
0A
#94050000
1!
1A
1I
1J
1@
1R
1N
0F
1.
0K
0G
0O
1S
#94060000
0!
0A
#94070000
1!
1A
1T
0P
0L
0I
0J
0M
0Q
1U
1=
0>
0?
0@
0R
0N
1F
0.
0-
0,
1+
1G
#94080000
0!
0A
#94090000
1!
1A
1I
1J
1@
1N
0F
1.
1K
0G
#94100000
0!
0A
#94110000
1!
1A
1L
0I
0J
1M
1?
0@
0N
1F
0.
1-
1O
1G
0O
#94120000
0!
0A
#94130000
1!
1A
1I
1J
1@
1R
1N
0F
1.
0K
0G
1O
#94140000
0!
0A
#94150000
1!
1A
1P
0L
0I
0J
0M
1Q
1>
0?
0@
0R
0N
1F
0.
0-
1,
0S
1G
1S
#94160000
0!
0A
#94170000
1!
1A
1I
1J
1@
1N
0F
1.
1K
0G
#94180000
0!
0A
#94190000
1!
1A
1L
0I
0J
1M
1?
0@
0N
1F
0.
1-
0O
1G
1O
#94200000
0!
0A
#94210000
1!
1A
1I
1J
1@
1^
1Z
0V
1R
1N
0F
1.
0K
0G
0O
0S
0W
1[
#94220000
0!
0A
#94230000
1!
1A
1\
0X
0T
0P
0L
0I
0J
0M
0Q
0U
0Y
1]
1;
0<
0=
0>
0?
0@
0^
0Z
0R
0N
1F
0.
0-
0,
0+
0*
1)
1b
0_
1G
0b
1_
#94240000
0!
0A
#94250000
1!
1A
1I
1J
1@
1N
0F
1.
1K
0G
#94260000
0!
0A
#94270000
1!
1A
1L
0I
0J
1M
1?
0@
0N
1F
0.
1-
1O
1G
0O
#94280000
0!
0A
#94290000
1!
1A
1I
1J
1@
1R
1N
0F
1.
0K
0G
1O
#94300000
0!
0A
#94310000
1!
1A
1P
0L
0I
0J
0M
1Q
1>
0?
0@
0R
0N
1F
0.
0-
1,
1S
1G
0S
#94320000
0!
0A
#94330000
1!
1A
1I
1J
1@
1N
0F
1.
1K
0G
#94340000
0!
0A
#94350000
1!
1A
1L
0I
0J
1M
1?
0@
0N
1F
0.
1-
0O
1G
1O
#94360000
0!
0A
#94370000
1!
1A
1I
1J
1@
1R
1N
0F
1.
0K
0G
0O
1S
#94380000
0!
0A
#94390000
1!
1A
1T
0P
0L
0I
0J
0M
0Q
1U
1=
0>
0?
0@
0R
0N
1F
0.
0-
0,
1+
1G
#94400000
0!
0A
#94410000
1!
1A
1I
1J
1@
1N
0F
1.
1K
0G
#94420000
0!
0A
#94430000
1!
1A
1L
0I
0J
1M
1?
0@
0N
1F
0.
1-
1O
1G
0O
#94440000
0!
0A
#94450000
1!
1A
1I
1J
1@
1R
1N
0F
1.
0K
0G
1O
#94460000
0!
0A
#94470000
1!
1A
1P
0L
0I
0J
0M
1Q
1>
0?
0@
0R
0N
1F
0.
0-
1,
0S
1G
1S
#94480000
0!
0A
#94490000
1!
1A
1I
1J
1@
1N
0F
1.
1K
0G
#94500000
0!
0A
#94510000
1!
1A
1L
0I
0J
1M
1?
0@
0N
1F
0.
1-
0O
1G
1O
#94520000
0!
0A
#94530000
1!
1A
1I
1J
1@
1Z
1V
1R
1N
0F
1.
0K
0G
0O
0S
1W
#94540000
0!
0A
#94550000
1!
1A
1X
0T
0P
0L
0I
0J
0M
0Q
0U
1Y
1<
0=
0>
0?
0@
0Z
0R
0N
1F
0.
0-
0,
0+
1*
0[
1G
1[
#94560000
0!
0A
#94570000
1!
1A
1I
1J
1@
1N
0F
1.
1K
0G
#94580000
0!
0A
#94590000
1!
1A
1L
0I
0J
1M
1?
0@
0N
1F
0.
1-
1O
1G
0O
#94600000
0!
0A
#94610000
1!
1A
1I
1J
1@
1R
1N
0F
1.
0K
0G
1O
#94620000
0!
0A
#94630000
1!
1A
1P
0L
0I
0J
0M
1Q
1>
0?
0@
0R
0N
1F
0.
0-
1,
1S
1G
0S
#94640000
0!
0A
#94650000
1!
1A
1I
1J
1@
1N
0F
1.
1K
0G
#94660000
0!
0A
#94670000
1!
1A
1L
0I
0J
1M
1?
0@
0N
1F
0.
1-
0O
1G
1O
#94680000
0!
0A
#94690000
1!
1A
1I
1J
1@
1R
1N
0F
1.
0K
0G
0O
1S
#94700000
0!
0A
#94710000
1!
1A
1T
0P
0L
0I
0J
0M
0Q
1U
1=
0>
0?
0@
0R
0N
1F
0.
0-
0,
1+
1G
#94720000
0!
0A
#94730000
1!
1A
1I
1J
1@
1N
0F
1.
1K
0G
#94740000
0!
0A
#94750000
1!
1A
1L
0I
0J
1M
1?
0@
0N
1F
0.
1-
1O
1G
0O
#94760000
0!
0A
#94770000
1!
1A
1I
1J
1@
1R
1N
0F
1.
0K
0G
1O
#94780000
0!
0A
#94790000
1!
1A
1P
0L
0I
0J
0M
1Q
1>
0?
0@
0R
0N
1F
0.
0-
1,
0S
1G
1S
#94800000
0!
0A
#94810000
1!
1A
1I
1J
1@
1N
0F
1.
1K
0G
#94820000
0!
0A
#94830000
1!
1A
1L
0I
0J
1M
1?
0@
0N
1F
0.
1-
0O
1G
1O
#94840000
0!
0A
#94850000
1!
1A
1I
1J
1@
1^
1Z
0V
1R
1N
0F
1.
0K
0G
0O
0S
0W
0[
1b
0_
#94860000
0!
0A
#94870000
1!
1A
1c
0`
0\
0X
0T
0P
0L
0I
0J
0M
0Q
0U
0Y
0]
0a
1d
19
0:
0;
0<
0=
0>
0?
0@
0^
0Z
0R
0N
1F
0.
0-
0,
0+
0*
0)
0(
1'
1G
#94880000
0!
0A
#94890000
1!
1A
1I
1J
1@
1N
0F
1.
1K
0G
#94900000
0!
0A
#94910000
1!
1A
1L
0I
0J
1M
1?
0@
0N
1F
0.
1-
1O
1G
0O
#94920000
0!
0A
#94930000
1!
1A
1I
1J
1@
1R
1N
0F
1.
0K
0G
1O
#94940000
0!
0A
#94950000
1!
1A
1P
0L
0I
0J
0M
1Q
1>
0?
0@
0R
0N
1F
0.
0-
1,
1S
1G
0S
#94960000
0!
0A
#94970000
1!
1A
1I
1J
1@
1N
0F
1.
1K
0G
#94980000
0!
0A
#94990000
1!
1A
1L
0I
0J
1M
1?
0@
0N
1F
0.
1-
0O
1G
1O
#95000000
0!
0A
#95010000
1!
1A
1I
1J
1@
1R
1N
0F
1.
0K
0G
0O
1S
#95020000
0!
0A
#95030000
1!
1A
1T
0P
0L
0I
0J
0M
0Q
1U
1=
0>
0?
0@
0R
0N
1F
0.
0-
0,
1+
1G
#95040000
0!
0A
#95050000
1!
1A
1I
1J
1@
1N
0F
1.
1K
0G
#95060000
0!
0A
#95070000
1!
1A
1L
0I
0J
1M
1?
0@
0N
1F
0.
1-
1O
1G
0O
#95080000
0!
0A
#95090000
1!
1A
1I
1J
1@
1R
1N
0F
1.
0K
0G
1O
#95100000
0!
0A
#95110000
1!
1A
1P
0L
0I
0J
0M
1Q
1>
0?
0@
0R
0N
1F
0.
0-
1,
0S
1G
1S
#95120000
0!
0A
#95130000
1!
1A
1I
1J
1@
1N
0F
1.
1K
0G
#95140000
0!
0A
#95150000
1!
1A
1L
0I
0J
1M
1?
0@
0N
1F
0.
1-
0O
1G
1O
#95160000
0!
0A
#95170000
1!
1A
1I
1J
1@
1Z
1V
1R
1N
0F
1.
0K
0G
0O
0S
1W
#95180000
0!
0A
#95190000
1!
1A
1X
0T
0P
0L
0I
0J
0M
0Q
0U
1Y
1<
0=
0>
0?
0@
0Z
0R
0N
1F
0.
0-
0,
0+
1*
1[
1G
0[
#95200000
0!
0A
#95210000
1!
1A
1I
1J
1@
1N
0F
1.
1K
0G
#95220000
0!
0A
#95230000
1!
1A
1L
0I
0J
1M
1?
0@
0N
1F
0.
1-
1O
1G
0O
#95240000
0!
0A
#95250000
1!
1A
1I
1J
1@
1R
1N
0F
1.
0K
0G
1O
#95260000
0!
0A
#95270000
1!
1A
1P
0L
0I
0J
0M
1Q
1>
0?
0@
0R
0N
1F
0.
0-
1,
1S
1G
0S
#95280000
0!
0A
#95290000
1!
1A
1I
1J
1@
1N
0F
1.
1K
0G
#95300000
0!
0A
#95310000
1!
1A
1L
0I
0J
1M
1?
0@
0N
1F
0.
1-
0O
1G
1O
#95320000
0!
0A
#95330000
1!
1A
1I
1J
1@
1R
1N
0F
1.
0K
0G
0O
1S
#95340000
0!
0A
#95350000
1!
1A
1T
0P
0L
0I
0J
0M
0Q
1U
1=
0>
0?
0@
0R
0N
1F
0.
0-
0,
1+
1G
#95360000
0!
0A
#95370000
1!
1A
1I
1J
1@
1N
0F
1.
1K
0G
#95380000
0!
0A
#95390000
1!
1A
1L
0I
0J
1M
1?
0@
0N
1F
0.
1-
1O
1G
0O
#95400000
0!
0A
#95410000
1!
1A
1I
1J
1@
1R
1N
0F
1.
0K
0G
1O
#95420000
0!
0A
#95430000
1!
1A
1P
0L
0I
0J
0M
1Q
1>
0?
0@
0R
0N
1F
0.
0-
1,
0S
1G
1S
#95440000
0!
0A
#95450000
1!
1A
1I
1J
1@
1N
0F
1.
1K
0G
#95460000
0!
0A
#95470000
1!
1A
1L
0I
0J
1M
1?
0@
0N
1F
0.
1-
0O
1G
1O
#95480000
0!
0A
#95490000
1!
1A
1I
1J
1@
1^
1Z
0V
1R
1N
0F
1.
0K
0G
0O
0S
0W
1[
#95500000
0!
0A
#95510000
1!
1A
1\
0X
0T
0P
0L
0I
0J
0M
0Q
0U
0Y
1]
1;
0<
0=
0>
0?
0@
0^
0Z
0R
0N
1F
0.
0-
0,
0+
0*
1)
1_
1G
0_
#95520000
0!
0A
#95530000
1!
1A
1I
1J
1@
1N
0F
1.
1K
0G
#95540000
0!
0A
#95550000
1!
1A
1L
0I
0J
1M
1?
0@
0N
1F
0.
1-
1O
1G
0O
#95560000
0!
0A
#95570000
1!
1A
1I
1J
1@
1R
1N
0F
1.
0K
0G
1O
#95580000
0!
0A
#95590000
1!
1A
1P
0L
0I
0J
0M
1Q
1>
0?
0@
0R
0N
1F
0.
0-
1,
1S
1G
0S
#95600000
0!
0A
#95610000
1!
1A
1I
1J
1@
1N
0F
1.
1K
0G
#95620000
0!
0A
#95630000
1!
1A
1L
0I
0J
1M
1?
0@
0N
1F
0.
1-
0O
1G
1O
#95640000
0!
0A
#95650000
1!
1A
1I
1J
1@
1R
1N
0F
1.
0K
0G
0O
1S
#95660000
0!
0A
#95670000
1!
1A
1T
0P
0L
0I
0J
0M
0Q
1U
1=
0>
0?
0@
0R
0N
1F
0.
0-
0,
1+
1G
#95680000
0!
0A
#95690000
1!
1A
1I
1J
1@
1N
0F
1.
1K
0G
#95700000
0!
0A
#95710000
1!
1A
1L
0I
0J
1M
1?
0@
0N
1F
0.
1-
1O
1G
0O
#95720000
0!
0A
#95730000
1!
1A
1I
1J
1@
1R
1N
0F
1.
0K
0G
1O
#95740000
0!
0A
#95750000
1!
1A
1P
0L
0I
0J
0M
1Q
1>
0?
0@
0R
0N
1F
0.
0-
1,
0S
1G
1S
#95760000
0!
0A
#95770000
1!
1A
1I
1J
1@
1N
0F
1.
1K
0G
#95780000
0!
0A
#95790000
1!
1A
1L
0I
0J
1M
1?
0@
0N
1F
0.
1-
0O
1G
1O
#95800000
0!
0A
#95810000
1!
1A
1I
1J
1@
1Z
1V
1R
1N
0F
1.
0K
0G
0O
0S
1W
#95820000
0!
0A
#95830000
1!
1A
1X
0T
0P
0L
0I
0J
0M
0Q
0U
1Y
1<
0=
0>
0?
0@
0Z
0R
0N
1F
0.
0-
0,
0+
1*
0[
1G
1[
#95840000
0!
0A
#95850000
1!
1A
1I
1J
1@
1N
0F
1.
1K
0G
#95860000
0!
0A
#95870000
1!
1A
1L
0I
0J
1M
1?
0@
0N
1F
0.
1-
1O
1G
0O
#95880000
0!
0A
#95890000
1!
1A
1I
1J
1@
1R
1N
0F
1.
0K
0G
1O
#95900000
0!
0A
#95910000
1!
1A
1P
0L
0I
0J
0M
1Q
1>
0?
0@
0R
0N
1F
0.
0-
1,
1S
1G
0S
#95920000
0!
0A
#95930000
1!
1A
1I
1J
1@
1N
0F
1.
1K
0G
#95940000
0!
0A
#95950000
1!
1A
1L
0I
0J
1M
1?
0@
0N
1F
0.
1-
0O
1G
1O
#95960000
0!
0A
#95970000
1!
1A
1I
1J
1@
1R
1N
0F
1.
0K
0G
0O
1S
#95980000
0!
0A
#95990000
1!
1A
1T
0P
0L
0I
0J
0M
0Q
1U
1=
0>
0?
0@
0R
0N
1F
0.
0-
0,
1+
1G
#96000000
0!
0A
#96010000
1!
1A
1I
1J
1@
1N
0F
1.
1K
0G
#96020000
0!
0A
#96030000
1!
1A
1L
0I
0J
1M
1?
0@
0N
1F
0.
1-
1O
1G
0O
#96040000
0!
0A
#96050000
1!
1A
1I
1J
1@
1R
1N
0F
1.
0K
0G
1O
#96060000
0!
0A
#96070000
1!
1A
1P
0L
0I
0J
0M
1Q
1>
0?
0@
0R
0N
1F
0.
0-
1,
0S
1G
1S
#96080000
0!
0A
#96090000
1!
1A
1I
1J
1@
1N
0F
1.
1K
0G
#96100000
0!
0A
#96110000
1!
1A
1L
0I
0J
1M
1?
0@
0N
1F
0.
1-
0O
1G
1O
#96120000
0!
0A
#96130000
1!
1A
1I
1J
1@
1^
1Z
0V
1R
1N
0F
1.
0K
0G
0O
0S
0W
0[
1_
#96140000
0!
0A
#96150000
1!
1A
1`
0\
0X
0T
0P
0L
0I
0J
0M
0Q
0U
0Y
0]
1a
1:
0;
0<
0=
0>
0?
0@
0^
0Z
0R
0N
1F
0.
0-
0,
0+
0*
0)
1(
1G
#96160000
0!
0A
#96170000
1!
1A
1I
1J
1@
1N
0F
1.
1K
0G
#96180000
0!
0A
#96190000
1!
1A
1L
0I
0J
1M
1?
0@
0N
1F
0.
1-
1O
1G
0O
#96200000
0!
0A
#96210000
1!
1A
1I
1J
1@
1R
1N
0F
1.
0K
0G
1O
#96220000
0!
0A
#96230000
1!
1A
1P
0L
0I
0J
0M
1Q
1>
0?
0@
0R
0N
1F
0.
0-
1,
1S
1G
0S
#96240000
0!
0A
#96250000
1!
1A
1I
1J
1@
1N
0F
1.
1K
0G
#96260000
0!
0A
#96270000
1!
1A
1L
0I
0J
1M
1?
0@
0N
1F
0.
1-
0O
1G
1O
#96280000
0!
0A
#96290000
1!
1A
1I
1J
1@
1R
1N
0F
1.
0K
0G
0O
1S
#96300000
0!
0A
#96310000
1!
1A
1T
0P
0L
0I
0J
0M
0Q
1U
1=
0>
0?
0@
0R
0N
1F
0.
0-
0,
1+
1G
#96320000
0!
0A
#96330000
1!
1A
1I
1J
1@
1N
0F
1.
1K
0G
#96340000
0!
0A
#96350000
1!
1A
1L
0I
0J
1M
1?
0@
0N
1F
0.
1-
1O
1G
0O
#96360000
0!
0A
#96370000
1!
1A
1I
1J
1@
1R
1N
0F
1.
0K
0G
1O
#96380000
0!
0A
#96390000
1!
1A
1P
0L
0I
0J
0M
1Q
1>
0?
0@
0R
0N
1F
0.
0-
1,
0S
1G
1S
#96400000
0!
0A
#96410000
1!
1A
1I
1J
1@
1N
0F
1.
1K
0G
#96420000
0!
0A
#96430000
1!
1A
1L
0I
0J
1M
1?
0@
0N
1F
0.
1-
0O
1G
1O
#96440000
0!
0A
#96450000
1!
1A
1I
1J
1@
1Z
1V
1R
1N
0F
1.
0K
0G
0O
0S
1W
#96460000
0!
0A
#96470000
1!
1A
1X
0T
0P
0L
0I
0J
0M
0Q
0U
1Y
1<
0=
0>
0?
0@
0Z
0R
0N
1F
0.
0-
0,
0+
1*
1[
1G
0[
#96480000
0!
0A
#96490000
1!
1A
1I
1J
1@
1N
0F
1.
1K
0G
#96500000
0!
0A
#96510000
1!
1A
1L
0I
0J
1M
1?
0@
0N
1F
0.
1-
1O
1G
0O
#96520000
0!
0A
#96530000
1!
1A
1I
1J
1@
1R
1N
0F
1.
0K
0G
1O
#96540000
0!
0A
#96550000
1!
1A
1P
0L
0I
0J
0M
1Q
1>
0?
0@
0R
0N
1F
0.
0-
1,
1S
1G
0S
#96560000
0!
0A
#96570000
1!
1A
1I
1J
1@
1N
0F
1.
1K
0G
#96580000
0!
0A
#96590000
1!
1A
1L
0I
0J
1M
1?
0@
0N
1F
0.
1-
0O
1G
1O
#96600000
0!
0A
#96610000
1!
1A
1I
1J
1@
1R
1N
0F
1.
0K
0G
0O
1S
#96620000
0!
0A
#96630000
1!
1A
1T
0P
0L
0I
0J
0M
0Q
1U
1=
0>
0?
0@
0R
0N
1F
0.
0-
0,
1+
1G
#96640000
0!
0A
#96650000
1!
1A
1I
1J
1@
1N
0F
1.
1K
0G
#96660000
0!
0A
#96670000
1!
1A
1L
0I
0J
1M
1?
0@
0N
1F
0.
1-
1O
1G
0O
#96680000
0!
0A
#96690000
1!
1A
1I
1J
1@
1R
1N
0F
1.
0K
0G
1O
#96700000
0!
0A
#96710000
1!
1A
1P
0L
0I
0J
0M
1Q
1>
0?
0@
0R
0N
1F
0.
0-
1,
0S
1G
1S
#96720000
0!
0A
#96730000
1!
1A
1I
1J
1@
1N
0F
1.
1K
0G
#96740000
0!
0A
#96750000
1!
1A
1L
0I
0J
1M
1?
0@
0N
1F
0.
1-
0O
1G
1O
#96760000
0!
0A
#96770000
1!
1A
1I
1J
1@
1^
1Z
0V
1R
1N
0F
1.
0K
0G
0O
0S
0W
1[
#96780000
0!
0A
#96790000
1!
1A
1\
0X
0T
0P
0L
0I
0J
0M
0Q
0U
0Y
1]
1;
0<
0=
0>
0?
0@
0^
0Z
0R
0N
1F
0.
0-
0,
0+
0*
1)
1e
0b
0_
1G
0e
1b
1_
#96800000
0!
0A
#96810000
1!
1A
1I
1J
1@
1N
0F
1.
1K
0G
#96820000
0!
0A
#96830000
1!
1A
1L
0I
0J
1M
1?
0@
0N
1F
0.
1-
1O
1G
0O
#96840000
0!
0A
#96850000
1!
1A
1I
1J
1@
1R
1N
0F
1.
0K
0G
1O
#96860000
0!
0A
#96870000
1!
1A
1P
0L
0I
0J
0M
1Q
1>
0?
0@
0R
0N
1F
0.
0-
1,
1S
1G
0S
#96880000
0!
0A
#96890000
1!
1A
1I
1J
1@
1N
0F
1.
1K
0G
#96900000
0!
0A
#96910000
1!
1A
1L
0I
0J
1M
1?
0@
0N
1F
0.
1-
0O
1G
1O
#96920000
0!
0A
#96930000
1!
1A
1I
1J
1@
1R
1N
0F
1.
0K
0G
0O
1S
#96940000
0!
0A
#96950000
1!
1A
1T
0P
0L
0I
0J
0M
0Q
1U
1=
0>
0?
0@
0R
0N
1F
0.
0-
0,
1+
1G
#96960000
0!
0A
#96970000
1!
1A
1I
1J
1@
1N
0F
1.
1K
0G
#96980000
0!
0A
#96990000
1!
1A
1L
0I
0J
1M
1?
0@
0N
1F
0.
1-
1O
1G
0O
#97000000
0!
0A
#97010000
1!
1A
1I
1J
1@
1R
1N
0F
1.
0K
0G
1O
#97020000
0!
0A
#97030000
1!
1A
1P
0L
0I
0J
0M
1Q
1>
0?
0@
0R
0N
1F
0.
0-
1,
0S
1G
1S
#97040000
0!
0A
#97050000
1!
1A
1I
1J
1@
1N
0F
1.
1K
0G
#97060000
0!
0A
#97070000
1!
1A
1L
0I
0J
1M
1?
0@
0N
1F
0.
1-
0O
1G
1O
#97080000
0!
0A
#97090000
1!
1A
1I
1J
1@
1Z
1V
1R
1N
0F
1.
0K
0G
0O
0S
1W
#97100000
0!
0A
#97110000
1!
1A
1X
0T
0P
0L
0I
0J
0M
0Q
0U
1Y
1<
0=
0>
0?
0@
0Z
0R
0N
1F
0.
0-
0,
0+
1*
0[
1G
1[
#97120000
0!
0A
#97130000
1!
1A
1I
1J
1@
1N
0F
1.
1K
0G
#97140000
0!
0A
#97150000
1!
1A
1L
0I
0J
1M
1?
0@
0N
1F
0.
1-
1O
1G
0O
#97160000
0!
0A
#97170000
1!
1A
1I
1J
1@
1R
1N
0F
1.
0K
0G
1O
#97180000
0!
0A
#97190000
1!
1A
1P
0L
0I
0J
0M
1Q
1>
0?
0@
0R
0N
1F
0.
0-
1,
1S
1G
0S
#97200000
0!
0A
#97210000
1!
1A
1I
1J
1@
1N
0F
1.
1K
0G
#97220000
0!
0A
#97230000
1!
1A
1L
0I
0J
1M
1?
0@
0N
1F
0.
1-
0O
1G
1O
#97240000
0!
0A
#97250000
1!
1A
1I
1J
1@
1R
1N
0F
1.
0K
0G
0O
1S
#97260000
0!
0A
#97270000
1!
1A
1T
0P
0L
0I
0J
0M
0Q
1U
1=
0>
0?
0@
0R
0N
1F
0.
0-
0,
1+
1G
#97280000
0!
0A
#97290000
1!
1A
1I
1J
1@
1N
0F
1.
1K
0G
#97300000
0!
0A
#97310000
1!
1A
1L
0I
0J
1M
1?
0@
0N
1F
0.
1-
1O
1G
0O
#97320000
0!
0A
#97330000
1!
1A
1I
1J
1@
1R
1N
0F
1.
0K
0G
1O
#97340000
0!
0A
#97350000
1!
1A
1P
0L
0I
0J
0M
1Q
1>
0?
0@
0R
0N
1F
0.
0-
1,
0S
1G
1S
#97360000
0!
0A
#97370000
1!
1A
1I
1J
1@
1N
0F
1.
1K
0G
#97380000
0!
0A
#97390000
1!
1A
1L
0I
0J
1M
1?
0@
0N
1F
0.
1-
0O
1G
1O
#97400000
0!
0A
#97410000
1!
1A
1I
1J
1@
1^
1Z
0V
1R
1N
0F
1.
0K
0G
0O
0S
0W
0[
1e
0b
0_
#97420000
0!
0A
#97430000
1!
1A
1f
0c
0`
0\
0X
0T
0P
0L
0I
0J
0M
0Q
0U
0Y
0]
0a
0d
1g
18
09
0:
0;
0<
0=
0>
0?
0@
0^
0Z
0R
0N
1F
0.
0-
0,
0+
0*
0)
0(
0'
1&
1G
#97440000
0!
0A
#97450000
1!
1A
1I
1J
1@
1N
0F
1.
1K
0G
#97460000
0!
0A
#97470000
1!
1A
1L
0I
0J
1M
1?
0@
0N
1F
0.
1-
1O
1G
0O
#97480000
0!
0A
#97490000
1!
1A
1I
1J
1@
1R
1N
0F
1.
0K
0G
1O
#97500000
0!
0A
#97510000
1!
1A
1P
0L
0I
0J
0M
1Q
1>
0?
0@
0R
0N
1F
0.
0-
1,
1S
1G
0S
#97520000
0!
0A
#97530000
1!
1A
1I
1J
1@
1N
0F
1.
1K
0G
#97540000
0!
0A
#97550000
1!
1A
1L
0I
0J
1M
1?
0@
0N
1F
0.
1-
0O
1G
1O
#97560000
0!
0A
#97570000
1!
1A
1I
1J
1@
1R
1N
0F
1.
0K
0G
0O
1S
#97580000
0!
0A
#97590000
1!
1A
1T
0P
0L
0I
0J
0M
0Q
1U
1=
0>
0?
0@
0R
0N
1F
0.
0-
0,
1+
1G
#97600000
0!
0A
#97610000
1!
1A
1I
1J
1@
1N
0F
1.
1K
0G
#97620000
0!
0A
#97630000
1!
1A
1L
0I
0J
1M
1?
0@
0N
1F
0.
1-
1O
1G
0O
#97640000
0!
0A
#97650000
1!
1A
1I
1J
1@
1R
1N
0F
1.
0K
0G
1O
#97660000
0!
0A
#97670000
1!
1A
1P
0L
0I
0J
0M
1Q
1>
0?
0@
0R
0N
1F
0.
0-
1,
0S
1G
1S
#97680000
0!
0A
#97690000
1!
1A
1I
1J
1@
1N
0F
1.
1K
0G
#97700000
0!
0A
#97710000
1!
1A
1L
0I
0J
1M
1?
0@
0N
1F
0.
1-
0O
1G
1O
#97720000
0!
0A
#97730000
1!
1A
1I
1J
1@
1Z
1V
1R
1N
0F
1.
0K
0G
0O
0S
1W
#97740000
0!
0A
#97750000
1!
1A
1X
0T
0P
0L
0I
0J
0M
0Q
0U
1Y
1<
0=
0>
0?
0@
0Z
0R
0N
1F
0.
0-
0,
0+
1*
1[
1G
0[
#97760000
0!
0A
#97770000
1!
1A
1I
1J
1@
1N
0F
1.
1K
0G
#97780000
0!
0A
#97790000
1!
1A
1L
0I
0J
1M
1?
0@
0N
1F
0.
1-
1O
1G
0O
#97800000
0!
0A
#97810000
1!
1A
1I
1J
1@
1R
1N
0F
1.
0K
0G
1O
#97820000
0!
0A
#97830000
1!
1A
1P
0L
0I
0J
0M
1Q
1>
0?
0@
0R
0N
1F
0.
0-
1,
1S
1G
0S
#97840000
0!
0A
#97850000
1!
1A
1I
1J
1@
1N
0F
1.
1K
0G
#97860000
0!
0A
#97870000
1!
1A
1L
0I
0J
1M
1?
0@
0N
1F
0.
1-
0O
1G
1O
#97880000
0!
0A
#97890000
1!
1A
1I
1J
1@
1R
1N
0F
1.
0K
0G
0O
1S
#97900000
0!
0A
#97910000
1!
1A
1T
0P
0L
0I
0J
0M
0Q
1U
1=
0>
0?
0@
0R
0N
1F
0.
0-
0,
1+
1G
#97920000
0!
0A
#97930000
1!
1A
1I
1J
1@
1N
0F
1.
1K
0G
#97940000
0!
0A
#97950000
1!
1A
1L
0I
0J
1M
1?
0@
0N
1F
0.
1-
1O
1G
0O
#97960000
0!
0A
#97970000
1!
1A
1I
1J
1@
1R
1N
0F
1.
0K
0G
1O
#97980000
0!
0A
#97990000
1!
1A
1P
0L
0I
0J
0M
1Q
1>
0?
0@
0R
0N
1F
0.
0-
1,
0S
1G
1S
#98000000
0!
0A
#98010000
1!
1A
1I
1J
1@
1N
0F
1.
1K
0G
#98020000
0!
0A
#98030000
1!
1A
1L
0I
0J
1M
1?
0@
0N
1F
0.
1-
0O
1G
1O
#98040000
0!
0A
#98050000
1!
1A
1I
1J
1@
1^
1Z
0V
1R
1N
0F
1.
0K
0G
0O
0S
0W
1[
#98060000
0!
0A
#98070000
1!
1A
1\
0X
0T
0P
0L
0I
0J
0M
0Q
0U
0Y
1]
1;
0<
0=
0>
0?
0@
1h
0^
0Z
0R
0N
1F
0.
0-
0,
0+
0*
1)
1_
1G
0_
#98080000
0!
0A
#98090000
1!
1A
1I
1J
1@
1N
0F
1.
1K
0G
#98100000
0!
0A
#98110000
1!
1A
1L
0I
0J
1M
1?
0@
0N
1F
0.
1-
1O
1G
0O
#98120000
0!
0A
#98130000
1!
1A
1I
1J
1@
1R
1N
0F
1.
0K
0G
1O
#98140000
0!
0A
#98150000
1!
1A
1P
0L
0I
0J
0M
1Q
1>
0?
0@
0R
0N
1F
0.
0-
1,
1S
1G
0S
#98160000
0!
0A
#98170000
1!
1A
1I
1J
1@
1N
0F
1.
1K
0G
#98180000
0!
0A
#98190000
1!
1A
1L
0I
0J
1M
1?
0@
0N
1F
0.
1-
0O
1G
1O
#98200000
0!
0A
#98210000
1!
1A
1I
1J
1@
1R
1N
0F
1.
0K
0G
0O
1S
#98220000
0!
0A
#98230000
1!
1A
1T
0P
0L
0I
0J
0M
0Q
1U
1=
0>
0?
0@
0R
0N
1F
0.
0-
0,
1+
1G
#98240000
0!
0A
#98250000
1!
1A
1I
1J
1@
1N
0F
1.
1K
0G
#98260000
0!
0A
#98270000
1!
1A
1L
0I
0J
1M
1?
0@
0N
1F
0.
1-
1O
1G
0O
#98280000
0!
0A
#98290000
1!
1A
1I
1J
1@
1R
1N
0F
1.
0K
0G
1O
#98300000
0!
0A
#98310000
1!
1A
1P
0L
0I
0J
0M
1Q
1>
0?
0@
0R
0N
1F
0.
0-
1,
0S
1G
1S
#98320000
0!
0A
#98330000
1!
1A
1I
1J
1@
1N
0F
1.
1K
0G
#98340000
0!
0A
#98350000
1!
1A
1L
0I
0J
1M
1?
0@
0N
1F
0.
1-
0O
1G
1O
#98360000
0!
0A
#98370000
1!
1A
1I
1J
1@
1Z
1V
1R
1N
0F
1.
0K
0G
0O
0S
1W
#98380000
0!
0A
#98390000
1!
1A
1X
0T
0P
0L
0I
0J
0M
0Q
0U
1Y
1<
0=
0>
0?
0@
0Z
0R
0N
1F
0.
0-
0,
0+
1*
0[
1G
1[
#98400000
0!
0A
#98410000
1!
1A
1I
1J
1@
1N
0F
1.
1K
0G
#98420000
0!
0A
#98430000
1!
1A
1L
0I
0J
1M
1?
0@
0N
1F
0.
1-
1O
1G
0O
#98440000
0!
0A
#98450000
1!
1A
1I
1J
1@
1R
1N
0F
1.
0K
0G
1O
#98460000
0!
0A
#98470000
1!
1A
1P
0L
0I
0J
0M
1Q
1>
0?
0@
0R
0N
1F
0.
0-
1,
1S
1G
0S
#98480000
0!
0A
#98490000
1!
1A
1I
1J
1@
1N
0F
1.
1K
0G
#98500000
0!
0A
#98510000
1!
1A
1L
0I
0J
1M
1?
0@
0N
1F
0.
1-
0O
1G
1O
#98520000
0!
0A
#98530000
1!
1A
1I
1J
1@
1R
1N
0F
1.
0K
0G
0O
1S
#98540000
0!
0A
#98550000
1!
1A
1T
0P
0L
0I
0J
0M
0Q
1U
1=
0>
0?
0@
0R
0N
1F
0.
0-
0,
1+
1G
#98560000
0!
0A
#98570000
1!
1A
1I
1J
1@
1N
0F
1.
1K
0G
#98580000
0!
0A
#98590000
1!
1A
1L
0I
0J
1M
1?
0@
0N
1F
0.
1-
1O
1G
0O
#98600000
0!
0A
#98610000
1!
1A
1I
1J
1@
1R
1N
0F
1.
0K
0G
1O
#98620000
0!
0A
#98630000
1!
1A
1P
0L
0I
0J
0M
1Q
1>
0?
0@
0R
0N
1F
0.
0-
1,
0S
1G
1S
#98640000
0!
0A
#98650000
1!
1A
1I
1J
1@
1N
0F
1.
1K
0G
#98660000
0!
0A
#98670000
1!
1A
1L
0I
0J
1M
1?
0@
0N
1F
0.
1-
0O
1G
1O
#98680000
0!
0A
#98690000
1!
1A
1I
1J
1@
1^
1Z
0V
1R
1N
0F
1.
0K
0G
0O
0S
0W
0[
1_
#98700000
0!
0A
#98710000
1!
1A
1`
0\
0X
0T
0P
0L
0I
0J
0M
0Q
0U
0Y
0]
1a
1:
0;
0<
0=
0>
0?
0@
0h
0^
0Z
0R
0N
1F
0.
0-
0,
0+
0*
0)
1(
1G
#98720000
0!
0A
#98730000
1!
1A
1I
1J
1@
1N
0F
1.
1K
0G
#98740000
0!
0A
#98750000
1!
1A
1L
0I
0J
1M
1?
0@
0N
1F
0.
1-
1O
1G
0O
#98760000
0!
0A
#98770000
1!
1A
1I
1J
1@
1R
1N
0F
1.
0K
0G
1O
#98780000
0!
0A
#98790000
1!
1A
1P
0L
0I
0J
0M
1Q
1>
0?
0@
0R
0N
1F
0.
0-
1,
1S
1G
0S
#98800000
0!
0A
#98810000
1!
1A
1I
1J
1@
1N
0F
1.
1K
0G
#98820000
0!
0A
#98830000
1!
1A
1L
0I
0J
1M
1?
0@
0N
1F
0.
1-
0O
1G
1O
#98840000
0!
0A
#98850000
1!
1A
1I
1J
1@
1R
1N
0F
1.
0K
0G
0O
1S
#98860000
0!
0A
#98870000
1!
1A
1T
0P
0L
0I
0J
0M
0Q
1U
1=
0>
0?
0@
0R
0N
1F
0.
0-
0,
1+
1G
#98880000
0!
0A
#98890000
1!
1A
1I
1J
1@
1N
0F
1.
1K
0G
#98900000
0!
0A
#98910000
1!
1A
1L
0I
0J
1M
1?
0@
0N
1F
0.
1-
1O
1G
0O
#98920000
0!
0A
#98930000
1!
1A
1I
1J
1@
1R
1N
0F
1.
0K
0G
1O
#98940000
0!
0A
#98950000
1!
1A
1P
0L
0I
0J
0M
1Q
1>
0?
0@
0R
0N
1F
0.
0-
1,
0S
1G
1S
#98960000
0!
0A
#98970000
1!
1A
1I
1J
1@
1N
0F
1.
1K
0G
#98980000
0!
0A
#98990000
1!
1A
1L
0I
0J
1M
1?
0@
0N
1F
0.
1-
0O
1G
1O
#99000000
0!
0A
#99010000
1!
1A
1I
1J
1@
1Z
1V
1R
1N
0F
1.
0K
0G
0O
0S
1W
#99020000
0!
0A
#99030000
1!
1A
1X
0T
0P
0L
0I
0J
0M
0Q
0U
1Y
1<
0=
0>
0?
0@
0Z
0R
0N
1F
0.
0-
0,
0+
1*
1[
1G
0[
#99040000
0!
0A
#99050000
1!
1A
1I
1J
1@
1N
0F
1.
1K
0G
#99060000
0!
0A
#99070000
1!
1A
1L
0I
0J
1M
1?
0@
0N
1F
0.
1-
1O
1G
0O
#99080000
0!
0A
#99090000
1!
1A
1I
1J
1@
1R
1N
0F
1.
0K
0G
1O
#99100000
0!
0A
#99110000
1!
1A
1P
0L
0I
0J
0M
1Q
1>
0?
0@
0R
0N
1F
0.
0-
1,
1S
1G
0S
#99120000
0!
0A
#99130000
1!
1A
1I
1J
1@
1N
0F
1.
1K
0G
#99140000
0!
0A
#99150000
1!
1A
1L
0I
0J
1M
1?
0@
0N
1F
0.
1-
0O
1G
1O
#99160000
0!
0A
#99170000
1!
1A
1I
1J
1@
1R
1N
0F
1.
0K
0G
0O
1S
#99180000
0!
0A
#99190000
1!
1A
1T
0P
0L
0I
0J
0M
0Q
1U
1=
0>
0?
0@
0R
0N
1F
0.
0-
0,
1+
1G
#99200000
0!
0A
#99210000
1!
1A
1I
1J
1@
1N
0F
1.
1K
0G
#99220000
0!
0A
#99230000
1!
1A
1L
0I
0J
1M
1?
0@
0N
1F
0.
1-
1O
1G
0O
#99240000
0!
0A
#99250000
1!
1A
1I
1J
1@
1R
1N
0F
1.
0K
0G
1O
#99260000
0!
0A
#99270000
1!
1A
1P
0L
0I
0J
0M
1Q
1>
0?
0@
0R
0N
1F
0.
0-
1,
0S
1G
1S
#99280000
0!
0A
#99290000
1!
1A
1I
1J
1@
1N
0F
1.
1K
0G
#99300000
0!
0A
#99310000
1!
1A
1L
0I
0J
1M
1?
0@
0N
1F
0.
1-
0O
1G
1O
#99320000
0!
0A
#99330000
1!
1A
1I
1J
1@
1^
1Z
0V
1R
1N
0F
1.
0K
0G
0O
0S
0W
1[
#99340000
0!
0A
#99350000
1!
1A
1\
0X
0T
0P
0L
0I
0J
0M
0Q
0U
0Y
1]
1;
0<
0=
0>
0?
0@
1h
0^
0Z
0R
0N
1F
0.
0-
0,
0+
0*
1)
1b
0_
1G
0b
1_
#99360000
0!
0A
#99370000
1!
1A
1I
1J
1@
1N
0F
1.
1K
0G
#99380000
0!
0A
#99390000
1!
1A
1L
0I
0J
1M
1?
0@
0N
1F
0.
1-
1O
1G
0O
#99400000
0!
0A
#99410000
1!
1A
1I
1J
1@
1R
1N
0F
1.
0K
0G
1O
#99420000
0!
0A
#99430000
1!
1A
1P
0L
0I
0J
0M
1Q
1>
0?
0@
0R
0N
1F
0.
0-
1,
1S
1G
0S
#99440000
0!
0A
#99450000
1!
1A
1I
1J
1@
1N
0F
1.
1K
0G
#99460000
0!
0A
#99470000
1!
1A
1L
0I
0J
1M
1?
0@
0N
1F
0.
1-
0O
1G
1O
#99480000
0!
0A
#99490000
1!
1A
1I
1J
1@
1R
1N
0F
1.
0K
0G
0O
1S
#99500000
0!
0A
#99510000
1!
1A
1T
0P
0L
0I
0J
0M
0Q
1U
1=
0>
0?
0@
0R
0N
1F
0.
0-
0,
1+
1G
#99520000
0!
0A
#99530000
1!
1A
1I
1J
1@
1N
0F
1.
1K
0G
#99540000
0!
0A
#99550000
1!
1A
1L
0I
0J
1M
1?
0@
0N
1F
0.
1-
1O
1G
0O
#99560000
0!
0A
#99570000
1!
1A
1I
1J
1@
1R
1N
0F
1.
0K
0G
1O
#99580000
0!
0A
#99590000
1!
1A
1P
0L
0I
0J
0M
1Q
1>
0?
0@
0R
0N
1F
0.
0-
1,
0S
1G
1S
#99600000
0!
0A
#99610000
1!
1A
1I
1J
1@
1N
0F
1.
1K
0G
#99620000
0!
0A
#99630000
1!
1A
1L
0I
0J
1M
1?
0@
0N
1F
0.
1-
0O
1G
1O
#99640000
0!
0A
#99650000
1!
1A
1I
1J
1@
1Z
1V
1R
1N
0F
1.
0K
0G
0O
0S
1W
#99660000
0!
0A
#99670000
1!
1A
1X
0T
0P
0L
0I
0J
0M
0Q
0U
1Y
1<
0=
0>
0?
0@
0Z
0R
0N
1F
0.
0-
0,
0+
1*
0[
1G
1[
#99680000
0!
0A
#99690000
1!
1A
1I
1J
1@
1N
0F
1.
1K
0G
#99700000
0!
0A
#99710000
1!
1A
1L
0I
0J
1M
1?
0@
0N
1F
0.
1-
1O
1G
0O
#99720000
0!
0A
#99730000
1!
1A
1I
1J
1@
1R
1N
0F
1.
0K
0G
1O
#99740000
0!
0A
#99750000
1!
1A
1P
0L
0I
0J
0M
1Q
1>
0?
0@
0R
0N
1F
0.
0-
1,
1S
1G
0S
#99760000
0!
0A
#99770000
1!
1A
1I
1J
1@
1N
0F
1.
1K
0G
#99780000
0!
0A
#99790000
1!
1A
1L
0I
0J
1M
1?
0@
0N
1F
0.
1-
0O
1G
1O
#99800000
0!
0A
#99810000
1!
1A
1I
1J
1@
1R
1N
0F
1.
0K
0G
0O
1S
#99820000
0!
0A
#99830000
1!
1A
1T
0P
0L
0I
0J
0M
0Q
1U
1=
0>
0?
0@
0R
0N
1F
0.
0-
0,
1+
1G
#99840000
0!
0A
#99850000
1!
1A
1I
1J
1@
1N
0F
1.
1K
0G
#99860000
0!
0A
#99870000
1!
1A
1L
0I
0J
1M
1?
0@
0N
1F
0.
1-
1O
1G
0O
#99880000
0!
0A
#99890000
1!
1A
1I
1J
1@
1R
1N
0F
1.
0K
0G
1O
#99900000
0!
0A
#99910000
1!
1A
1P
0L
0I
0J
0M
1Q
1>
0?
0@
0R
0N
1F
0.
0-
1,
0S
1G
1S
#99920000
0!
0A
#99930000
1!
1A
1I
1J
1@
1N
0F
1.
1K
0G
#99940000
0!
0A
#99950000
1!
1A
1L
0I
0J
1M
1?
0@
0N
1F
0.
1-
0O
1G
1O
#99960000
0!
0A
#99970000
1!
1A
1I
1J
1@
1^
1Z
0V
1R
1N
0F
1.
0K
0G
0O
0S
0W
0[
1b
0_
#99980000
0!
0A
#99990000
1!
1A
1c
0`
0\
0X
0T
0P
0L
0I
0J
0M
0Q
0U
0Y
0]
0a
1d
19
0:
0;
0<
0=
0>
0?
0@
0h
0^
0Z
0R
0N
1F
0.
0-
0,
0+
0*
0)
0(
1'
1G
#100000000
